:020000040800F2
:10000000E80101208D58000813B70108795800084D
:100010007958000879580008795800080000000055
:10002000000000000000000000000000C1580008AF
:100030007958000800000000B15A000881900008BB
:10004000415B0008415B0008415B0008415B000820
:10005000415B0008415B0008415B0008415B000810
:10006000415B0008415B0008415B0008415B000800
:10007000415B0008415B0008415B0008415B0008F0
:10008000415B0008415B0008415B0008415B0008E0
:10009000415B0008415B0008415B0008415B0008D0
:1000A000415B0008415B0008415B0008415B0008C0
:1000B000415B0008415B0008415B0008415B0008B0
:1000C000415B0008415B0008415B0008415B0008A0
:1000D000415B0008415B0008415B0008415B000890
:1000E000415B0008415B0008415B0008415B000880
:1000F000415B0008415B0008415B0008415B000870
:10010000415B0008415B0008415B0008415B00085F
:10011000415B0008415B0008415B0008415B00084F
:10012000415B0008415B0008415B0008415B00083F
:10013000415B0008415B0008415B0008415B00082F
:10014000415B0008415B0008415B0008415B00081F
:10015000415B0008415B0008415B0008415B00080F
:08016000415B0008415B00084F
:1001700001F0FF01102A2BDB10F0070F08D010F858
:10018000013B013A8B422DD010F0070F42B3F6D15C
:10019000F0B441EA012141EA014122F007047FF075
:1001A00000070023F0E80256083C85EA010586EACC
:1001B000010685FA47F5A3FA87F586FA47F6A5FA08
:1001C00087F68EB9EED1F0BC01F0FF0102F0070214
:1001D00032B110F8013B013A83EA010313B1F8D1BF
:1001E0000020704701387047002D06BF35460338A0
:1001F000073815F0010F07D1013015F4807F02BFD9
:10020000013015F4C03F0130F0BC0138704700BF29
:1002100081F0004102E000BF83F0004330B54FEAB7
:1002200041044FEA430594EA050F08BF90EA020F24
:100230001FBF54EA000C55EA020C7FEA645C7FEAB7
:10024000655C00F0E2804FEA5454D4EB5555B8BFDA
:100250006D420CDD2C4480EA020281EA030382EA4B
:10026000000083EA010180EA020281EA0303362DDD
:1002700088BF30BD11F0004F4FEA01314FF4801CB0
:100280004CEA113102D0404261EB410113F0004FC2
:100290004FEA03334CEA133302D0524263EB430379
:1002A00094EA050F00F0A780A4F10104D5F1200E17
:1002B0000DDB02FA0EFC22FA05F2801841F1000172
:1002C00003FA0EF2801843FA05F359410EE0A5F146
:1002D00020050EF1200E012A03FA0EFC28BF4CF077
:1002E000020C43FA05F3C01851EBE37101F000452D
:1002F00007D54FF0000EDCF1000C7EEB00006EEB3A
:100300000101B1F5801F1BD3B1F5001F0CD34908C3
:100310005FEA30004FEA3C0C04F101044FEA44521A
:1003200012F5800F80F09A80BCF1004F08BF5FEAA1
:10033000500C50F1000041EB045141EA050130BD81
:100340005FEA4C0C404141EB0101013C28BFB1F593
:10035000801FE9D291F0000F04BF01460020B1FADE
:1003600081F308BF2033A3F10B03B3F120020CDAB1
:100370000C3208DD02F1140CC2F10C0201FA0CF08F
:1003800021FA02F10CE002F11402D8BFC2F1200CF4
:1003900001FA02F120FA0CFCDCBF41EA0C019040AA
:1003A000E41AA2BF01EB0451294330BD6FEA0404F3
:1003B0001F3C1CDA0C340EDC04F11404C4F12002DE
:1003C00020FA04F001FA02F340EA030021FA04F3F0
:1003D00045EA030130BDC4F10C04C4F1200220FA47
:1003E00002F001FA04F340EA0300294630BD21FA85
:1003F00004F0294630BD94F0000F83F4801306BF4B
:1004000081F480110134013D4EE77FEA645C18BF3E
:100410007FEA655C29D094EA050F08BF90EA020FD5
:1004200005D054EA000C04BF1946104630BD91EACD
:10043000030F1EBF0021002030BD5FEA545C05D1D0
:100440004000494128BF41F0004130BD14F580040F
:100450003CBF01F5801130BD01F0004545F0FE4183
:1004600041F470014FF0000030BD7FEA645C1ABFB8
:10047000194610467FEA655C1CBF0B46024650EAEF
:10048000013406BF52EA033591EA030F41F400211B
:1004900030BD00BF90F0000F04BF0021704730B5A1
:1004A0004FF4806404F132044FF000054FF0000176
:1004B00050E700BF90F0000F04BF0021704730B537
:1004C0004FF4806404F1320410F0004548BF40420C
:1004D0004FF000013EE700BF42004FEAE2014FEA61
:1004E00031014FEA02701FBF12F07F4393F07F4F3C
:1004F00081F06051704732F07F4208BF704793F03F
:100500007F4F04BF41F40021704730B54FF4607451
:1005100001F0004521F000411CE700BF50EA010254
:1005200008BF704730B54FF000050AE050EA0102FD
:1005300008BF704730B511F0004502D5404261EB6D
:1005400041014FF4806404F132045FEA915C3FF4AE
:10055000D8AE4FF003025FEADC0C18BF03325FEA4B
:10056000DC0C18BF033202EBDC02C2F1200300FAFC
:1005700003FC20FA02F001FA03FE40EA0E0021FA21
:1005800002F11444BDE600BF70B54FF0FF0C4CF40F
:10059000E06C1CEA11541DBF1CEA135594EA0C0FC1
:1005A00095EA0C0F00F0DEF82C4481EA030621EAFC
:1005B0004C5123EA4C5350EA013518BF52EA033537
:1005C00041F4801143F4801338D0A0FB02CE4FF0E9
:1005D0000005E1FB02E506F00042E0FB03E54FF019
:1005E0000006E1FB03569CF0000F18BF4EF0010E11
:1005F000A4F1FF04B6F5007F64F5407404D25FEA0D
:100600004E0E6D4146EB060642EAC62141EA5551BF
:100610004FEAC52040EA5E504FEACE2EB4F1FD0C01
:1006200088BFBCF5E06F1ED8BEF1004F08BF5FEA7F
:10063000500E50F1000041EB045170BD06F0004631
:1006400046EA010140EA020081EA0301B4EB5C04DE
:10065000C2BFD4EB0C0541EA045170BD41F48011D6
:100660004FF0000E013C00F3AB8014F1360FDEBFFB
:10067000002001F0004170BDC4F10004203C35DAD7
:100680000C341BDC04F11404C4F1200500FA05F35A
:1006900020FA04F001FA05F240EA020001F00042FB
:1006A00021F0004110EBD37021FA04F642EB060171
:1006B0005EEA430E08BF20EAD37070BDC4F10C049B
:1006C000C4F1200500FA04F320FA05F001FA04F25F
:1006D00040EA020001F0004110EBD37041F100014B
:1006E0005EEA430E08BF20EAD37070BDC4F1200556
:1006F00000FA05F24EEA020E20FA04F301FA05F2BE
:1007000043EA020321FA04F001F0004121FA04F265
:1007100020EA020000EBD3705EEA430E08BF20EA35
:10072000D37070BD94F0000F0FD101F0004640006F
:1007300041EB010111F4801F08BF013CF7D041EAF1
:10074000060195F0000F18BF704703F000465200F5
:1007500043EB030313F4801F08BF013DF7D043EAC6
:100760000603704794EA0C0F0CEA135518BF95EA7C
:100770000C0F0CD050EA410618BF52EA4306D1D103
:1007800081EA030101F000414FF0000070BD50EA22
:10079000410606BF1046194652EA430619D094EAAC
:1007A0000C0F02D150EA013613D195EA0C0F05D196
:1007B00052EA03361CBF104619460AD181EA0301EA
:1007C00001F0004141F0FE4141F470014FF00000A2
:1007D00070BD41F0FE4141F4780170BD70B54FF03D
:1007E000FF0C4CF4E06C1CEA11541DBF1CEA1355BD
:1007F00094EA0C0F95EA0C0F00F0A7F8A4EB05049F
:1008000081EA030E52EA03354FEA013100F0888095
:100810004FEA03334FF0805545EA131343EA12635E
:100820004FEA022245EA111545EA10654FEA002613
:100830000EF000419D4208BF964244F1FD0404F5CC
:10084000407402D25B084FEA3202B61A65EB030528
:100850005B084FEA32024FF480104FF4002CB6EBE5
:10086000020E75EB030E22BFB61A754640EA0C0065
:100870005B084FEA3202B6EB020E75EB030E22BFA5
:10088000B61A754640EA5C005B084FEA3202B6EBE6
:10089000020E75EB030E22BFB61A754640EA9C00A5
:1008A0005B084FEA3202B6EB020E75EB030E22BF75
:1008B000B61A754640EADC0055EA060E18D04FEA33
:1008C000051545EA16754FEA06164FEAC30343EAD3
:1008D00052734FEAC2025FEA1C1CC0D111F4801FA0
:1008E0000BD141EA00014FF000004FF0004CB6E799
:1008F00011F4801F04BF01430020B4F1FD0C88BF38
:10090000BCF5E06F3FF6AFAEB5EB030C04BFB6EB42
:10091000020C5FEA500C50F1000041EB045170BD35
:100920000EF0004E4EEA113114EB5C04C2BFD4EB62
:100930000C0541EA045170BD41F480114FF0000EE6
:10094000013C90E645EA060E8DE60CEA135594EA62
:100950000C0F08BF95EA0C0F3FF43BAF94EA0C0F65
:100960000AD150EA01347FF434AF95EA0C0F7FF4DA
:1009700025AF104619462CE795EA0C0F06D152EA2E
:1009800003353FF4FDAE1046194622E750EA410612
:1009900018BF52EA43067FF4C5AE50EA41047FF423
:1009A0000DAF52EA43057FF4EBAE12E74FEA410286
:1009B00012F5001215D211D56FF47873B3EB6252B1
:1009C00012D94FEAC12343F0004343EA505311F0D8
:1009D000004F23FA02F018BF404270474FF000006A
:1009E000704750EA013005D111F0004008BF6FF0A8
:1009F000004070474FF00000704700BF80F000409B
:100A000002E000BF81F0004142001FBF5FEA4103E6
:100A100092EA030F7FEA226C7FEA236C6AD04FEAE6
:100A20001262D2EB1363C1BFD2184140484041402B
:100A3000B8BF5B42192B88BF704710F0004F40F4DD
:100A4000000020F07F4018BF404211F0004F41F4F9
:100A5000000121F07F4118BF494292EA030F3FD0C5
:100A6000A2F1010241FA03FC10EB0C00C3F12003D8
:100A700001FA03F100F0004302D5494260EB400067
:100A8000B0F5000F13D3B0F1807F06D340084FEAD2
:100A9000310102F10102FE2A51D2B1F1004F40EBC7
:100AA000C25008BF20F0010040EA0300704749002F
:100AB00040EB0000013A28BFB0F5000FEDD2B0FACC
:100AC00080FCACF1080CB2EB0C0200FA0CF0AABFEF
:100AD00000EBC25052421843BCBFD040184370478D
:100AE00092F0000F81F4000106BF80F40000013293
:100AF000013BB5E74FEA41037FEA226C18BF7FEA6A
:100B0000236C21D092EA030F04D092F0000F08BFAB
:100B10000846704790EA010F1CBF0020704712F092
:100B20007F4F04D1400028BF40F00040704712F1D1
:100B300000723CBF00F50000704700F0004343F036
:100B4000FE4040F4000070477FEA226216BF08466C
:100B50007FEA23630146420206BF5FEA412390EA2F
:100B6000010F40F4800070474FF0000304E000BF25
:100B700010F0004348BF40425FEA000C08BF7047D6
:100B800043F0964301464FF000001CE050EA01029A
:100B900008BF70474FF000030AE000BF50EA0102AF
:100BA00008BF704711F0004302D5404261EB41019C
:100BB0005FEA010C02BF84460146002043F0B643C1
:100BC00008BFA3F18053A3F50003BCFA8CF2083AE6
:100BD000A3EBC25310DB01FA02FC634400FA02FCEF
:100BE000C2F12002BCF1004F20FA02F243EB0200F6
:100BF00008BF20F00100704702F1200201FA02FC58
:100C0000C2F1200250EA4C0021FA02F243EB02004A
:100C100008BF20EADC7070474FF0FF0C1CEAD0528E
:100C20001EBF1CEAD15392EA0C0F93EA0C0F6FD04F
:100C30001A4480EA010C400218BF5FEA41211ED02D
:100C40004FF0006343EA501043EA5111A0FB013119
:100C50000CF00040B1F5000F3EBF490041EAD371EE
:100C60005B0040EA010062F17F02FD2A1DD8B3F16A
:100C7000004F40EBC25008BF20F00100704790F0D9
:100C8000000F0CF0004C08BF49024CEA502040EA2B
:100C900051207F3AC2BFD2F1FF0340EAC2507047F1
:100CA00040F400004FF00003013A5DDC12F1190F2F
:100CB000DCBF00F000407047C2F10002410021FAA1
:100CC00002F1C2F1200200FA02FC5FEA310040F1B9
:100CD000000053EA4C0308BF20EADC70704792F032
:100CE000000F00F0004C02BF400010F4000F013A6A
:100CF000F9D040EA0C0093F0000F01F0004C02BF65
:100D0000490011F4000F013BF9D041EA0C018FE7D3
:100D10000CEAD15392EA0C0F18BF93EA0C0F0AD0D9
:100D200030F0004C18BF31F0004CD8D180EA0100FF
:100D300000F00040704790F0000F17BF90F0004F98
:100D4000084691F0000F91F0004F14D092EA0C0F7A
:100D500001D142020FD193EA0C0F03D14B0218BF0D
:100D6000084608D180EA010000F0004040F0FE4053
:100D700040F40000704740F0FE4040F440007047EF
:100D80004FF0FF0C1CEAD0521EBF1CEAD15392EA6E
:100D90000C0F93EA0C0F69D0A2EB030280EA010C5E
:100DA00049024FEA402037D04FF0805343EA1111F7
:100DB00043EA10130CF000408B4238BF5B0042F155
:100DC0007D024FF4000C8B4224BF5B1A40EA0C00FA
:100DD000B3EB510F24BFA3EB510340EA5C00B3EB2C
:100DE000910F24BFA3EB910340EA9C00B3EBD10F1A
:100DF00024BFA3EBD10340EADC001B0118BF5FEA6C
:100E00001C1CE0D1FD2A3FF650AF8B4240EBC25094
:100E100008BF20F0010070470CF0004C4CEA502055
:100E20007F32C2BFD2F1FF0340EAC250704740F4A4
:100E300000004FF00003013A37E792F0000F00F096
:100E4000004C02BF400010F4000F013AF9D040EA14
:100E50000C0093F0000F01F0004C02BF490011F4A8
:100E6000000F013BF9D041EA0C0195E70CEAD153A0
:100E700092EA0C0F08D142027FF47DAF93EA0C0F87
:100E80007FF470AF084676E793EA0C0F04D14B026B
:100E90003FF44CAF08466EE730F0004C18BF31F01D
:100EA000004CCAD130F000427FF45CAF31F0004317
:100EB0007FF43CAF5FE700BF4FEA4002B2F1FE4F64
:100EC0000FD34FF09E03B3EB12620DD94FEA00230C
:100ED00043F0004310F0004F23FA02F018BF4042E5
:100EE00070474FF00000704712F1610F01D14202CC
:100EF00005D110F0004008BF6FF0004070474FF080
:100F0000000070477BB972B90029BEBF00204FF0C6
:100F1000004106E008BF00281CBF6FF000414FF001
:100F2000FF3000F057B8ADF1080C6DE904CE002990
:100F300009DB002B1ADB00F07CF8DDF804E0DDE9CA
:100F4000022304B07047404261EB4101002B1BDBE0
:100F500000F06FF8DDF804E0DDE9022304B0404260
:100F600061EB4101524263EB43037047524263EB32
:100F7000430300F05EF8DDF804E0DDE9022304B08D
:100F8000404261EB41017047524263EB430300F082
:100F900050F8DDF804E0DDE9022304B0524263EBCF
:100FA0004303704753B94AB9002908BF00281CBF42
:100FB0004FF0FF314FF0FF3000F00CB8ADF1080CEE
:100FC0006DE904CE00F035F8DDF804E0DDE9022338
:100FD00004B07047704700BF10F8012B11F8013BB7
:100FE000012A28BF9A42F7D0D01A7047034611F859
:100FF000012B03F8012B002AF9D17047034613F89F
:10100000012B002AFBD1181A01387047430803F05E
:101010005533C01A00F03333800800F033301844E1
:1010200000EB10104FF0013300F00F305843000E6A
:1010300070472DE9F0478C468E46089E15460446BB
:101040001946002B40F0D080724547D9B2FA82F79A
:101050004FB1C7F120030EFA07FC20FA03F3BD409D
:1010600043EA0C0CBC404FEA154EA8B2BCFBFEF89C
:10107000230C0EFB18CC08FB00F943EA0C439945FE
:1010800028D9EB1808F1FF3204D2994502D9A8F10A
:1010900002022B44A3EB0903A4B2B3FBFEFC0EFB3C
:1010A0001C330CFB00F044EA0344A04214D92C1971
:1010B0000CF1FF3304D2A04202D9ACF102032C445C
:1010C000241A43EA02401EB1FC40002334607360DE
:1010D000BDE8F0874246DDE76346F1E7002A79D0B4
:1010E000B2FA82F3002B3FD01946C1F1200302FA75
:1010F00001F52EFA03F20EFA01FE20FA03F343EA99
:101100000E034FEA154E00FA01F4B2FBFEFCAFB23B
:101110000EFB1C201A0C0CFB07F842EA004290451B
:101120005AD9AA180CF1FF3004D2904502D9ACF17B
:1011300002002A44A2EB08029BB2B2FBFEFC0EFBAB
:101140001C220CFB07F743EA02439F4246D9EB18E7
:101150000CF1FF3204D29F4202D9ACF102022B44BF
:10116000DB1B42EA004202E0AEEB020301224FEA3F
:10117000154EAFB2B3FBFEFC200C0EFB1C330CFB78
:1011800007F840EA034398452AD9EB180CF1FF30E1
:1011900004D2984502D9ACF102002B44A3EB08031A
:1011A000A4B2B3FBFEFC0EFB1C330CFB07F744EAB6
:1011B0000344A74216D92C190CF1FF3304D2A742DD
:1011C00002D9ACF102032C44E41B43EA00400F4671
:1011D000114678E71F2188E76046ABE76246BFE724
:1011E0006046DBE76346EFE7734506D916B9002191
:1011F00008466DE7C6E9000EF9E7B3FA83F787B949
:10120000734501D3824207D8841A6EEB0303012091
:101210009C461EB900215BE73846FAE7C6E9004C58
:10122000F8E7C7F1200CBB4022FA0CF51D4320FA69
:101230000CF12EFA0CF30EFA07FE41EA0E014FEA0A
:10124000154900FA07F4B3FBF9F81FFA85FE09FB0C
:1012500018300B0C08FB0EFA43EA00439A4502FAD9
:1012600007F240D9EB1808F1FF3004D29A4502D9B1
:10127000A8F102002B44A3EB0A0389B2B3FBF9F8EF
:1012800009FB183308FB0EFE41EA03418E452CD9B9
:10129000691808F1FF3304D28E4502D9A8F1020380
:1012A000294443EA0040A0FB0298A1EB0E0141450E
:1012B000CE46434602D306D14C4504D2B9EB020ECA
:1012C00068EB05030138002EA4D0B4EB0E0261EBED
:1012D000030101FA0CFC22FA07F34CEA0303F9407C
:1012E000C6E9003196E74046C5E74346D9E7000026
:1012F0002DE9F04FDFF870B15C485D4EDFF8748186
:10130000DFF874A185B019F0C1F85946574819F0B3
:10131000B8F85A4819F0BAF83146584819F0B1F8F7
:10132000574819F0B3F84146554819F0AAF87068C3
:10133000FFF7C0F846A3D3E90023FFF74FFA0446AE
:1013400030680D46FFF7B6F802460B4620462946A0
:10135000FEF764FF0646D8F804000F46FFF7AAF828
:101360003BA3D3E90023FFF739FA0446D8F800007D
:101370000D46FFF79FF802460B4620462946FEF72A
:101380004DFFCDE90201DBF80400DAF82040FFF759
:1013900091F82FA3D3E90023FFF720FA8046DBF86A
:1013A00000008946FFF786F802460B46404649464C
:1013B000FEF734FF28A3D3E90023FFF7E5F8314B0C
:1013C0000022FFF70BFA24A3D3E90023C4E90001AC
:1013D00030463946FFF7D8F82A4BDAF82080002249
:1013E000FFF7FCF91CA3D3E90023C8E90201DDE9FA
:1013F0000201FFF7C9F8234BDAF820600022FFF75B
:10140000EDF9C6E90401DAF8201000220023C1E951
:101410000623DAF82010C1E908230BF095FE10A38B
:10142000D3E90023FFF7BEFD5146CAE90002164882
:1014300000220AF095FB38B1144A009040F22D13B7
:101440001348022119F0FDFE05B0BDE8F08F00BF82
:101450000000000080842E41182D4454FB210940D7
:1014600000CA9A3B000000005073002094DE01087F
:101470004873002040730020F8720020B0DE01089D
:10148000CCDE0108008066403C7300200EFD0108A0
:1014900068E401080000000070B505460E460BF038
:1014A00053FE0DA3D3E90023FFF77CFD084C29462A
:1014B000C4E9000204F1180026720CF075FA214606
:1014C0000448BDE8704000220AF04ABBAFF3008038
:1014D000587300209873002000CA9A3B0000000057
:1014E0002DE9F047C0B018B3016A09B3436A052B70
:1014F00024D075496846FFF779FD734A7348744DE7
:10150000012118F0B0FF68462821FFF7C5FF2868C1
:1015100070B118F0A6FF58B16C4614F8011B28688A
:1015200049B90D2118F09AFF28680A2118F096FF92
:1015300040B0BDE8F08718F091FFEEE7D1E90283F3
:10154000D1E9046703F10049D1E900015CA3D3E9C3
:101550000023FFF719F8DFF87CA1FFF727FADAF884
:1015600000105D4B411A0546186818F074FF0446D8
:10157000002800F099800346584A4FF4807168466D
:1015800018F060FC554A5148514D2346012119F08D
:101590004EFE68462821FFF77FFF286878B118F0D3
:1015A00060FF60B16C4614F8011B2868002978D1EF
:1015B0000D2118F053FF28680A2118F04FFF40A3AF
:1015C000D3E9002340464946FEF7DEFFDFF81081ED
:1015D000FFF7ECF9D8F80010424B411A054618689D
:1015E00018F039FF0446002864D003463E4A4FF401
:1015F0008071684618F026FC3B4A3448344D234637
:10160000012119F014FE68462821FFF745FF2868DC
:1016100078B118F026FF60B16C4614F8011B2868F9
:10162000002944D10D2118F019FF28680A2118F06B
:1016300015FF23A3D3E9002330463946FEF7A4FF64
:101640002A4EFFF7B3F93168294B411A054618684D
:1016500018F001FF044680B30346264A4FF4807118
:10166000684618F0EFFB234A1848194D234601211C
:1016700019F0DDFD68462821FFF70EFF28680028D5
:101680003FF456AF18F0EDFE00283FF451AF6C4622
:1016900014F8011B286800293FF443AF18F0DEFE60
:1016A000F6E718F0DBFE7EE7CAF8005087E718F08F
:1016B000D5FEB2E7C8F80050BBE7356038E700BF99
:1016C000CDCCCCCCCCD47F4064FD010868E40108CB
:1016D000E4730020387400204474002095FD010854
:1016E0003474002040740020AEFD010830740020E6
:1016F0003C740020C7FD0108F0B59D4C9D48FDB02D
:10170000206018F0AEFE20B19B4D15F8011B00299A
:1017100034D19A493CA8FFF769FC984A98480321BC
:1017200018F0A1FE3CA81421FFF7B6FE206848BBC4
:10173000944D284618F095FE00283AD192493CA8CD
:10174000FFF754FC904A8E48012118F08CFE3CA80B
:101750002821FFF7A1FE206870B118F082FE58B171
:101760003CAD15F8011B206801BB0D2118F076FE79
:1017700020680A2118F072FE0020D6E1206818F0D7
:101780006DFEC2E718F06DFE0028D1D03CAD15F813
:10179000011B206839B90D2118F060FE20680A216C
:1017A00018F05CFEC4E718F059FEF0E718F056FE9A
:1017B000D7E72A69A9681368744F23F400531360AC
:1017C0000B684FF4C0220D212846984770483860B6
:1017D00018F047FEE0B96F493CA8FFF707FC6D4AD7
:1017E0006748012118F03FFE3CA82821FFF754FE6E
:1017F00020680028C0D018F034FE0028BCD03CADD2
:1018000015F8011B20680029AFD018F027FEF7E774
:10181000614E6248306018F024FEE0B960493CA88F
:10182000FFF7E4FB5E4A5648012118F01CFE3CA875
:101830002821FFF731FE206800289DD018F011FE06
:10184000002899D03CAD15F8011B206800298CD0E8
:1018500018F004FEF7E7534D5348286018F001FED6
:10186000F8B952493CA8FFF7C1FB504A444801214E
:1018700018F0F9FD3CA82821FFF70EFE206800288B
:101880003FF47AAF18F0EDFD00283FF475AF3CADA2
:1018900015F8011B206800293FF467AF18F0DEFD42
:1018A000F6E74349386818F0E6FD386818F0DDFDC2
:1018B000386800F055FE3F49306818F0DCFD3068AC
:1018C00018F0D3FD306800F04BFE3B49286818F053
:1018D000D2FD286818F0C9FD286800F041FE37489D
:1018E00018F0BFFDF8B936493CA8FFF77FFB344A32
:1018F0002348012118F0B7FD3CA82821FFF7CCFDB3
:10190000206800283FF438AF18F0ABFD00283FF402
:1019100033AF3CAD15F8011B206800293FF425AF1B
:1019200018F09CFDF6E7274818F09BFD00284DD1E4
:1019300025493CA8FFF75AFB234A1148012118F01A
:1019400092FD3CA82821FFF7A7FD206800283FF45E
:1019500013AF18F086FD00283FF40EAF3CAD15F82C
:10196000011B206800293FF400AF18F077FDF6E76F
:10197000E4730020D0DD0108E0FD0108E8FD010866
:1019800068E4010844DD010820FE010844740020D9
:1019900074DF010836FE01084074002090DF010862
:1019A00050FE01083C740020ACDF01086AFE01080B
:1019B00075250008852500085125000894DE0108DA
:1019C00084FE0108B0DE01089EFE0108A74818F059
:1019D00048FDF8B9A6493CA8FFF708FBA44AA5486A
:1019E000012118F040FD3CA82821FFF755FD206893
:1019F00000283FF4C1AE18F034FD00283FF4BCAE1F
:101A00003CAD15F8011B206800293FF4AEAE18F07C
:101A100025FDF6E798493CA8FFF7E8FA964A95486D
:101A2000032118F020FD3CA81421FFF735FD2068A4
:101A300078B118F016FD60B13CAD15F8011B2068B7
:101A4000002974D10D2118F009FD20680A2118F031
:101A500005FD8A4818F005FD00286ED188493CA88C
:101A6000FFF7C4FA864A8348012118F0FCFC3CA821
:101A70002821FFF711FD206878B118F0F2FC60B161
:101A80003CAD15F8011B2068002953D10D2118F039
:101A9000E5FC20680A2118F0E1FC7A4B01937A4BAF
:101AA0007A4A7B49009301207A4B0BF095F906A8FE
:101AB0000BF0EAF80025002206AB11460BA80AF04D
:101AC000BBFF0646002858D173493CA8FFF78EFAA1
:101AD000714A6848032118F0C6FC3CA81421FFF79E
:101AE000DBFC206878B118F0BCFC60B13CAD15F8A7
:101AF000011B206800293DD10D2118F0AFFC2068A2
:101B00000A2118F0ABFC654A65490BAB04A80AF042
:101B1000DDFF00286CD040F2A71300905548614AC1
:101B2000012119F08EFB4FF0FF307DB0F0BD18F0B1
:101B300095FC82E718F092FCA3E75B493CA8FFF70D
:101B400055FA594A4B48032118F08DFC3CA8142142
:101B5000FFF7A2FC206800289FD018F082FC002824
:101B60009BD03CAD15F8011B206800298ED018F0E1
:101B700075FCF7E718F072FCB9E7013503464B4AEC
:101B800000954FF480713CA818F05CF9474A394839
:101B900000953346022119F054FB1E213CA8FFF7A3
:101BA0007BFC42F2107000211BF058FD0A2D82D1FF
:101BB0003F493CA8FFF71AFA3D4A2E48012118F088
:101BC00052FC3CA82821FFF767FC206800283FF45E
:101BD000D3AD18F046FC00283FF4CEAD3CAD15F86F
:101BE000011B206800293FF4C0AD18F037FCF6E770
:101BF000304D04A800F0CEFC28460BF0EDFF052187
:101C000005F114000BF0FEFE052105F120000BF09C
:101C100013FE052105F138000BF00EFE2649686918
:101C20000BF0C2FE686925490C300BF0BDFE6869F7
:101C3000234918300BF0B8FE6869224924300BF0B4
:101C4000B3FE6869204930300BF0AEFE0523AB616E
:101C50006B620CF045F81D4B024604A91C480AF0C3
:101C600071FFB8B34FF4E673009057E7CCDE01087C
:101C7000B8FE010868E40108D2FE010878DE010818
:101C8000ECFE010829A10008F5A00008D19F00087A
:101C9000F072002007D201081EFF0108E7FD0108CD
:101CA0004AFF01080EFD010807FF010865FF010852
:101CB00093FF0108F8720020DBFF0108E3FF010831
:101CC000EBFF0108F3FF0108FBFF01081D010208FB
:101CD0003C730020A0493CA8FFF788F99E4A9F4822
:101CE000032118F0C0FB3CA81421FFF7D5FB2068A6
:101CF00070B118F0B6FB58B13CAD15F8011B206867
:101D0000B9B90D2118F0AAFB20680A2118F0A6FB2A
:101D1000934B009301268EA3D3E9002301960BA9D0
:101D200003A80AF077FF054630B140F2D3130090C4
:101D3000F4E618F093FBE0E78A480BF04DFF05212D
:101D400089480BF05FFE0521064688480BF074FDBC
:101D50000521064086480BF06FFDF6B20640854827
:101D60000BF09AFD06B1F8B983493CA8FFF73EF99C
:101D7000814A7A48012118F076FB3CA82821FFF718
:101D80008BFB206800283FF4F7AC18F06AFB0028B2
:101D90003FF4F2AC3CAD15F8011B206800293FF47C
:101DA000E4AC18F05BFBF6E76E4E706928440BF06C
:101DB00073FD70697149202228440BF0CBFDF8B9FE
:101DC0006F493CA8FFF712F96D4A6448012118F0E9
:101DD0004AFB3CA82821FFF75FFB206800283FF45E
:101DE000CBAC18F03EFB00283FF4C6AC3CAD15F878
:101DF000011B206800293FF4B8AC18F02FFBF6E770
:101E00000C353C2DD1D15D495A4840220BF0A2FD42
:101E1000F8B95C493CA8FFF7E9F85A4A4F48012154
:101E200018F021FB3CA82821FFF736FB206800288A
:101E30003FF4A2AC18F015FB00283FF49DAC3CAD7C
:101E400015F8011B206800293FF48FAC18F006FB41
:101E5000F6E70BF045FF4C4B024604A94B480AF04D
:101E6000A5FE18B140F2F913009057E618A80AF041
:101E700093FB06AB03220BA918A800F095F818B144
:101E800040F20523009049E60090414B354A3F4916
:101E900018A80AF08BFB18B140F2072300903DE62A
:101EA00003A918A80AF0D6FB18B140F20F2300903E
:101EB00034E638493CA8FFF799F8364A2748364DAA
:101EC000032118F0D0FA3CA81421FFF7E5FA2068A6
:101ED00070B118F0C6FA58B13CAE16F8011B28686C
:101EE00071BB0D2118F0BAFA28680A2118F0B6FA69
:101EF0002A493CA8FFF77AF8284A1848032118F025
:101F0000B2FA3CA81421FFF7C7FA206870B118F0A4
:101F1000A8FA58B13CAC14F8011B286899B90D21F6
:101F200018F09CFA28680A2118F098FA1C4A002335
:101F300018A80AF01DFC002164201BF08FFBF5E7B8
:101F400018F08CFAC9E718F089FAE4E7AFF30080DB
:101F500000CA9A3B000000000300020868E4010880
:101F6000F11200089C730020B0730020BC730020A5
:101F7000D4730020A473002027000208E7FD0108A5
:101F80005000020880000208AE000208E073002042
:101F9000E1140008BE000208E4730020FD000208FE
:101FA000809698000000000000285DD02DE9F043E5
:101FB0000C46B3B0002953D00546184616461F46B6
:101FC0000AF070FE00284BD0002E49D02A499022FA
:101FD0000EA81BF099FC0EA9902228461BF094FC39
:101FE0006C606846EE606C4611F0AEFF0FCC05F1F8
:101FF000180CACE80F000FCCACE80F000FCCACE82D
:102000000F000FF26C09D9E900892368CCF8003081
:10201000C5E91C896F613B683969B0019847A860C0
:1020200020B3002400E0A86800EB8410314601349E
:102030000AF0F2FCA642F6D105F14C000AF0E2FCEF
:102040000E49AA680023C5E920132AB16A691AB1AA
:10205000EA680AB185F88830002033B0BDE8F08323
:102060000B2033B0BDE8F0830B2070470A20F8E75F
:1020700000CA9A3B0000000008E601083DC20008C3
:10208000F0B593B01A9E8AB186B1044650B1D0F82B
:1020900080303BB1C0680F46154611F08DFB08B18A
:1020A000237A3BB90125284613B0F0BD0B252846FD
:1020B00013B0F0BD04F1600EBEE80F000DF10C0C82
:1020C000ACE80F00DEF80030CCF8003003A80AF0CE
:1020D000E9FD0028EAD0206809F068FD002845D015
:1020E0006946E06811F0E8FB014600283BD1202258
:1020F0000DEB02001BF016FC25A3D3E90023DDE95C
:1021000000018DF82070FEF7FDFECDE90902DDE942
:102110001823CDE91023237A30687168B268012B47
:10212000F36808BF00250BAE012F0FC621D8D4F8E5
:1021300080302A4608A89D6903A90023A8470646BF
:10214000002EAFD031462068002209F009FDD4F8F6
:1021500080300546DB6903A930469847002DA2D0A0
:102160000AF0CAFD9FE70AF0C7FD9BE74FF496759A
:1021700099E7B91E0129F6D8D4F880202B4608A883
:10218000956903A90022A8470646D9E7AFF3008066
:1021900000CA9A3B00000000002800F0C7812DE92A
:1021A000F04F056B99B00446002D00F078819946F8
:1021B00043689246002B00F09580296C002900F0BE
:1021C000AA80002318461E46226952F823206AB1CD
:1021D000E2686F691A4457F822203AB1296947F832
:1021E00021202A6901322A61256B296C013340F1D3
:1021F00000008B4270F10002E6D36FF00047CDE99A
:102200000C66CDE90E665AEA09034FF0FF36CDE9B8
:102210001267CDE91467CDE916670DF1300B00F0B8
:102220008E80002900F046810025CDF8149027E02B
:10223000CDE90867236908A953F8080011F058FE92
:1022400040F22133984200F0B480002860D1DDE9EB
:10225000072C1078DDF8248018AB03EBC00151E99E
:102260000893CC4578EB030304DA0DEB800041E9D9
:1022700008C80263236B196C01358D4280F0188108
:10228000236953F825004FEA85080028F4D007A9F0
:1022900011F058FD0346002840F0068107980278A7
:1022A000012AC5D10DF11B018DF81B3011F010FB77
:1022B000002840F0F9809DF81B30002BB8D023692E
:1022C0008DF820000DF1200853F82500414611F04B
:1022D000D5FD002840F0E8809DF82030002BC9D0C3
:1022E000256B2EE0C368002B7FF467AF4369002B9A
:1022F0007FF463AFC369002B7FF45FAF436A002BA9
:102300007FF45BAFC36A002B7FF457AF40F2853098
:1023100019B0BDE8F08F6FF000434FF0FF32CDE908
:102320001223CDE91423CDE916235AEA0903CDE996
:102330000C11CDE90E110DF1300B40F0BB800DF109
:10234000200800220023CDE90823CDE90A234146D5
:102350000291EA6B05F13403CDE9003205F1100179
:1023600005F11C0305F12802281D14F067FD236BFD
:102370001A6C804612B300252F462E4607E02269CC
:1023800042F82530236B1A6C0135954217D220692B
:1023900050F8250007A90028F6D08DF81C6011F030
:1023A0006DFD0028B4D19DF81C30002BE7D01F46EE
:1023B000E8E72369002243F808205BE7174638F076
:1023C000020071D1656802463DB1996851F822104A
:1023D000002937D00132AA42F7D3E5684DB1236B0B
:1023E0000022596951F82210002934D00132AA4242
:1023F000F7D3E56945B1236B0022196A51F8221021
:1024000091B30132AA42F8D3656A45B1236B002229
:10241000D96A51F8221081B30132AA42F8D3E56A91
:1024200045B1236B0022996B51F8221071B3013230
:10243000AA42F8D3B8F1020F7FF46AAF87F0010720
:10244000780065E7236843F82210656801329542F9
:10245000C3D9236BB9E7A36843F82210E5680132BA
:10246000AA42C6D2236BBCE7A36943F82210E569F0
:102470000132AA42C8D2236BBFE7236A43F8221075
:10248000656A0132AA42CAD2236BC1E7A36A43F844
:102490002210E56A0132AA42CCD2236BC3E74FF483
:1024A000617019B0BDE8F08F012019B0BDE8F08F60
:1024B000DDF81490BAF1010F79F100033ADB4FF027
:1024C000010810AD16AE5BF8040F08A9A8B111F011
:1024D000F3F900287FF41CAF089AAB6809999B1A9E
:1024E000EA6862EB01029A4579EB0201BABF5346F2
:1024F0004A464FF001089A4691460835AE42E2D16D
:10250000256BB8F1000F13D0B9F1000F0EA3D3E97A
:102510000023ABBF5046002049460021FEF7F2FCE5
:10252000CDE90801CDE90A2308A911E70B2070477E
:1025300041460DE74FF0FF3A6FF000494FF00008B9
:10254000BFE700BFAFF3008000CA9A3B0000000065
:1025500011B9024808F098B9704700BFE87300202D
:102560008368D96811B1024A00230847704700BF49
:1025700060E3160011B9024808F086B9704700BF41
:102580001874002011B9024808F07EB9704700BFE6
:102590000074002030B50F4D9FB0044680202862A3
:1025A00003F0C0FC0023EB61A86102AD284609F0EE
:1025B000AFFA09F01FFB21460246074B074800957A
:1025C00009F00EFA014610B1054818F0CFF91FB016
:1025D00030BD00BF587300202CFD01089873002007
:1025E0003BFD01082DE9F84F0B1FA3EB00098846BE
:1025F00002F007014FEAD90603F007030B3129F077
:1026000007090B44D408814404EBD3048368B9F868
:1026100002B09C4228BF1C461BF0010B00AF0546D0
:1026200016D1EA4688B06A464A4BCDE905380323FD
:1026300042F8103F48485B464FF4C25101F018F988
:10264000D5468BF31188BFF36F8F0423184602DF42
:102650003146284617F01EFF304435F83030C01A96
:10266000864217D0EA4688B06A463C4BCDE9053829
:10267000032342F8103F384800234FF4C25101F0C1
:10268000F7F80023D54683F31188BFF36F8F042337
:10269000184602DF3146284617F0FCFE8442824687
:1026A00022D026D234442846224617F098FFB9F8A3
:1026B000023043F00103A9F802302146284617F002
:1026C000E9FE261805EBC6035B88DB0708D4314614
:1026D000284617F028FF32462146284617F068FFA3
:1026E0002146284617F0DBFE01221046BD46BDE814
:1026F000F88F06EB000805EBC802528812F00102C1
:1027000025D14146284617F0C5FE50448442ECD8F6
:10271000284617F008FF4146284617F0BBFEA4EBF9
:102720000A0A824507D23219284617F058FF114687
:10273000284617F0B4FE42463146284617F038FFC7
:10274000B9F8023043F00103A9F80230CCE70022C7
:10275000CBE700BF4201020898E4010866010208C5
:102760002DE9F84F8A4600AF002974D004680E1F87
:10277000361BF50826F0070604EB0608B8F802B089
:102780001BF0010B16D1E94688B06A46334BCDE900
:102790000531032342F8103F31485B464FF4C251E4
:1027A00001F066F8CD468BF31188BFF36F8F0423D9
:1027B000184602DF2946204617F06CFE284434F8FC
:1027C0003030C01A854217D0E94688B06A46254B9A
:1027D000CDE9053A032342F8103F214800234FF486
:1027E000C25101F045F80023CD4683F31188BFF3B1
:1027F0006F8F0423184602DFB8F8023023F001037C
:10280000A8F802302946204617F044FE05EB0008E0
:1028100004EBC8035B88DA0708D44146204617F06A
:1028200082FE42462946204617F0C2FEA65BAE1B3A
:1028300004EBC6035B88DB0709D43146204617F05A
:1028400072FE2A463146204617F0B2FE354629462A
:10285000204617F024FEBD46BDE8F88F8F01020820
:1028600098E40108660102082DE9F04F91B0840751
:10287000009302F004030293C2F3C20303F10103C5
:10288000DDF868A0039205460E46059340F09D8151
:10289000041D00284AD101F00706341DC6F10806C0
:1028A000009B00275A1E4FF004084FF0FF3301939E
:1028B0000497B946BB4643460DB10099216005987F
:1028C000002800F3D78090480099814203D38F48B5
:1028D0008142C0F0CF80039911F0020CA4EB0500F7
:1028E00040F0D680B9F10F0F00F2CF80002D00F03C
:1028F000D68009F140010DEB010EC0F3870001996C
:102900000EF8200C0EF8101CBCF1000F00F0C38074
:1029100060F07F000EF8200C013709F10109C5F1C4
:102920000801043406914FF6DA7E8CE00729B7D807
:102930006FF01B0011B0BDE8F08F7A285BD84B28F0
:102940000FD8472857D829282ED8252850D052D814
:10295000202818BF23280CBF4FF0010B4FF0000BAD
:1029600071E04C382E2846D8DFE800F06D4545452B
:102970004545454545454545484545454545454504
:1029800045564548485656566D486A456D4518485F
:102990001845457F7C48454548457C0000204FF060
:1029A000000B4FF0040835E02A38C0B2012101FACB
:1029B00000F010EA0E0F46D110F0625C2CD110EA44
:1029C000010B40D06046013C4444B4FBF8F408FBE2
:1029D00004F425B1A3EB050CA444B445A8D8002801
:1029E00070D00599013905915AF8041B009163E7ED
:1029F0000199013901914FF0000B24E012F8010C0C
:102A00006C2834D112F8023C00206C2B8346C8D1CC
:102A10004FF008084346D6E70AF1070A2AF0070AEA
:102A20000734FAE802BC24F0070435B106982044C4
:102A3000B0423FF67DAFC4E900BC08344FF0000B54
:102A40004FF00808434612F8010F002853D0BBF19D
:102A5000000F7FF472AF2528F5D1019B013301935C
:102A60004FF0010B4FF00408ECE7584697E70020C1
:102A70008346A8E7039988077FF551AF601B4FF0A5
:102A8000010CB0F5007FFFF42DAF6FF0150051E79A
:102A90004FF0000CF5E70498013004903DE7BCF1DD
:102AA000000F01D0013638E70298023600287FF483
:102AB00034AF0098CDE90632FEF7A0FADDE9063220
:102AC00006442AE7042B08D10AF1040015B1DAF80C
:102AD0000010216004348246B5E70AF1070323F0B1
:102AE000070303F1080A1DB1D3E90001C4E900019D
:102AF00008340823A7E7631BB3F5806FC5D23DB93F
:102B0000A6F10804E01815E720DB0108C01E020842
:102B1000029A28609B082B709DF81030AAB1EB70C8
:102B2000AF702FB108A80022C5F1010C91450ED15C
:102B3000C5F101030DF120084FF0000A01930DF1DA
:102B4000300BD14512D1601BF4E66B70E8E710F84A
:102B5000013B190608D50CEB040EB64503F07F03C4
:102B60003FF6E6AE04F8013B0132DFE71FB198F90A
:102B70000020002A17DB029BD3B11AF80B2004F8BF
:102B8000012B0022019B18191044B0423FF6D0AE31
:102B900098F8000004F8010B0099039220461AF0FF
:102BA000B3FE039A14440AF1010A08F10108C8E7C8
:102BB00098F8002055F822300093029B45F8223007
:102BC0000098FEF71BFA421CDCE76FF00D00B1E63F
:102BD0002DE9F04F97B000AFC7E90A3205468A46A3
:102BE00049B903784678807800EB8300284456453D
:102BF00024D8A0EB050AD7F8803095F80280D7F8E2
:102C0000804003F00103FB61EB787B62B8F1000FB9
:102C10000CBF002404F001041BB1D7F880309A07E0
:102C200015D4A4B9FB6A1BB1BA6A51462846984725
:102C3000564630465C37BD46BDE8F08F441C204602
:102C4000FEF7DCF9013020440AF1010ACFE7D7F89A
:102C50008030C3F3C0033B622B78BB619B003B61B8
:102C60006B687B61BB6905EB830BFB6A002B77D13B
:102C70005646D844BCB11C461BF8013B55F823000E
:102C8000FEF7BCF9D7F88430013043B1D7F888306B
:102C9000A34282BFD7F8843023F814000134C3451F
:102CA0000644E9D1D846D7F8803013F0050F0CBFA1
:102CB0004FF0020B4FF0010B4FF000097B6A994572
:102CC000B7D298F8013055F823A0AE4B9A4508F1D9
:102CD0000208C0F04B81AC4B3A6A9A452CBF0023E6
:102CE00001230AB318F8021C7869FB6217F0E8FDAB
:102CF000FB6AC8B1EA468AB06A46A44B05937B6971
:102D0000CDE906314FF40073ADF82030A04B42F806
:102D1000103FA04800234FF4125100F0A9FD023EDD
:102D2000D54609F10109C9E723B1FB6933B9A6EB1F
:102D30000B06F6E7D7F880309B07F2D55046FEF732
:102D40005DF9D7F884304BB1D7F888309C423FBF4B
:102D5000D7F88420431C22F8143001340644E0E7FD
:102D6000002C69D1B8F1000F6CD0D7F8803058072B
:102D70006BD5C14607F14800424659461AF0C4FDDA
:102D80000BEB0803FB6000220233796A8A425ED3B0
:102D9000D7F8802095F801B0F969920704EB0B038E
:102DA000DBB254BF4FEA59020022002940F0A6804E
:102DB000D7F8801011F0040F14BF494600216B7042
:102DC000A970EA703969BA6AFB6A28469847061EF4
:102DD000FFF62FAFBB692B707B6AEB704946BA6A6E
:102DE000FB6A85F801B085F8028007F14800984732
:102DF000B0F10009C0F2B6803B697A6A786A03EBE9
:102E00004201FB68BA6A414403EB4000AAEB0101AE
:102E1000FB6A98470028C0F2A780B14409EB00067E
:102E20004FF0000B07F1380AA34569D30021BA6AB5
:102E3000FB6A08469847FCE6444607F138004FF025
:102E4000000999E74446C1469AE7A14698E713F876
:102E5000016CDFF830C155F8260013F8021C6045FC
:102E6000C0F08A80DFF820C16045386A2CBF4FF07F
:102E7000000B4FF0010B38B17869C7E9013217F048
:102E80001FFDD7E90132F0B9BBF1000F1ED0F9697F
:102E900049B1611C04F1280007F13004041904F859
:102EA000206CCCB20FE0D7F8801049070BD509F1A0
:102EB000280007F1300C09F1010100EB0C0909F8B9
:102EC000106C5FFA81F9013202335EE7D7F88000B7
:102ED0008007DED409F1280C07F1300EF44409F123
:102EE00001000CF8101C07F1580151FA80F009F1AB
:102EF00002095FFA89F900F8106CE4E700215EE747
:102F00001BF80A3087F8373055F82390D7F884300B
:102F10002BB3D7F888309B4521D2D7F8843033F8CB
:102F20001B80BA6AFB6A012107F137009847002825
:102F30001ADB0644B8F1000F06D14846FEF75EF8EA
:102F400000F101081FFA88F8BA6AFB6A4146484650
:102F50009847002808DB06440BF1010B64E74FF0AB
:102F60000008DEE74E4664E6064662E63B6A002B52
:102F70003FF4E0AE0023B5E6386A0028A6D04FF053
:102F8000000B79E720DB0108C01E0208BC01020823
:102F90000400000118E4010830B50446EFF3118580
:102FA000102383F31288BFF36F8F044B0FCB84E899
:102FB0000F0085F31188BFF36F8F30BD801F002095
:102FC00001281FB50C4605D004281DD06FF0150050
:102FD00004B010BD1AF0F2FB42F210720023FDF7AC
:102FE000E1FF104B5A43C4E90001A2606846FFF7B5
:102FF000D3FF6946204617F080FC18B90A4B0FCB67
:1030000084E80F000020E3E71AF0D8FB42F21072C8
:103010000023FDF7C7FF034B5A43C4E90001A26038
:10302000F0E700BFA086010060E50108014B1860D1
:10303000704700BF5808002080B505460E46174669
:10304000984608F039F9034602F08CFDDFF8189035
:10305000044649F80030424630463946A84754F8FD
:10306000090002F00FFD00BF100000002DE9F84339
:1030700044690569C76840F26C73E1170135E418CB
:1030800041F10001022D8CBF00230123E41A61F1FC
:1030900000010029064607F1FF3751DA6FF4C770C7
:1030A00020184FF4C8724FF0000361F10001FDF7E2
:1030B00029FF264B03FB0044D6E90083B6684FEA9C
:1030C000E37C4FF03C0E99466346C6FB0E93A9FB8A
:1030D0000EC60EFB0366A30840F26D1E032D0EFB09
:1030E000043302463B4434BF09206FF002006427DA
:1030F0000544B4FBF7F499201B1B154C45431CEB0E
:10310000080C4FF0050005F10205B5FBF0F5A2FB38
:1031100004202B4404FB010146EBE87698180D4A85
:1031200041F1000380180C4A63F10003A0FB020187
:1031300002FB031110EB0C0041EB0601BDE8F88324
:103140004FF4C87200232046B1E700BF70FEFFFFB6
:10315000B13A02009405F5FF8051010010B5FFF768
:1031600085FF024602F0FEFC0B4603490024445052
:103170001046194610BD00BF1400000070B5204B6A
:1031800082689A4216DDD0E90016012976F1000521
:1031900003F1010392FBF3F34FEAE3741DDAC9185C
:1031A00044EB0604C0E90014164901FB03238360C5
:1031B000012070BD002AFBDAD0E900410029124E3F
:1031C000A3EB0203B3FBF6F310DA01F100459C42D6
:1031D00075F100050ADA0020EBE7CD439D426FF060
:1031E0000045A5EB0605A541D9DAF4E7E41A61F13B
:1031F000000106FB0322C0E900418260D8E700BF5E
:10320000FFC99A3B003665C400CA9A3B034A53681B
:1032100023F0020353600020704700BF002004E049
:1032200008B54168054883681B680C311BB1984795
:1032300000EAE07008BD6FF05700F9E780DC010894
:10324000192810B502D90024204610BD044B53F8AC
:103250002040204619F0FFFF0028F5D1F3E700BF1A
:1032600028E90108EFF31180102383F31288BFF3DC
:103270006F8F094B1A683AB9084A116841F4807196
:1032800011601168C905FCD51A6801321A6080F313
:103290001188BFF36F8F7047CC740020007000401E
:1032A00010B5EFF31184102383F31288BFF36F8FEF
:1032B000134B1A68C2B9BFF35B8F124B012253E85C
:1032C000001F002903D143E800200028F7D1BFF3F5
:1032D0005B8F04D10C4A0D48022117F09FFF84F345
:1032E0001188BFF36F8F10BD012A01BF08490A681A
:1032F00022F480720A601A68013A1A60EFE700BF90
:10330000CC740020C8740020EB020208F0E401082D
:1033100000700040084B1A6842F480721A601A6804
:1033200042F400721A601A6842F480621A60034B19
:10333000034A1A60704700BF003C02404009002069
:103340000024F4002DE9F047DFF8548004460746D6
:103350004FF0010994FAA4F5B5FA85F509FA05F3D9
:103360002E0108EB05156FEA030A24EA03042B7B00
:1033700063B158F806301B696BB946440422736880
:103380002846196807EA0A0717F0D8FE002CE1D191
:103390003846BDE8F087284698470028F6D1ECE784
:1033A00048E5010810B50F490F4888B000221AF00F
:1033B00007FA00220023CDE9062300240E23CDE9DD
:1033C0000334CDE90144094B094900944FF440729C
:1033D000084807F0EDFC084906481AF09BF820461B
:1033E00008B010BDFD33000828240020193700085C
:1033F000C08A0020901F002028030208014807F01F
:1034000043BA00BF9C1E00202DE9F04780462048AB
:103410000F4617F06BFE0646002832D000252846DE
:10342000BDE8F087237B83B12368DB680BB12046BE
:103430009847636883F8069023681B69CBB9636873
:1034400004221968204617F079FE013610345445DD
:10345000E8D3B8F1000FE2D0002DDFD02846FFF707
:1034600071FF0546002FF7D0002164201AF0F6F80E
:10347000F2E7204698470028E1D009FA06F31D43F9
:10348000E3E7044CDFF810A005464FF00109DEE742
:10349000E074002048E5010858E50108014B53F8A5
:1034A00020007047A4E9010808B5034608462BB17F
:1034B000044A136000F03CFC002008BD6FF01500CA
:1034C000FBE700BF5C08002010B5044C237813B95B
:1034D000034807F0D9F90123237010BD6E82002044
:1034E0009C1E002010B504460B4817F0FFFD5CB190
:1034F000BFF35B8F094B53E8001F013943E800120B
:10350000002AF8D1BFF35B8F05481AF065F905482A
:10351000BDE8104007F0B8B9D8740020DC74002072
:10352000282400209C1E0020064BBFF35B8F002246
:1035300053E8000F43E800210029F9D1BFF35B8F66
:10354000704700BFD874002070B5FFF7EDFF084C3E
:10355000084E0546B44200D370BD63685B792BB159
:1035600023685B6813B12946204698471034F1E779
:1035700048E5010858E5010810B5044C0449204607
:1035800017F015FB034B1C6010BD00BF101E002080
:1035900090E90108D07400200D4A0E48002310B5B0
:1035A00013700D4A13600D4A4FF47A711360FFF7E0
:1035B0007BFFFFF7E1FF0A4B0A4918468B4200D315
:1035C00010BD1A1A5C681211013222711033F5E72E
:1035D0006F82002007B10108D8740020DC7400203D
:1035E00048E5010858E5010801460022014800238A
:1035F00017F0FEBA101E0020014817F095BB00BF5F
:10360000101E0020024B0146186817F0E8BB00BFEF
:10361000D0740020014817F01DBC00BF101E002010
:1036200070B5264B1878002846D0FFF7E5FF054611
:1036300000283ED1224B234C1B68002B12DD1AF0D0
:10364000BDF80A220023FDF7ADFCD4E90032C01A10
:1036500040F2E93361EB0201984271F1000101D3BC
:10366000FFF772FFD4E9003213F57A7342F10002DA
:10367000C4E90032BDE87040FFF7CCBF63685B79F6
:1036800023B1236829461B68204698471034B4426A
:10369000F4D32846FFF7B6FFBFF35B8F0A4B53E81E
:1036A000001F013943E80012002AF8D1BFF35B8FF5
:1036B000C0E7064C064EEAE770BD00BF6E820020F0
:1036C000D874002020240020DC74002048E5010884
:1036D00058E5010870B50D4D297861B90120FFF753
:1036E00093FE0B4C0B4EB44206D3FFF799FF002814
:1036F000FBD101232B7070BD63685B791BB123681C
:1037000020469B6898471034EDE700BF6F82002089
:1037100048E5010858E5010800212DE9F84308466D
:10372000FFF772FE044648B34FF4FA784FF00009F1
:1037300002F018FA1A4B1B4A1B58136033B11A4B8C
:103740001B68092B02DD194807F09EF8184F002569
:1037500044B12046FFF7F6FD044618B94FF0FF3894
:103760004FF0FF39FFF75CFF064628B9B5B90F489F
:1037700042464B4607F0C2F83546E9E74FF0FF38BE
:103780004FF0FF39D4E72B689B691BB1002211462B
:10379000284698471035BD42F5D3E8E7054DFAE7CE
:1037A00010000000D4740020DC7400209C1E002057
:1037B00058E5010848E5010813B5184817F096FCCC
:1037C000174B1B7873B1EFF31184102383F3128826
:1037D000BFF36F8FFFF724FF84F31188BFF36F8F60
:1037E00002B010BD0F4B1B68002BF9D050B900225E
:1037F0000023CDE900230C4842F21072002308F0A8
:1038000047F8EDE70928EBD1074819F0E5FF07482D
:1038100002B0BDE8104007F037B800BFDC740020EC
:103820006F820020D4740020282400209C1E0020D9
:1038300010B5064B1B68044698472146A060044813
:1038400017F053FABDE81040FFF7B6BF5C08002040
:10385000101E0020044A054B9B1AB1EBD30F34BF56
:1038600052F831000020704708E4010848E50108DB
:103870002DE9F04F8FB004AFC1F34A26B8600D4672
:1038800090467B600C0D002E61D04FF000090A239A
:103890004FF0040B07F1140AFE60C7E90799C7F857
:1038A00024900093CDF808B0CDF804A007F11C03D4
:1038B000F9684A464046FFF78BF9B0F5006F0346BA
:1038C0001CD36C468AB0D8F8041004AB2448C3E972
:1038D000050140F2FF71D9611A464FF40071198455
:1038E000204B42F8103F20484B464FF41251FFF74F
:1038F000BFFFA5462C37BD46BDE8F08FC0F30A06D2
:1039000004F11700184420F0070080083B60FFF71F
:103910006BFE66F35325044680B13B68134A00F101
:103920001001C7E90839F961CDE901AB0A23009319
:10393000F96807F11C034046FFF74AF966F353257F
:103940007B68B9682A46204617F018FCD2E704F1D4
:10395000170020F007008008FFF746FE0446EDE759
:10396000390302080400000170E401084FB10108A6
:103970002DE9F04F87B0DDE9127ADDE9106B0546DD
:10398000884614469946BFB11021CDF800A03B46A9
:103990005A460020CDF814A0FEF766FFB0F5006F80
:1039A00001460BD3194A1A4840F2FF73022107B0AF
:1039B000BDE8F04F17F03BBC3946384604F007032A
:1039C00005F00704E40044EA831444EA402444EA8E
:1039D000065406F11700084420F007008008039100
:1039E000FFF702FE054640B13FB10399CDF800A0B4
:1039F0003B465A461030FEF737FF4B4622464146BB
:103A0000284607B0BDE8F04F17F0B8BB78030208AE
:103A100070E40108406820B1034BC01A40F3CF00A6
:103A200070474FF0FF30704708E401080EB403B54B
:103A300003AB014653F8042B0448019302F018FA33
:103A400002B05DF804EB03B0704700BF91B201080B
:103A5000CA0605D48B064CBF02490349FFF7E6BFEF
:103A6000704700BFE6FD0108E5FD01082DE9F04FB4
:103A700089B09846159B0693DDE916A39DF85090F2
:103A8000189F059204460D460493B9F1000F00F00B
:103A9000B08007F48073079317F04EFB07F0020B1A
:103AA0000246002874D078492046FFF7BFFF06463B
:103AB000BBF1000F08D017F0440F6BD173492A46B1
:103AC0002046FFF7B3FF064407F0010353B1704BE4
:103AD000704953F82920704B2046002A08BF1A4627
:103AE000FFF7A4FF07F48073002B07F0080318BF4B
:103AF0004FF00008002B79D0684B694953F8292012
:103B00002046FFF793FF0546059B2BB165491A46F2
:103B10002046FFF78BFF0544B8F1000F05D062493E
:103B200042462046FFF782FF054460483544069B25
:103B30001BB15F49224616F092FE049B002B00F059
:103B40008E80DDF810803946B8F1100F204628BF6E
:103B50004FF01008FFF77CFF0026B54250DC00262E
:103B600033461AF8032053492046FFF75FFF01361A
:103B7000102E4BD0710703D14F492046FFF756FF57
:103B800046453346EDD34D492046FFF74FFFEEE75C
:103B900006468DE74A4B1868002894D0494B4FF4ED
:103BA0007A7B1B68B5FBF3F54FF46163B5FBF0F16D
:103BB00000FB11550BFB05F54FF03C0CB1FBF3F28C
:103BC00003FB1211B5FBF0FEB1FBFCF300FB1E552D
:103BD0000CFB13110BFB05F50091B5FBF0F53A4911
:103BE000CDE901E52046FFF721FF6CE707F0080566
:103BF0008AE7B8F1010F0CBF2C4834484D4696E7D0
:103C00002D492046FFF712FF0136A6E7304920462E
:103C10000026FFF70BFF33461AF803202D49A2F1C7
:103C200020035F2B28BF2E222046FFF7FFFE013620
:103C3000102E0DD0720703D11F492046FFF7F6FE64
:103C4000B0453346E8D81C492046FFF7EFFEEEE7C3
:103C5000049BB3EB0803C24404937FF472AFB9F141
:103C6000000F0AD0FB0704D50B4A0A492046FFF78C
:103C7000DDFE39462046FFF7EBFE204609B0BDE8E1
:103C8000F04F17F0F8BA00BFB5030208B9030208F5
:103C9000B4E90108B6150208B0030208C8E9010832
:103CA000DE030208E4030208E803020891B20108F7
:103CB000715E0008ED030208F5030208F303020831
:103CC000E8740020E4740020C2030208C7B20108AF
:103CD000F7030208F903020873B542F20F738B422F
:103CE00028BF0B4605680F4A04460521684616F0B2
:103CF000A9F863680C495B6806460B22284617F052
:103D0000ACFA63683246694628465B6817F0A5FA44
:103D1000636806495B681B22284617F09EFA02B0CA
:103D200070BD00BF6D0F0208F51C0208D91C020807
:103D3000074A00210123904206D8064A01B901230F
:103D40001360054B1860704740085B000121F2E7E3
:103D500040420F00E4740020E8740020F8B5074FDB
:103D60000D4604464618B44201D12846F8BD14F861
:103D7000011BBB6801485B689847F4E7B4DD0108A4
:103D8000014B03600020704710EA0108F0B40D4BAE
:103D90000D4E5F6A0D4BB34203D36FF08500F0BC4C
:103DA00070475C68BC420AD31D6945B194F802C0F3
:103DB0008488E4B2A44502D12B46F0BC18472433D2
:103DC000E9E700BF18750020801F00205C1F00205D
:103DD0002DE9F047144CDFF85480DFF85490054685
:103DE0000E461746444503D36FF08500BDE8F087C3
:103DF0006268D9F824309A4213D3A3698BB1A98899
:103E00009078C9B2884205D13A4631462846BDE885
:103E1000F04718475279012A03D13A4631462846DD
:103E200098472434DEE700BF5C1F0020801F00207D
:103E3000187500202DE9F0410B4CDFF83080054665
:103E40000E461746444502D36FF0850009E06369CA
:103E50000BB92434F6E73A463146284698470028FD
:103E6000F7D1BDE8F08100BF5C1F0020801F00205B
:103E7000024B00221A605A60704700BFD3750020C1
:103E800070B50B4B0B4CA34201D3002070BD196AD7
:103E90001E7F00220439D5B2AE4201D82433F2E7A6
:103EA000013211F832508542F5D10120EEE700BF12
:103EB0005C1F0020801F002073B58488E4B2630675
:103EC0000D468DF8074007D02046FFF7D9FFB0B167
:103ED000144B93F8BA0090B1124E95B1124A1348A0
:103EE0002346032117F06CFA9DF8070002F01AFC34
:103EF000F3691BB10DF1070108209847012002B0BA
:103F000070BD0B4A09482346032117F059FA9DF862
:103F1000070002F029FCF369002BEFD00DF1070137
:103F20000920EAE7187500203604020830E5010888
:103F30004904020808B50346034A0448012117F062
:103F40003FFA002008BD00BF5E04020830E501080A
:103F500038B5054602F05EFC10F1780F044611D129
:103F60000D4A0E482B46022117F02AFA284617F070
:103F700029FA0B4AD2F8C43023EA0003C2F8C4304D
:103F8000002407E00028F1D0064A04482B4601210E
:103F900017F016FA204638BD7904020830E501080A
:103FA000187500209A04020808B509480378C3F37D
:103FB00041130A3350F823303BB100F1080200F1FD
:103FC00010019847C043C00F08BD1846FCE700BF6A
:103FD0001875002004282DE9F74FDFF89C9004465F
:103FE0000F4615D001282FD1DFF8908098F8B9300E
:103FF00053B300F0ABFE224D4D4522D22A6A4FF05A
:10400000000A2B7F5FFA8AF6B34204D82435F3E71F
:10401000FFF72EFFE8E702EBC6060192307902F0C7
:10402000F9FB8346307917F0CDF9D8F8C430019AFE
:1040300023EA0003BBF1000FC8F8C4300AF1010AFB
:10404000DFDA002388F8B9300D4D4D4508D30B4B0E
:104050001B6A6BB13946204603B0BDE8F04F1847E4
:10406000EB681BB13A462146284698472435ECE7D1
:1040700003B0BDE8F08F00BF801F0020187500203E
:104080005C1F002073B5044680788DF8000023790A
:104090006279294D43EA0223ADF80230E37803F058
:1040A00003038DF8043017F08DF9D5F8C4301842A9
:1040B00006460CD0A478204600F02AFE2046FFF7E2
:1040C00047FF19F021FA10B9962019F0E0FA684676
:1040D00017F0DFFB10F1780F9DF800301BD1174A65
:1040E0001748022117F06CF99DF8000002F062FBFE
:1040F00010F1780F19D19DF80030124A10480221B2
:1041000017F05EF9D5F8C4300120334385F8B900C3
:10411000C5F8C43007E00028E6D00B4A0848012162
:1041200017F04EF9002002B070BD0028EAD09DF8CB
:104130000030064AF2E700BF18750020BC040208F0
:1041400030E5010803050208DF0402082305020820
:104150002DE9F047A94EB36904460F4690466BB966
:10416000237803F01F03012B00F0A280022B00F044
:10417000078143B16FF01500BDE8F087984700282C
:10418000EED10020F8E794F900206178002A2FDAB8
:10419000062910D00829D8F8002024D00029E9D118
:1041A00001231370517096F8C3305B0043F0010394
:1041B0001370022320E16288100A011F01290546BD
:1041C000D8D90728D6D8D1B2726A1478002CD1D0A9
:1041D0005678AE4203D1994200F00881013322445F
:1041E000F3E7137808E196F8BA301370012303E17E
:1041F00001390829BED801A353F821F097420008DD
:1042000075410008A74200087541000821420008D6
:104210007541000875410008754100082F420008EB
:104220006088C0B202F0C8F90028AAD0A2E763886B
:104230003BB1FF27756A0020B8462B786BB9002880
:1042400098D0FFF715FE638886F8BA30F369002B23
:1042500097D06B490320984793E76B78042B0DD0D8
:10426000052B0ED0022B06D16F796388BB4208BFA5
:1042700040F00100C0B22B781D44DEE795F80380C2
:10428000F9E76388BB42F6D1B8F1000FF3D12846B5
:10429000FFF7F8FEEFE76388012B7FF46BAF002395
:1042A00086F8C3306DE76388012B7FF463AFF7E7CF
:1042B00096F8BA30002B3FF45DAFA388756A5FFAB9
:1042C00083FC2A46117800293FF454AF5078022825
:1042D00004D192F804E0E64500F294800A44F1E744
:1042E0000A704A7038604CE7154499E00B2A7FF455
:1042F00041AF00274FF0FF08C146BA4606E06B7891
:10430000042B0FD0052B21D02B781D442B78002BAC
:10431000F5D1F36913B1514607209847002F7FF478
:1043200030AF27E795F80280A38895F80390984569
:10433000EAD163889945E7D1B8F1070F1DD806EB9C
:104340000803AA4683F8BB900127DDE7A38843450D
:10435000DAD16388DBB24B450AD0AF78384600F03B
:10436000D7FC3846FFF7F4FDB0FA80F77F09CBE7BA
:104370002846FFF787FE0746C6E7AA460027C3E799
:1043800094F900206378002A1ADA002B7FF4F2AE49
:10439000A388DDB25B060AD02846FFF771FD00282E
:1043A0003FF4E8AE96F8BA30002B3FF4E3AED8F80D
:1043B00000402846214617F088FA00236370F8E68B
:1043C000012B08D0032B7FF4D5AE6388002B7FF43C
:1043D000D1AE012103E0618800297FF4CBAE2046F5
:1043E000FFF76AFD00287FF4CCAEC3E60228C8F8C8
:1043F00000207FF4F6AE53883B60C2E618750020BB
:10440000D275002094F9001062780029BFF66EAFD3
:10441000D8F80010002A3FF463AF0A2A7FF4AAAE4E
:104420002A78002A3FF4A6AE687804287FF45CAFAF
:10443000A87883427FF458AF072B96BF9B190023BF
:1044400093F8BB300B70D1E62DE9F84305460F46D3
:104450009046994604264B4642463946284602F085
:1044600007FA10F10B0F044609D1064A06482B46FD
:10447000022116F0A5FF06F0A1FE013EEBD1204679
:10448000BDE8F8834405020830E5010813B5164C71
:10449000237DF3B9E268A168019201AB8020FFF7A8
:1044A000D3FF019AA3681344A360E3689B1AE360F7
:1044B0006BB962B12369E2889A4208DD94F8C8209A
:1044C00093FBF2F102FB11330BB90123237502B008
:1044D00010BD00231A4619468020237502B0BDE89E
:1044E000104002F0C5B900BF187500207FB5002349
:1044F0000D4601930646002862D100293AD10822D0
:104500000B460DEB020117F0EDF9002804DA8020CC
:1045100002F008F904B070BD2E4C029A2260039A92
:10452000626004F13802A2609DF90820BDF80E30E7
:104530002575002AC4E903550FDB802B09D9264ACB
:104540002648012116F06AFE802002F0EBF828468A
:10455000DEE713B1C4E90333DCE7FFF725FD0028EC
:10456000D5D0E28823699A42D4BFE260E360FFF7C6
:104570008DFFCFE7174CD4E90212002A01AB05DC0E
:10458000024617F0AFF90028C4DAC0E717F0AAF91D
:10459000002804DA802002F0C5F83046B8E7019A16
:1045A000A3681344A360E3689B1AE360002BB1D1B6
:1045B00004F13803A360FFF7F7FC0028D7D1A6E782
:1045C0008028A7D1034BDA68002AD0D11B7D002BAD
:1045D000CDD19FE7187500206B05020830E5010872
:1045E000054B064A9A62064ADA62064A1A63064A86
:1045F00058629A61002070471875002051410008E8
:104600008D3D0008353E0008D13D00082DE9F341FD
:1046100004464C4D4C484FF0FF334FF0FF3206F04C
:1046200071F895F8B8306BB1484A4948022116F044
:10463000F5FD6FF07704444806F0D6F8204602B046
:10464000BDE8F0816E6A6EB900F0D4F8FFF7C8FFDC
:104650006E6A3EB93F4A3E48012116F0DFFD4FF039
:10466000FF34E8E73C482C62E86101F09FFF01F06D
:10467000B3FE041EDFDB00F08BFB041EDBDB737874
:10468000012B01D1F3793BB9344A3148012116F0AD
:10469000C5FD6FF01504CEE70026684685F8C830E2
:1046A000ADF802308DF804608DF8006017F0F1F875
:1046B000041EC0DB802768468DF8007017F0E9F80B
:1046C000041EB8DB2649304617F0D8F8041EB2DBCA
:1046D0002349384617F0D2F8041EACDB214CDFF832
:1046E000888044451AD3002002F064F8041EA2DB3F
:1046F000D5F8C430802043F00103C5F8C43002F07F
:1047000059F8041E97DBD5F8C43043F48033C5F85C
:10471000C430012385F8B83000248CE7276A0026CE
:10472000227FF3B29A4201D82434DAE707EBC302BE
:1047300057F83310107917F0A1F801360028EFD0A0
:104740008DE700BF18750020701E00208405020848
:1047500030E50108A7050208D53F0008CC0502088E
:10476000ED4400085C1F0020801F002030B51F4B67
:104770008BB005AA03F1100518685968144603C4E4
:104780000833AB422246F7D11B78237001AC1022CC
:104790000021204619F0C6F812220021144819F011
:1047A000C1F81021204603F089F900281ADD0828F5
:1047B000B8BF082009380E4A0444002114F8013F0C
:1047C0000AA800EB131003F00F0328336B440131E8
:1047D00010F8140C13F8143C10700829537002F1EF
:1047E0000202EBD102480BB030BD00BF0606020842
:1047F000728200202DE9F04F884B87B093F800A01B
:1048000000AFBAF1000F04D085481C37BD46BDE8A3
:10481000F08F834C00264FF00119FE603546B046FC
:1048200023783BB97F4B02349C42F3D17B4A01236E
:104830001370E9E76378052B05D8DFE803F0AE07CE
:1048400003AE1E4FA04623781C44E9E7402307F13E
:10485000100087F810A07B8287F814A001F048FFB1
:1048600040B1082307F110007B8201F041FF08B13D
:10487000A7F812A07B8AE371E5E7E378002BE2D189
:10488000A37813B3FB680133DBB2FB60DBE76B6833
:104890009C421CD02435644B9D42F8D36D4688B0B1
:1048A0006A46624BCDE90534032342F8103F604865
:1048B00000234FF4C251FEF7DBFFAD465C485D4A72
:1048C000012116F0ABFC00209FE75B4DE3E7AB68EE
:1048D000002BD7D0F96820469847D3E7002D5AD14E
:1048E000564A5348012116F099FCE7E72B6AA07855
:1048F00003EBC2010B79984247D14FF0010BE078EE
:1049000094F805C000F003003875207940EA0C20C7
:10491000788294F9020000285FFA8BF328DA0BF111
:1049200010004FF0010C0CFA00F010EA090F27D12B
:1049300043F08000387407F11000C7E90031BA6015
:1049400001F0D6FED7E901123B68C8B93A7CA270E3
:1049500012F0800F18BF10330A7118BFDBB24FF08E
:10496000010214BF9A4002FA0BF249EA02096AE70F
:10497000012000FA0BF010EA090F01D11846D9E71F
:104980000BF1010BBBF1100FB9D101322B7F9A4211
:10499000ACD32B4AA5E70022F8E7032E24D1FFF77A
:1049A000E5FE8346A0B1FCF729FB034680B1102841
:1049B00006D0B860234A1E48022116F02FFCBB68BF
:1049C000102BA8BF10231A465946A01C18F09CFFB4
:1049D00023786FF002011A19091B04EB5303D1422B
:1049E00009D50136F6B22EE7002EF1D1B8F1000F4D
:1049F00008D1154A75E702F801AC13F8010902F86D
:104A0000020DECE7A4EB080388F80230C3F3072398
:104A100088F80330FB6888F80430E2E771820020F0
:104A2000B41E00205B1F0020801F00201706020814
:104A300028E50108FD0602085C1F00203706020871
:104A40007806020895060208E006020810B5094B30
:104A500000211A461C78844205D15C681CB14823A9
:104A600003FB012010BD0131042903F14803F1D1FA
:104A70000020F7E7E47500202DE9FF4150F8303CB5
:104A800010F8346C103304460AD1036950F8282C0E
:104A900098073DD5D2B9590715D5002344F8303CC5
:104AA00054F8303C10330BD054E9097554F81C8C81
:104AB00018F02AFD002857D03248214618F0EFFCA4
:104AC00004B0BDE8F08143F00403236103AB54F864
:104AD0002C1C3046FFF7B8FC034640B12A4A2B484D
:104AE0000096012116F0ADFB6FF01503D6E7039A8F
:104AF00054F82C3C134444F82C3C54F8283C9B1AA2
:104B000044F8283C54F8243C134444F8243CC7E7B8
:104B100003AB54F82C1C304601F014FF0346002868
:104B2000DCD1039D54F82C3C2B4444F82C3C54F825
:104B3000283C5B1B44F8283C54F8243C2B4444F8A4
:104B4000243C002DA9D0304616F0DAFEB5FBF0F378
:104B500003FB1055002DA0D154F8283C002B9CD00D
:104B6000304601F037FF9BE744F8200CA4F1180011
:104B700005F08AFE002DA3D0424639463046A847AC
:104B80009EE700BF602400202B07020838E50108DB
:104B90004B1E012B73B506460D4614D8FFF756FF82
:104BA000044690B9012D0ED101AB01220DF1030194
:104BB000304601F0C7FE019B002BF5D10C4A0D4891
:104BC000012116F02BFB02B070BD18F09DFC04F122
:104BD000340108B1012D05D1084602B0BDE870408E
:104BE000FFF74ABF044802B0BDE8704018F057BC58
:104BF0004807020838E50108602400202DE9F74F36
:104C0000064601911746984616F01DFC04460028FA
:104C10006FD1EFF311830093102383F31288BFF356
:104C20006F8FDFF8D49000220023484605F066FE1F
:104C3000A0B9DFF8C8A0482262430AEB020BDBF8F8
:104C4000045015F1100F1ED12D4A2E483346012174
:104C500016F0EDFA484605F017FE0BE00134042C7F
:104C600009F14809DFD1284A2648012116F0D6FA71
:104C70006FF00B05009B83F31188BFF36F8F2846FD
:104C800003B0BDE8F08F0AF802600C9A019BCBF8E4
:104C900014200D9ACBF81000CBF8182030466FF096
:104CA0000F02CBE90237CBF84480CBF8042016F092
:104CB00027FE68B1304616F023FEB7FBF0F202FB88
:104CC00010772FB1DBF8442042F00402CBF84420E7
:104CD00018F0020F08D0482303FB04A10B4834311D
:104CE00018F0DDFB0025C5E7304601F073FE0546F0
:104CF000C0E76FF00F05C2E700760020E4750020E2
:104D00007D07020838E501086207020860240020D8
:104D100010B5EFF31184102383F31288BFF36F8F64
:104D2000FFF794FE50B14368103307D16FF08B0347
:104D3000436000F13401044818F0B1FB84F311889A
:104D4000BFF36F8F10BD00BF60240020F8B50E4C7C
:104D500004251027EFF3118687F31288BFF36F8FB6
:104D60006368103307D16FF08B030848636004F168
:104D7000340118F094FB86F31188BFF36F8F013D67
:104D800004F14804E6D1F8BDE47500206024002059
:104D900038B5094C00250949204618F055FB012279
:104DA000A4F118001146013518F0CCFA042D04F1D5
:104DB0004804F0D1002038BD18760020794A000858
:104DC0000169012381F84B300B6833B191F8493008
:104DD0001BB10248083118F062BB70476024002004
:104DE0000169012381F84A300B6833B191F84830EA
:104DF0001BB10248083118F052BB704760240020F4
:104E000070B50569EFF31186102383F31288BFF3A1
:104E10006F8FD5F8900016F084F8044686F3118859
:104E2000BFF36F8F30B104480022002305F1180151
:104E300005F006FF204670BD6024002070B50123F8
:104E400082F8483013680D4614463BB192F84A3058
:104E500023B10E4802F1080118F021FBD4F890307C
:104E6000DA885B899A4205D17DB904F118014FF4C3
:104E70007A7204E004F11801002DF8D00022BDE898
:104E800070400248002305F0DBBE70BD60240020A6
:104E900070B50E4681880446C9B21548154616F00D
:104EA000AEFA10B394F900206378002A16DB202BA9
:104EB00004D0222B0ED06FF085000AE02B681A6810
:104EC00040F8102C9A8820F80C2C9B7900F80A3CAA
:104ED000002070BD638800F8093CF9E7212BEAD176
:104EE0001038072328603360F2E76FF01200F0E714
:104EF0000877002008B50146034816F08EFA10B175
:104F0000012300F8073C08BD087700200D4A03463E
:104F10000021A0F848101068C3F894009088927996
:104F2000A3F8980083F89A2083F89C1083F89B10CC
:104F3000A3F89E1083F8A010402203F14C0018F053
:104F4000F1BC00BFA2E5010810B504690023C4F854
:104F5000A8300C4BC4F8A400596804F1A80269B940
:104F6000C3E9002204F10800074918F06DFA04F1C2
:104F70001800064918F0A3FA002010BD0A605A6014
:104F8000F0E700BF0877002071B40108595000080D
:104F900030B54FF40033426805690D4C85B042F2DC
:104FA000A100CDE90103002385F89D30106AADF81A
:104FB0000C1000790A2201A9FFF746FA95F89D30F6
:104FC00023B9012018F021F9013CF7D105B030BD1B
:104FD000A186010073B504698DF80710002384F8D9
:104FE00048301025EFF3118685F31288BFF36F8FD9
:104FF0000122D4F890000DF1070115F092FF86F31D
:105000001188BFF36F8F012810D018F07DFAB0B16E
:105010000F4BBFF35B8F012253E8001F002903D120
:1050200043E800200028F7D1BFF35B8F0A2200235A
:1050300004F11801074805F003FE02B070BD94F8B2
:10504000A130002BE4D000210A2018F007FBC9E7AB
:105050000477002060240020F0B5D0F88C305B6825
:105060001B6A1F7D85B00546384616F0ECF90646EA
:1050700050BB95F886303BB3A86F0146C38831F822
:105080000A2F9B1A9BB2B3F5807F28BF4FF4807321
:1050900003AA15F0F7FE0446B0B18306A5F1180384
:1050A00008BF00F1FF3485F830600193074B039986
:1050B0000093224602233846FFF7A0FDA86F224640
:1050C00000F10A0115F014FF05B0F0BD3D4E0008D7
:1050D00037B514460A1E054621DDD4F88C0004F1CC
:1050E0004C0115F01EFF012384F8493023683BB1C1
:1050F00094F84B3023B1114804F1080118F0CFF9AE
:10510000D4F88C209388918912695B1A9BB2D31AC8
:105110003F2B04D8012384F8A03003B030BD94F8AD
:105120009E30002BF9D0064B0093019401234022BE
:1051300004F14C012846FFF761FDEEE760240020F2
:10514000D150000873B50D4601461D4816F04BF9C5
:10515000044610B3691EA0F1A40605291DD8DFE896
:1051600001F01E1C031E242810F8061CA9B90368B0
:105170005D68012300F8063C2B6A3246187BFFF776
:10518000A7FF14F85C2C42B92B6A187D0D4B0093D5
:10519000019602231146FFF731FD02B070BD304683
:1051A00002B0BDE87040FFF7B1BE012304F8053C32
:1051B000F3E710F8053C002BEFD00023F6E700BF23
:1051C000087700203D4E000813B500240749084821
:1051D00000944FF0FF334FF4806205F0F1FC054975
:1051E000034818F097F9204602B010BD008E002049
:1051F00060240020BD07020837B504698DF8071048
:1052000063680546ABB9BFF35B8F1C4B012253E8C3
:10521000001F002903D143E800200028F7D1BFF385
:105220005B8F04D1164A1748022115F0F7FF03B02F
:1052300030BD18F069F930B9D4E901329DF8071092
:1052400028469847F3E7002300220DF1070104F1F7
:105250001C0018F061F8034620B10B4A09480221EE
:1052600015F0E5FF04F10C0005F0A4FC031EDEDAE6
:10527000064A0448012115F0DAFFD8E7107700202C
:10528000C6070208E0E40108D6070208F60702088C
:1052900010B504690423012204F1500104F11C003B
:1052A00018F026F804F10C00024918F0CDF800209F
:1052B00010BD00BFCDB6010808B50348034A002160
:1052C000121A16F01EFA08BD801F0020988A0020CE
:1052D0000748084A084908B5121A16F014FA074890
:1052E000074A0849BDE80840121A16F00CBA00BF78
:1052F00000000020801F0020C01E020800000020C7
:1053000000000020C01E02082DE9F047064600AF4D
:105310000C46002936D0E9468AB0D1E90012A368CC
:105320006D462148E8464FF0050ACDE90501CDE973
:10533000072348F810AF1D48424600234FF421517F
:10534000FEF796FACD46D4E903126369AD461848D4
:10535000C5F810A0C5E90501C5E9072313480023D6
:1053600042464FF42151FEF783FACD46E369114AD4
:105370000E48012115F05BFFA3690F4A0B4801217C
:1053800015F055FF012E07D1EFF305830B4A0748AF
:10539000103B314615F04BFF2146304604F026FF06
:1053A000BD46BDE8F08700BF3008020890E4010860
:1053B0005F0802088E0802089D080208CB08020850
:1053C00030BFFFF7FDBF00BF2DE9F0410B4EDFF806
:1053D000308006EB0807CC1B0546324609492046BB
:1053E00018F092FAA01942460021083C18F09AFAE7
:1053F000C5F8844007F10800BDE8F081080000000E
:105400000800000058E5010810B5204C204921484B
:1054100016F086F9A36A990136D51E481E4916F082
:105420007FF91E20A36ADA0104D51A481B4916F039
:1054300077F91F20154CA36A1B0304D5154818499A
:1054400016F06EF92120A36A590304D511481549B5
:1054500016F066F922200D4CA36A9A0304D50D4874
:10546000114916F05DF92320A36ADB0304D509482E
:105470000E4916F055F92420044A936A6FEA034353
:105480006FEA1343936210BD1D20CBE700ED00E0EF
:10549000DE08020890E40108F6080208090902087B
:1054A0002309020841090208660902088009020866
:1054B00070B506460D46284C2849294816F030F9A3
:1054C000A36AD9043CD52648264916F029F91720A5
:1054D000A36A1A0504D52248234916F021F9182099
:1054E0001D4CA36A9B0512D51D48204916F018F9DA
:1054F000A36BA26A100409D51D4A1948012115F0B1
:1055000096FE1EB1A36A23F40043A3621920124C35
:10551000A36A590504D51248164916F001F91A2054
:10552000A36ADA050ED50E48134916F0F9F81B20C8
:10553000094A936A43F47F43936200232B7070BD42
:105540001620C5E7A36A9B04F2D505480B4916F05F
:10555000E7F81C20ECE700BF00ED00E0AB09020813
:1055600090E40108C1090208D2090208E50902080D
:10557000FE090208130A02082E0A0208460A020857
:105580002DE9F843804689461746354D354936485A
:1055900016F0C6F8AB6ADE0627D53449324816F055
:1055A000BFF81124AB6A1D0704D531492E4816F007
:1055B000B7F812242A4DAB6A980718D52D492A4806
:1055C00016F0AEF86E6BAB6A190646D52A4A264825
:1055D0003346012115F02BFEB9F1000F03D0AB6A61
:1055E00023F08003AB62132403E01024DAE76FF0AA
:1055F00015061B4DAB6ADA0704D520491A4816F088
:105600008FF81424AB6A9B0604D51D49164816F082
:1056100087F81524124B9A6AD50602D49A6A900725
:105620000AD55B68190507D54146304600F0DAF91E
:1056300010B180F309880224094B9A6A920642BF8E
:105640005A6A22F400525A629A6A42F0FF029A623F
:1056500000233B702046BDE8F8836FF01506C2E7D3
:1056600000ED00E0750A020890E401088B0A0208C8
:10567000D2090208BE0A0208D60A0208EC0A020889
:10568000460A02082DE9F041684B8AB0D3F804803D
:1056900000AF0446C8F30806002585F31188BFF360
:1056A0006F8F02F07F43B3F17F4F07D102F00C03FD
:1056B000082B12D15E495F4816F032F800252C46BF
:1056C0000023FB71F31E092B00F28F80DFE803F04B
:1056D0000A8588818D8D8D8D8D8B10074CBF0C4672
:1056E0000125EDE754495348504E16F019F80023B0
:1056F000FB71F36A9A0705D550494E4816F010F829
:1057000000232DE0F36A002B01DA4D49F5E7F36A37
:105710005B00F5D54B49474816F002F87369A2695A
:1057200043F480737361BFF34F8FBFF36F8F32F811
:10573000023C726922F480727261BFF34F8FBFF333
:105740006F8F03F47F42B2F55F4F2BD1DBB2022B98
:1057500028D123683C4A3748012115F068FD2368A9
:10576000FA79DAB907F1080604F1200C20686168BB
:10577000324603C2083464451646F7D17A6A002DD2
:1057800050D0C2F3080121B96FEA52226FEA4222D7
:105790007A6207F108011846FFF7B6FD2837BD46C3
:1057A000BDE8F081214B9A6AD2B22AB1FA1D0121DB
:1057B0002046FFF7E5FE0EE09A6A12F47F4F04D010
:1057C000F91D0120FFF774FE05E09B6AB3F5803FE9
:1057D00096D3FFF719FE0346C2E7FA1D0021E7E75B
:1057E000F91D0020EEE7194987E7194A194B18F40B
:1057F000F87FE8468AB008BF13466A461649CDE9E5
:1058000005134FF40073ADF82030103E134B07968C
:1058100042F8103F074800234FF41151FEF728F8D3
:10582000C5466DE76FF30802B2E700BF00ED00E088
:10583000390B020890E40108640B02087B0B020894
:105840009C0B0208AA0B0208C90B0208E50B020810
:105850000B0B0208200B0208090C020804000001CF
:10586000044B5A6942F010025A615A6922F0080248
:105870005A61704700ED00E0EFF30880EFF3098113
:1058800001B57246FFF7FEFE01BD00BF0A4880F376
:105890000888102080F3118808484FF404614018EC
:1058A00080F30988EFF314800221084380F3148801
:1058B000BFF36F8F00F05EF8E801012080960020B2
:1058C0001EF0040F0CBFEFF30880EFF3098081692D
:1058D00011F8021C0229FFD001B5724615F015FF20
:1058E00001BD00BF40B2002807DB044A4109012383
:1058F00000F01F00834042F82130704700E100E0D3
:1059000040B200280CDB4309064900F01F00203399
:105910000122824041F82320BFF34F8FBFF36F8FE6
:10592000704700BF00E100E040B20028A8BF00F1CE
:10593000604001F10101B8BF064B4FEA0111ACBF55
:1059400000F5614000F00F00C9B2B4BF195480F8EF
:105950000013704714ED00E0044B054A23F07F0369
:105960009360BFF34F8FBFF36F8F70470000000845
:1059700000ED00E008B5FFF7EFFF0B4AD2F88830E2
:1059800023F47003C2F88830EFF3148323F0040388
:1059900083F31488BFF36F8FFFF78EFCFFF798FC3B
:1059A00000F0C2F804F062FD00ED00E042F8203C97
:1059B000009B42F81C3C0A49019B42F8183C029BA0
:1059C00042F8143C21F001014FF0807342F8043C8E
:1059D00042F8081C0023203A0266C0F8883070475D
:1059E00039300008094A0346906870B113F1160F68
:1059F000406F05D0A0F14002934205D3834203D209
:105A0000814228BF002070470020704730320020BC
:105A100008B50F4B98600F4B04461546D0F884200C
:105A20001A600E4605F0F0F9204600F0ADF82C465D
:105A300086F309880020044B984720460021002265
:105A40000023024C2047000037B701083930000816
:105A50003032002014770020014B10221A61704769
:105A600000ED00E0054BDA699B689A421FBF044ACB
:105A7000536843F080535360704700BF30320020BA
:105A800000ED00E0084B9B6883420BD1EFF30583E8
:105A900043B1064B5A6842F080525A605A6A22F467
:105AA00000425A6205F00EBC3032002000ED00E0EA
:105AB00001B517F034FDBDE8014018498A684FF080
:105AC00040001044EFF3098C80E8F01F102080F3B1
:105AD0001288BFF36F8F124F4FF00066CA698A6059
:105AE0003E60D2F884000F4C2060D2F8880000237A
:105AF000C2F8883080F3118804B5104600F044F8ED
:105B0000BDE8044002F1400090E8F01F8CF30988E2
:105B100001B505F079F9BDE8014070473032002049
:105B200004ED00E014770020044800231021C2187F
:105B300001334A2B82F80013F9D1704700E100E0ED
:105B400008B5EFF30583064A103B02EBC30152F898
:105B5000330049688847BDE80840FFF783BF00BFAE
:105B6000C8DF010801480068704700001477002072
:105B7000024B034A0348012100F08AB800000220CA
:105B80000000002010EA0108436F054A403B136003
:105B9000044B4021C2E901131046012100F082B8F4
:105BA0001877002000000B1508B503461048D0F800
:105BB0009020C2F30722013A934207D90D480E4ABA
:105BC000012115F034FB6FF0150008BDC0F89830C6
:105BD0000A6822F01F021A4342F01002C0F89C200B
:105BE0008A6842F00102C0F8A0201846EDE700BF25
:105BF00000ED00E088E40108200C0208F0B50E4634
:105C000085B01F4604460025B5420DDA606810B322
:105C100097B1431E18420AD0104A11482B46012161
:105C200015F005FB6FF01502104605B0F0BD1F28FA
:105C3000F2D921680B42EFD12368019315F08FFD53
:105C4000A36801A90343D0B20393FFF7ADFF10F19E
:105C5000160FE7D0421C01350C34D5E7460C02087C
:105C600088E40108044B0522C3F89420BFF34F8F4A
:105C7000BFF36F8F704700BF00ED00E0BFF35F8F91
:105C8000024B0022C3F89420704700BF00ED00E0F3
:105C900010B5034C01232278FFF7B0FF207010BD30
:105CA0008482002008B50B4A00231278FFF7A6FF74
:105CB00010F1160F07D0084A0021D2F89030C3F334
:105CC0000723984200DB08BDC2F89800C2F8A01074
:105CD0000130F2E78482002000ED00E02DE9F0437E
:105CE0005D485E49D0F890300C68C3F307239C42AE
:105CF00085B000F2AE80FFF7C1FF496800229442F0
:105D000001F10C011AD1564F564D3C706846FEF712
:105D100037F8554C554E81464FF00008C14520D10B
:105D20003B784D490020D1F89020C2F307229342DE
:105D3000C0F28980FFF796FF002050E0C0F898205D
:105D400051F80C3C23F01F03134343F01003C0F839
:105D50009C3051F8043C43F00103C0F8A0300132FC
:105D6000CDE7009800EB08114FEA081CCB682340F0
:105D7000B3F5000F49D00BD8B3F5001F32D0B3F5FF
:105D8000800F37D0B3F5801F14D008F10108C5E7A4
:105D9000B3F1007F42D0B3F1805F48D0B3F1807F90
:105DA000F3D150F80C3088684A6815F0D8FC40F000
:105DB000887009E050F80C3088684A6815F0CFFC0C
:105DC00040F0885040F43020039001A93878CDE9A4
:105DD0000123FFF7E9FE002831DA6FF0150005B066
:105DE000BDE8F08350F80C3088684A6815F0B7FCBD
:105DF0003043E9E750F80C3088684A6815F0AFFC8A
:105E000040F0C06040F40030DEE750F80C308868A5
:105E10004A6815F0A4FC40F08270D5E750F80C30C9
:105E200088684A6815F09BFC40F48020CCE750F865
:105E30000C3088684A6815F092FC2843C4E73B7828
:105E400001333B70A1E7C1F89830C1F8A0000133DD
:105E500069E74FF0FF30C2E700ED00E01CEA0108FF
:105E600084820020000002110000F0FF00000811F1
:105E7000F0B587B007460E4614460021102268464A
:105E80001D4617F04FFD02238DF802302A46054BC0
:105E9000019321466846CDE9047614F063F807B013
:105EA000F0BD00BF7FB7010808B5024813F0AAFF94
:105EB000FEE700BF7B0C020808B5024B1B68984741
:105EC000002008BD24770020034B044A1860937813
:105ED00043F002039370704724770020A808002045
:105EE00008B50649064821F00701C1F1005202F544
:105EF000003214F073FC002008BD00BFD34801201D
:105F00002877002003484FF0FF324FF0FF3304F0B2
:105F1000F9BB00BFB8080020014804F065BC00BF11
:105F2000B808002038B50546FFF7ECFF08482A46B8
:105F3000082114F0AAFB044628B925B1FFF712FE88
:105F4000044B0C221A50FFF7E7FF204638BD00BF74
:105F5000287700201400000038B504460D46FFF7EE
:105F6000D1FF214608482B46082214F0FFFB0446C7
:105F700028B925B1FFF7F6FD044B0C221A50FFF7A4
:105F8000CBFF204638BD00BF28770020140000005A
:105F900010B50446FFF7B6FF21460348FCF7E0FBC7
:105FA000BDE81040FFF7B8BF2877002070B5A0FB10
:105FB000015434B92846FFF7B5FF064640B93046CC
:105FC00070BDFFF7CFFD054B0C221A500026F6E7F7
:105FD0002A46214617F0A6FCF1E700BF1400000096
:105FE00038B5084C0025204617F0A5F904F1140037
:105FF000013517F085FA052D04F12404F3D10020B2
:1060000038BD00BF347700202DE9F8430D46064621
:1060100008B301B33D2117F0ACFCE0B90F4BD3F846
:106020000090B9F1000F04D0C846444658F8047BEC
:1060300017B96FF001000CE02A463146384617F0D8
:10604000A5FC0028F1D17B5D3D2BEED1A4EB09002E
:106050008010BDE8F8836FF01500FAE7E8770020BC
:1060600070B50646E0B1FAF7C9FF05460E484FF095
:10607000FF324FF0FF3314F08BFC044690B92946F1
:106080003046FFF7C1FF002805DB084B1B6853F8BB
:10609000204001352C44044814F075FC204670BDA6
:1060A0000546E3E70024F9E7841E0020E877002096
:1060B00010B50C4614F051FC2146FCF781FF031E7D
:1060C00007DAFFF74FFD044A5B4213504FF0FF30F1
:1060D00010BD0020FCE700BF1400000038B5064DDD
:1060E00000242846013417F00BFA052C05F10C05A5
:1060F000F7D1002038BD00BFEC77002038B5064D41
:1061000000242846013417F016F9052C05F1140572
:10611000F7D1002038BD00BF287800200A4B0B4A79
:1061200030B51C460025191BB1F5407F01D9002070
:1061300030BD506803F19801C3E926200160C033E7
:1061400003F8045C5160EEE710250020CC08002025
:1061500007B5084A92E80300CDE9000106488268C5
:10616000126822B16946904703B05DF804FB6FF0F6
:106170005700F9E790E5010880DC010800F01F02F4
:1061800001211F2808B501FA02F2034605D9064885
:10619000064A15F04CF8002008BD054B5B699A4390
:1061A0000CBF01200020F7E728E40108EA0C0208F0
:1061B000003C014000F01F0201211F2808B501FA30
:1061C00002F2034606D90548054A15F030F86FF08B
:1061D000150008BD034B00205A61FAE728E40108C6
:1061E000EA0C0208003C0140044B18440023013330
:1061F0008B4200F8012BFADB704700BFC21D002064
:106200002DE9F041104F054600264FF001086B784C
:10621000F4B2A34201D8BDE8F0812B781C4420469B
:10622000FFF7ACFF68B12046FFF7C4FF57F83430E2
:106230003BB107EBC40204F01F04516808FA04F0F4
:1062400098470136E3E700BF8C780020034660B131
:10625000B0FA80F2C2F11F02D2B205498856054A4F
:1062600011680B431360FFF73DBBFF22F5E700BF4A
:10627000C21D0020003C0140024A136823EA0003CB
:1062800013607047003C0140032921D8DFE801F08A
:10629000020C10190F4B9A6822EA00029A60DA6821
:1062A00022EA0002DA6070470A4B9A680243F5E777
:1062B000084BDA680243DA609A6822EA00029A60C0
:1062C0007047044B9A6802439A60DA681043D860BA
:1062D000704700BF003C014030B5B0B1B0FA80F368
:1062E000C3F11F03DBB20B4850F833408C4204D19A
:1062F00000EBC3056D68954205D044B940F83310F2
:1063000000EBC3004260002030BDFF23EBE76FF0DD
:106310000F00F9E78C78002060B1B0FA80F3C3F188
:106320001F03DBB2044A002142F8331002EBC30220
:1063300051607047FF23F5E78C78002000F00302DE
:10634000043292000F23934043EA9000C3B2023319
:10635000054A52F82320030C02EA104093FAA3F3F3
:10636000B3FA83F3D84070470038014020F0800230
:10637000032A0BDC064B10F0800FA3F1B00114BF11
:10638000184608462C2303FB020070470020704784
:10639000682E0020014802F083BF00BFD0280020F3
:1063A00008B502460349044815F05FFA6FF015007E
:1063B00008BD00BF2A0D020820E5010808B5024605
:1063C0000349044815F051FA6FF0150008BD00BFED
:1063D000430D020820E5010870B58AB05E4C2046E6
:1063E00016F039FF40B95D495D4815F043FA6FF08A
:1063F000120420460AB070BDA568AB6933B959498B
:10640000574815F037FA6FF00404F2E756490022B6
:10641000204698470028F2D12B680BB95349EFE783
:106420005349204698470028F8D1EB680BB95149E9
:10643000E6E74D4909AA2046984706460028F6D1C6
:10644000099A4D4B9A4206D04C49454815F00DFA31
:106450006FF08504CDE74A4D4FF0A0432B60042335
:106460002B714FF44073A873EB8001464FF4107307
:1064700044482B8109AA15F0F9FE041E07DB099B8D
:1064800032461979186815F004FF041E05DA3E49F2
:106490003348224615F0E9F9ABE7394816F035FAEA
:1064A000024620B139492E4815F0DFF9ABE73448F0
:1064B00016F0BAFA024608B13549F4E7304816F04A
:1064C00093FA044610B133490246ECE7402385F8BD
:1064D000EC0485F89C05A5F8E834A5F898352E4D10
:1064E0002748A02116F00CFC10222146A5F2AC5042
:1064F00016F0E7FB012211462846013416F022FF70
:10650000042C04D01E482C353022E1B2F0E7234998
:1065100010230222A1F59A7016F0EAFE0022002351
:106520000024CDE906236FF00D030122CDE90332EB
:10653000CDE901441A4B1B4900944FF480621A487C
:1065400004F036FC224621464320FFF7EDF94320B4
:10655000FFF7C8F94DE700BF80DC0108550D0208C0
:1065600020E50108740D020868EA0108960D02088A
:1065700060EA0108B10D0208006CDC02D50D0208CA
:10658000D028002040EA0108F10D02080F0E020891
:10659000230E0208370E02087C2E0020DC3000207B
:1065A0004D66000840920020182F0020014BC3F8D0
:1065B000E4047047D028002013B50446014607487C
:1065C00016F058FA40B1064A0090234605480121CA
:1065D00014F037FE6FF0040002B010BDD028002088
:1065E0004C0E020820E501081346020613B50446C6
:1065F0000BD5802800D15BB110481149224615F017
:1066000034F96FF0150002B010BD402B28BF4023B5
:1066100024F080020B48920102F20C7202442146DF
:1066200016F09AFA0028EED0074A00902346034855
:10663000012114F006FE6FF00400E4E720E50108F4
:10664000430D0208D0280020720E02081C4B13B51F
:10665000A3F5DB641A484FF0FF324FF0FF3301A976
:1066600003F0ECFF9DF80500FF2808D1D4F8E434CE
:10667000002BEFD09DF8040000219847EAE72C2278
:1066800000F07F03534302064CBF03F5B36303F5E9
:106690009D6323449B68002BDCD09DF80410984731
:1066A0009DF804000028D5D1B4F8A224002AD1D046
:1066B00094F99C34002BCDDB0249FFF795FFC9E725
:1066C000A82F0020DC2F0020030610B50C4600D4B4
:1066D00021B9FFF773FE6FF0150010BD01460348A6
:1066E00016F057FA20600020F7E700BFD0280020FE
:1066F00008B5027903784AB913F07F0005D006493E
:10670000064815F0B7F84FF0FF3008BD13F07C00D5
:10671000FBD00349F4E700BF980E020820E501080A
:10672000B70E020837B50546FFF720FE044690B1C4
:106730000A48294616F04FFA50B1094A00902B46F4
:106740000848012114F07DFD6FF0040003B030BD56
:1067500001236371FAE76FF01500F7E7D0280020F6
:10676000DB0E020820E5010837B50546FFF7FEFD00
:106770000446A8B143798BB10B48294616F062FA5A
:1067800050B10A4A00902B460948012114F059FDE6
:106790006FF0040003B030BD6071E0600020F9E7E5
:1067A0006FF01500F6E700BFD0280020020F0208A6
:1067B00020E5010873B50446FFF7D8FD054600B390
:1067C000114E037902882146304616F066F950B121
:1067D0000E4A009023460E48012114F032FD6FF05E
:1067E000040002B070BD63B2002BFADD06EB841129
:1067F0002A8801F20C71204602B0BDE87040FFF714
:10680000F3BE6FF01500ECE7D0280020290F020836
:1068100020E5010813B50446FFF7A8FDD0B10F48E5
:1068200083681B6913B9002002B010BD0C4998475A
:106830000228F8D10B48214616F064F90028F2D05E
:10684000094A009023460948012114F0FAFC6FF030
:106850000400E9E76FF01500E6E700BF80DC0108FF
:1068600060EA0108D02800204C0F020820E501084A
:106870002DE9F7430546894616469846FFF776FD0B
:1068800008B12B060AD42A492A482A4614F0EDFFFB
:106890006FF01504204603B0BDE8F08300F1140743
:1068A00000220023384604F029F8044638B1224972
:1068B0000246204814F0D9FF6FF00A04EAE716F008
:1068C00023FE10B94320FFF71BF8802D02D1402E84
:1068D00028BF40264A4619483346294616F061F932
:1068E0000246C0B1164A00902B461248012114F00E
:1068F000A8FC384603F0C8FF6FF0040416F004FE4D
:1069000010B94320FEF7EEFF74B9B8F1000FC1D003
:10691000C8F80060BEE7802DF0D1002EEED0014611
:106920002846FFF761FEE9E76FF00404B2E700BF15
:10693000430D020820E50108700F0208D02800204E
:106940008E0F02082DE9F8430446884691461F46FB
:10695000FFF70CFD054640B919492246194814F0C5
:1069600084FF6FF01500BDE8F8832306C66802D5E2
:1069700015492246F2E7B8F1000F16D00369134912
:10698000A4014E4504F20C7428BF4E461C44324606
:106990002144404616F0B8FFEB689B1BEB602B6967
:1069A00033442B614FB90020DDE7B9F1000FF9D076
:1069B0000749044814F05EFFF4E73E60F3E700BFC8
:1069C000B50F020820E50108C90F0208D0280020F1
:1069D000EA0F020810B50446FFF7C8FC08B1230609
:1069E00005D52046FFF7DCFC6FF0150010BDC3682D
:1069F0000BB10020FAE70449028801EB841120461C
:106A0000FFF7F2FDF5E700BFDC2F002007B50023FC
:106A100040228021134816F040F8002340221946F6
:106A2000104816F03AF8104803F02EFF0F4803F014
:106A30002BFF0F4803F028FF0E4803F025FF0E4BF5
:106A40001B88ADF8043000220C48002301A916F081
:106A500063FC024618B10A490A4814F006FF03B065
:106A60005DF804FBD02800207C2E0020A82E0020FA
:106A7000D42E0020002F0020A9E50108A82F002017
:106A8000FA0F020820E5010807B5094B5B88ADF84D
:106A9000043000220748002301A916F03DFC0246FD
:106AA00018B10549054814F0E0FE03B05DF804FB99
:106AB000A9E50108A82F0020FA0F020820E5010827
:106AC00007B5094B9B88ADF8043000220748002326
:106AD00001A916F021FC024618B10549054814F039
:106AE000C4FE03B05DF804FBA9E50108A82F00204F
:106AF000FA0F020820E5010807B5094BDB88ADF85D
:106B0000043000220748002301A916F005FC0246C4
:106B100018B10549054814F0A8FE03B05DF804FB60
:106B2000A9E50108A82F0020FA0F020820E50108B6
:106B300007B5094B1B89ADF8043000220748002334
:106B400001A916F0E9FB024618B10549054814F001
:106B50008CFE03B05DF804FBA9E50108A82F002016
:106B6000FA0F020820E5010813B5104C0823D4F8E9
:106B7000A014D4F89C04C4F8F43404F20C7200237A
:106B800082E80300C4F8F834ADF804300022002392
:106B900001A904F5DB6016F0BFFB024618B10449F9
:106BA000044814F062FE02B010BD00BFD0280020DF
:106BB000FA0F020820E5010837B501F07F042046EE
:106BC000FFF7D4FB054600F10C012046FFF77CFDE2
:106BD00000232B6101238DF804308DF8054000223D
:106BE0000648002301A916F097FB024618B1044994
:106BF000044814F03AFE03B030BD00BFA82F0020B7
:106C0000FA0F020820E5010813B541F08004204680
:106C1000FFF7ACFB143003F037FE02238DF804308D
:106C20008DF8054000220648002301A916F074FBE8
:106C3000024618B10349044814F017FE02B010BD13
:106C4000A82F0020FA0F020820E5010870B544685B
:106C500094F84530DA0609D40B799B0606D53449F9
:106C6000344814F06BFE6FF0150070BD0B78092BE3
:106C700001D03149F4E74B78042B01D02F49EFE7DD
:106C80004B88DBB143F6FF72934221D09A0B032A63
:106C900005D02B49274814F051FE2A49E0E72A4D38
:106CA00004F12E06002236F8020F284380B28342F8
:106CB00005D00132082AF6D12449EBE71A4694F9A7
:106CC00041303BB1013BDBB2012B2FD92049E1E739
:106CD0000722F4E70B79206803F01F0303EB43015D
:106CE000092B93BF43EA01531E3943EA015343F092
:106CF000007303F000754FF0007191FAA1F1B1FA41
:106D000081F1CD400C3003F0F8734FF0F87191FA37
:106D1000A1F1B1FA81F1CB4050F82540072199400B
:106D200024EA01019A400A4340F8252000209CE70C
:106D30001F10020808E401084F100208641002083E
:106D40007E100208FF10020800C0FFFFA610020814
:106D5000C91002082DE9F743DFF8D09047680669AB
:106D6000D9F808803D68C6F8A0004FF6FF73A6F872
:106D7000B6304468D8F8003004F108012BB3484617
:106D80009847024608BB94F84530DB0714D494F8C2
:106D90004530980708D5D8F8183004F11801A3B188
:106DA00022480022984780B9214A216A536823F477
:106DB00040330B43536008E0D8F8183004F1100159
:106DC0001BB1484698470028E1D0786A01AA002103
:106DD00015F04CFA041E07DB019B00221979186894
:106DE00015F057FA041E0BDAA11C09D0114A1248FB
:106DF0002346012114F01BFA204603B0BDE8F083BE
:106E00007B6803B19847AB68DA0707D52B68AB6896
:106E100023F00103AB60AB68DB07FCD4B36C1BB998
:106E200006F1400003F030FD0024E5E780DC0108B6
:106E3000002301401511020808E4010838B5334C5D
:106E400023689A0606D56FF0200323603049314845
:106E500014F074FD23689B0747D5E26C2E4CD4F8E0
:106E6000A430991CC4F8A4101A8094F8B53094F892
:106E7000B4200133DBB29A4284F8B530254634D1D0
:106E8000002384F8B530636FB3B3D4F88C304BB1C2
:106E9000B4F89820214804F17401984701280BD0D8
:106EA000022823D0B4F89830B4F894209A421DD91F
:106EB0000133A4F8983003E0D4F8A830C4F8A43023
:106EC000D4F8883023B9BDE83840134814F03ABDEF
:106ED000BFF35B8F55E8003F5A1E45E800210029AB
:106EE000F8D1BFF35B8F012BEDDC38BDD4F88830CF
:106EF00013B10B4816F070FC4FF6FF73A4F8B630D0
:106F00000848BDE8384003F0BFBC00BF0020014086
:106F10003311020808E40108B000002008DE01086F
:106F2000B8000020080100202DE9F04F036987B068
:106F3000403307460D4603934FF0FF324FF0FF33C7
:106F4000039803F0DBFC7B683C691E68AB68C4F8FF
:106F5000A430D5F80490C4F8B0904846FAF756F833
:106F6000002384F8B40084F8B53095F810C084F894
:106F7000ACC0B9F1000F0CD18E498F4814F0DEFC83
:106F80006FF01504039803F07FFC204607B0BDE8BE
:106F9000F08F102806DD894A87481023012114F05C
:106FA00046F9EDE77868026890F940E073450BDB3D
:106FB00010D18349804814F0C1FC6FF01504814959
:106FC0007D4814F0BBFCDDE7816AC95C614501D0F6
:106FD0000133EBE7516801F0407EC16A4FEA830C50
:106FE00051F823309E450AD09368D90738D4C16A36
:106FF000536851F80C1023F040730B435360D7F8DB
:1070000004B03B69DBF80010D3F8B0C04FF4407314
:1070100093FAA3F3B3FA83F34FF00009059301F158
:107020002C08BCF1000F29D14B6843F480734B60EE
:1070300094F8B4202B68520013B19B8903FB022201
:10704000EB68934257D25C48009201215E4A14F0EB
:10705000F8F85E49584814F071FC6FF00B0491E7A2
:107060001368DB0607D4936823F0010393609368E9
:10707000D907FCD4BBE76FF00F04A0E79CFAACF291
:10708000B2FA82F202EB4203092A9BF9420095BF51
:1070900042EA03531E3B43F0007342EA03530128C4
:1070A000049321D15FFA89FA4948059F50F82A00D4
:1070B00000F4407E2EFA07FE00F01F0058F82E70F4
:1070C0003B461F27874023EA0707049B03F01F0363
:1070D00083401F4348F82E703E48CB6A50F82A0080
:1070E00023F470030343CB62012303FA02F22CEA78
:1070F000020C994495E76B7C33B137492E4814F064
:107100001DFC6FF085043DE7AB7C0BB13349F5E71F
:10711000B368DB075EBFB36843F00103B3606FF091
:1071200020033360B36843F48063B360736843F053
:10713000200373602F460FCF04F174060FC63B681F
:107140003360002626672B687BB30FCB04F18805DC
:1071500085E80F006567A4F8986030B3BFF35B8FD4
:1071600054E8003F44E80062002AF9D1BFF35B8F86
:10717000D4F88800633046F1000164220023F9F757
:1071800011FF0022CDE90001002304F1080004F002
:107190007FFB4FF0FF324FF0FF3304F1580003F054
:1071A000ADFB00B12067246FECE6204614F0CAFB6B
:1071B000EFE700BFAC11020808E40108C1110208A2
:1071C000EA110208FD1102081E1202084312020809
:1071D00020EB0108E0EA0108541202086F120208CD
:1071E00038B508883B4BC0F30B0016281B680D46CA
:1071F00014463ED810B96FF0850039E001381528E3
:10720000F9D801A252F820F065720008C172000896
:1072100061720008C1720008BD7200089B7200080C
:10722000AB720008F7710008F7710008F7710008E9
:10723000F7710008F7710008F7710008F77100088E
:10724000F7710008F7710008F7710008F77100087E
:10725000F7710008F7710008657200086572000890
:107260004FF4FA4323602968B1F5805F2AD20020E9
:1072700038BD44280ED82F28BDD900F57D61C1F353
:107280000B0101228A4014490A42EBD14028B2D1B5
:107290005B08E7E7A828E5D0ADE700F0CFF8C0220B
:1072A0001923B0FBF3F35343F2E700F0C7F8C02211
:1072B0001923B0FBF3F353439B08D3E7074BD1E704
:1072C0000023CFE7C1F313310131B3FBF1F32360A6
:1072D000CDE700BF400900201101100040787D017A
:1072E000162808D8054BC34013F0010F0CBF6FF0F0
:1072F0008500002070476FF085007047EA0060004D
:1073000070B5494C494D00F0B9F8204614F0B3FB74
:1073100001F092FFAB68464AC3F30313D35C20FA33
:1073200003F613781C41A64202D2204602F094FDD7
:107330002B6823F480232B602B6843F480332B606D
:107340003A4B1A689103FCD55A6F42F001025A6712
:107350005A6F9207FCD59A6802F00C02082A17D1DE
:107360001A68950707D41A6842F001021A602F4A7A
:1073700013689807FCD52D4B9A6822F003029A6097
:107380009A6812F00C0FFBD19A6822F0F0029A6012
:10739000264D2B6823F080732B602B689901FCD459
:1073A000244AD2F8043823F44033C2F80438D2F81F
:1073B000043823F0706343F08063C2F8043800F0AF
:1073C00041F82B6843F080732B60184B1A689201C8
:1073D000FCD59A6822F0F0029A609A6822F00302C3
:1073E00042F002029A609A6802F00C02082AFAD16E
:1073F000A64202D3204602F02FFD0F4B0A4A1A6024
:107400000A4B9A6822F4E05242F480529A609A68D9
:1074100022F460429A60D3F88C2022F08072C3F884
:107420008C20002070BD00BF00D8B8050038024095
:107430002F1D02080030024040090020004870471C
:1074400040787D01084B09495A681140084A0A43AF
:107450005A605A68074922F440325A605A6811400B
:10746000054A0A435A607047003802400080BFFF57
:10747000193040000080BFF019304004064B1A6CF0
:1074800042F0805282B01A641B6C03F08053019367
:10749000019B02B0704700BF0038024008B50748A2
:1074A00015F0D9FE38B10648FEF70EFD0448FBF78B
:1074B000BDFD002008BD6FF01200FBE7B4DD010840
:1074C000C57400080A2838B5074D044604D1AB68D6
:1074D0000D215B6828469847AB6803485B68E1B2BA
:1074E0009847204638BD00BFB4DD010808B5FBF75A
:1074F000B9FE044A136F23F400431367FBF7D0FE71
:10750000002008BD00380240094B5A6822F07F4332
:1075100023F0C00302F4F850C2F3074210431A04E8
:1075200002F47C12DB02104303F0E063184370475F
:1075300000280040024BD868C0F30020704700BF0D
:107540000028004070B5104CCA2363625323636265
:10755000E3685A0601D5002070BD4FF0FF33E360A9
:1075600001F056FE094E0546E3685B06F3D401F0D0
:107570004FFE431BB342F7D96FF08003E360FF2354
:1075800063626FF07300E7E700280040FF760100B8
:1075900008B5FBF767FE044A136F43F40043136713
:1075A000FBF77EFE002008BD0038024010B50469DC
:1075B000FBF758FE0C4BCA225A6253225A62DA6811
:1075C000D2B262F4C072DA609A6822F480529A6091
:1075D0009A6822F480729A60FF225A62FBF760FE7A
:1075E0000020206010BD00BF002800402DE9F041C0
:1075F0005E4E0369B768D0F8048000221A603B68C9
:10760000D8F8141005464BB9594A5A48012113F0CD
:1076100005FE6FF004052846BDE8F0813046984726
:1076200004460028F0D1FBF71DFED8F81410BB6902
:1076300008313BB9504A4F48012113F0EFFDFBF7E9
:107640002FFEE6E72246304698470028F2D14B4A03
:10765000136F43F400431367FFF774FF70B1484A98
:107660004448012113F0DAFD464A4248012113F053
:10767000D5FD6FF07305FBF713FECCE7424B434C8F
:10768000C3F808084FF6FF72C3F80008C3F81428BF
:1076900042F20112C3F804283D4AC3F81028C3F887
:1076A0001C08C3F82008C3F83C08C3F82C08C3F82A
:1076B0004408C3F84808C3F80C086FF08003E3607F
:1076C000FF236362E368334F03F0800363F0A0039A
:1076D000E36001F09DFD0646E3689B0638D401F0A7
:1076E00097FD831BBB42F7D9BEE7A36823F0400395
:1076F000A3602369F26823F4FE0343EA0243236193
:10770000236932696FF30E03134323616FF0800323
:10771000E360FF22CA236262636253236362A36849
:1077200043F02003A3601C4B62621A6842F40032EB
:107730001A609A6842F400329A60FBF7B1FD2A465B
:1077400029462920FEF7F0F82920FEF7CBF862E75A
:107750006E68FFF7F7FE05460028C6D0084A0548C0
:10776000012113F05BFD0D4A7FE700BF80DC0108BB
:10777000AD12020820E40108BD12020800380240E0
:10778000D4120208F2120208002000400028004033
:10779000FF007F00FF760100003C01400713020854
:1077A000F0B58BB005462422002101A816F0BAF8E6
:1077B0002A4F2B4EFFF7A8FE01463C683B68344039
:1077C00033409C42F9D1FFF79FFE8842F2D1C1F3CA
:1077D000031303EB830201F00F0303EB4203DBB25D
:1077E00064330693C1F3033303EB8302C1F3032332
:1077F00003EB4203DBB2013B0593C1F3035303EBFD
:107800008303C1F3034101EB4301230DC4F303429E
:1078100003EB830302EB43030393C4F30233C4F388
:10782000032203EB830302EB43030293C4F302132B
:1078300003EB830304F00F0404EB4304C9B201A873
:1078400001940491FBF78AFC0446284614F014F9CD
:10785000044B234458430BB0F0BD00BF0028004048
:107860007F7F3F0080BC92C72DE9F041184C07692B
:107870000546D7F80080FFF793FFE368DB0506466F
:107880001FD5FBF7EFFCCA23636253236362E368EF
:10789000DBB263F4C073E360A36823F48053A36096
:1078A000A36823F48073A360FF236362FBF7F8FCF3
:1078B000B8F1000F05D00021BB6839603246284678
:1078C000C047044B4FF400325A61BDE8F08100BF5D
:1078D00000280040003C01402DE9F041D0F8108024
:1078E0008CB015460746FFF75BFFD8F800606C6860
:1078F000002E40F085802B68C8F80030AB68C8F8CF
:107900000830ED6815F0010574D10134044438469F
:1079100014F0B2F8B4FBF0F03B4C041945F100064A
:1079200003A96846CDE9004612F0BEF9FBF79AFCC0
:10793000364B5320CA245C6258629A6822F48072E3
:107940009A60DA6922F08042DA619DF81820D969DC
:107950000A25B2FBF5F605FB162242EA061221F0D3
:107960007C5141EA0262DA619DF80C20DF69B2FBCA
:10797000F5FC05FB1C229DF814609DF8101042EAEE
:107980000C1227F07F1727F4FE47D2B23A43B6FB1A
:10799000F5F705FB176646EA0716F6B242EA064215
:1079A000B1FBF5F605FB161141EA0611C9B242EA30
:1079B0000122DA61DA69FF2102F07F32DA6159626D
:1079C0005C6258625A6C22F070625A649A6842F49F
:1079D00080729A60DA68D2B262F4C072DA609A6831
:1079E00042F480529A605962FBF75AFC00200CB0B6
:1079F000BDE8F081384614F03FF8B4FBF0F48FE7AF
:107A00006FF00F00F3E700BF80436D38002800409F
:107A10002DE9F843D0F804900746D9F808009046BD
:107A20000D461E4613F001FFB8F5001F044616D19F
:107A30002846D9F80840FEF781FC84420CD129463B
:107A400013F0F3FE0446FEF717FC2046FEF764FC35
:107A500000212046FEF718FC0020BDE8F883B8F5A9
:107A6000800F20D0B6F1806F19D0B6F1C06F18D05A
:107A7000B6F1007F1AD102260F493A462046FEF79A
:107A80002BFCB0B9D9F80810284613F0D3FE2046D5
:107A90003146FEF7F9FB2046FEF7D8FBDCE701266E
:107AA000EAE70326E8E76FF08500D6E76FF01500F8
:107AB000D3E76FF00F00D0E727BC01081FB50C4BD0
:107AC000D3F8182A12BA0192D3F8142A12BA0292E1
:107AD0000C29D3F8103A28BF0C211BBA0C460A46D1
:107AE00001A9039315F010FF204604B010BD00BF9C
:107AF0000070FF1F80B500AF8AB06A46094B07913E
:107B0000CDE905304FF40073ADF82030064B42F854
:107B1000103F064800234FF41151FBF7A9FEBD4664
:107B200080BD00BF3D1302080400000160E40108AD
:107B300008B5044A0448012113F070FB6FF00400FB
:107B400008BD00BF5113020860E40108F7B5044600
:107B5000436806691C48DD680F4659688368DB681E
:107B6000002201924BB9194A1948012113F056FB22
:107B70006FF00404204603B0F0BD01AA9847002826
:107B8000F1DB376306F118074FF0FF324FF0FF3398
:107B9000384602F0B3FE2B6823F001032B60204629
:107BA00096F8621014F0E3F82046019900F0A0F86E
:107BB00096F8613004461BB12B6843F001032B603B
:107BC000384602F061FED5E780DC01086F13020839
:107BD00060E4010870B50446466805694FF0FF325D
:107BE0000021284615F0AEFB336820469847002355
:107BF00085F8603085F862300122114605F11800E1
:107C000015F0A0FB204600F03FF83169184B99426F
:107C100022D015D8174B994220D0174BCB1A594276
:107C200059418900204641F01001FFF78FFF041EE3
:107C300018DA124A1248012113F0F0FA204670BDFA
:107C4000104B99420CD003F5C31303F520639942FE
:107C50000CBF0A210021E5E70621E3E70221E1E765
:107C60000821DFE7012385F860300024E6E700BF44
:107C700040420F00A0860100801A06009D130208F2
:107C800060E4010840E1330037B5456801AA68693E
:107C9000002114F0EBFA041E07DB019B0022197986
:107CA000186814F0F6FA041E08DA0D4A0D48234647
:107CB000012113F0BCFA204603B030BD0A486968C0
:107CC00083681B683BB9094A0648012113F0A6FAEC
:107CD0006FF00404EFE7984704460028EBD0F2E782
:107CE000E813020850E4010880DC010806140208C9
:107CF00010B502694368126BDB68C2F34202012AC5
:107D000004D0022A21D06FF0150010BD58681F4A18
:107D1000B1FBF2F220F03F0010435860186A0132C4
:107D200020F03F0002431A62194AB1FBF2F140F61B
:107D3000FC72114208BF0421DA6922F44F4222F09A
:107D4000FF020A43DA610020DFE758680F4AB1FBFF
:107D5000F2F220F03F0010435860186A4FF4967416
:107D6000624320F03F004FF47A74B2FBF4F2013228
:107D700002431A62074A914289BF013248F2010167
:107D8000B1FBF2F141F40041D6E700BF40420F00E1
:107D9000400D03007F4F12002DE9F0418C460CF19D
:107DA000FF3E19464368BDF818701D68BEF1030F09
:107DB00009D9864A63468648012113F038FA6FF0E4
:107DC0001500BDE8F081B5F1804F0ED081488542A5
:107DD0000BD0B2F5803F08D97D48134601217E4A79
:107DE00013F025FA6FF08500EBE77C48BCF1040F37
:107DF00050F82E6016BF7A48002450F82E40F8053F
:107E000003D51CB9774A6346D5E734462AB92B6AAD
:107E100023EA04032B620020D3E79B68002B40F089
:107E2000828002F1FF3807F00100402C4FEA400049
:107E300000F0918000F28680042C00F08E80102CDF
:107E400000F08D80012C14BF06230023664F2A6AA0
:107E500017F803C0022707FA0CF300FA0CF022EA25
:107E6000030303432B62614B284653F82E30984797
:107E7000C5F82C802B6A34EA0303CCD0402E7BD08B
:107E800071D8042E7AD0102E7AD0012E14BF06237A
:107E90000023574F574817F803C010F803E005F1C7
:107EA0001801732351F80C2003FA0EF322EA03039E
:107EB000602202FA0EF21343402C41F80C306CD0D1
:107EC00062D8042C6BD0102C6BD0012C14BF06236D
:107ED0000023DFF824C16A681CF803C04FF48073E4
:107EE00003FA0CF322EA03036B602B6A1C432C6237
:107EF0002B68402E43F080032B605FD055D8042EB2
:107F00005ED0102E5ED0012E14BF06230023FA5C33
:107F1000C05C8C580823834023438B506B6943F02B
:107F200001036B6177E7102B01D1013979E723F069
:107F30004000202802D0402B7FF454AF49084FEA7C
:107F4000520870E7B4F5807F0BD0B4F5806F14BF92
:107F5000062305237AE7032378E7012376E7022344
:107F600074E7042372E7B6F5807F0BD0B6F5806F17
:107F700014BF062305238CE703238AE7012388E740
:107F80003B4686E7042384E7B4F5807F0BD0B4F545
:107F9000806F14BF062305239BE7032399E7012382
:107FA00097E7022395E7042393E7B6F5807F0BD08C
:107FB000B6F5806F14BF06230523A8E70323A6E7C1
:107FC0000123A4E70223A2E70423A0E74614020842
:107FD000D8E40108000C00405B140208ACEC010876
:107FE000A0EC01089F1402081A1D020890EC010879
:107FF000281D0208211D0208131D02082DE9F04F5B
:10800000DFF8F48183B0D8F808B04668DBF80030B8
:10801000D0F810A03468716900AF814673B1404652
:108020009847051E0DDA754A2B467548012113F055
:10803000FEF828460C37BD46BDE8F08F6FF05705B7
:10804000F1E7B369012B25D97169DBF818300831E4
:108050003BB1002240469847054628B1694A2B4665
:10806000E3E76FF05705F9E77169DBF80C30083189
:108070006BB140463A469847B0F1000812DA624ABE
:1080800043465F48012113F0D2F84546D1E76FF02F
:108090005708F4E75D4A5A48012113F0BFF86FF022
:1080A0001505C6E73B68CAF80030DAE901018368C4
:1080B000DB6803B19847F0693A1D002114F0D6F847
:1080C000B0F1000808DB7B6800221979186814F009
:1080D000E0F8B0F1000802DA4D4A4346D1E7736890
:1080E000A3620023E3624B4B9C421CD0B4F1804F4F
:1080F00019D0A3F57C439C4215D003F580639C42C4
:1081000011D003F580639C420DD003F59A339C4255
:1081100010D1236823F4407323603E4B9C422CD142
:10812000002323632CE02368B26823F07003134319
:108130002360EEE7384B9C42EBD003F580639C4212
:10814000E7D03369002B3FD06C4688B0D9F80030B7
:108150006A463249CDE905134FF40073ADF81C307F
:108160002F4B42F8103F00234FF4E2512448FBF715
:108170007FFB6FF08505A5465BE7B4F1804F17D113
:108180006368326923F0700313436360214B9C42A0
:108190001AD1636CF26823F0FF0313436364636CCA
:1081A00043F400436364236843F00103236040E722
:1081B0001C4B9C42E4D003F580639C42E0D003F565
:1081C00080639C42BDD1DBE7F368002BEBD06C46AB
:1081D0008AB0D9F800106A4613480791CDE9050323
:1081E00040F20133ADF82030104B42F8103F00232D
:1081F0004FF41151BAE700BF80DC0108C614020831
:10820000D8E40108E614020805150208251502083D
:1082100049150208000001400044014067150208AA
:1082200003000001000400408D1502080400000155
:1082300098B50369002400AF1C8088B003686A46C3
:108240000949CDE905134FF40073ADF81C30074B15
:1082500042F8103F064823464FF4E651FBF708FB6F
:108260002046BD4698BD00BFD81502080300000196
:1082700010E40108F0B585B045680669A98828684A
:108280000B2301278DF80A3000970DF109030DF13A
:108290000A0214F0A2F8044640B1194A03463946CE
:1082A000184812F0C4FF204605B0F0BD9DF8093013
:1082B000990607D4144A1348022112F0AFFF6FF059
:1082C0003C04F0E71A0701D5104AF4E7DB0601D5B4
:1082D0000F4AF0E70C238DF80B300223A988ADF884
:1082E0000C000DF10B022868009303AB14F075F835
:1082F00004460028D7D1BDF80C305BBA3380D2E7F2
:10830000EE15020810E401081116020826160208EC
:1083100039160208F8B54C29056901D02A2932D14D
:1083200005F124064FF0FF324FF0FF33304602F0E4
:10833000E9F9294651F8040B83681B6898470446FD
:10834000E0B9124F7B687A6803F4400322F44002DC
:10835000134343F4800329467B6051F8100B836874
:108360005B689847044608B92B8F6B877B687A68EF
:1083700003F4000322F4400213437B60304602F012
:1083800033FA2046F8BD6FF08504FAE70023014078
:10839000B0B5046900AF04F1240014F0CCFF2068EC
:1083A00040B91C4A1C48012112F038FF6FF012003E
:1083B000BD46B0BD14F04FFF0346A8B922686C4615
:1083C00088B011686A461548CDE905014FF400717F
:1083D000ADF81C10124942F8101F0F484FF4E2513B
:1083E000FBF746FAA546E1E7237A012503F01F03D0
:1083F0001422002104F110009D4015F093FA04F1BD
:108400003803A3610223E3610C23656184F8203003
:108410000020CDE75F160208F8E401087216020892
:108420000300000108B5044A0448012112F0F6FED9
:108430006FF03C0008BD00BF9416020800E501087B
:108440002DE9F0414C294768056901D02A293CD122
:1084500005F114064FF0FF324FF0FF33304602F0C3
:1084600051F9394651F8040B83681B689847044654
:1084700028BBDFF85C80D8F80430D8F8042003F477
:10848000400322F44002134343F40003C8F80430CD
:108490000A2015F0FCF83868836829465B6898471D
:1084A000044608B9AB8DEB85D8F80430D8F8042021
:1084B00003F4800322F440021343C8F8043030462A
:1084C00002F092F92046BDE8F0816FF08504F9E7EB
:1084D00000230140F8B54568046900AF04F11400B9
:1084E00014F029FF286814F0B6FE0346C0B92A68C4
:1084F0006C4688B011686A461748CDE905014FF40B
:108500000071ADF81C10154942F8101F14484FF4C3
:10851000E251FBF7ADF96FF01200A546BD46F8BD7C
:108520002B7A142203F01F030126002120469E40CF
:1085300015F0F8F904F12C03A3600223E3600C2387
:10854000666023742B692A7E1B8813416A69534332
:10855000A3620020E2E700BF7216020803000001D8
:1085600000E5010843681B6803F1140252E8002F7C
:1085700042F0010203F1140040E800210029F3D188
:108580000D4A934207D0A2F54C42934203D002F524
:108590005042934203D11A6942F040021A6103F13A
:1085A0000C0252E8002F42F4807203F10C0040E804
:1085B00000210029F3D170470010014043681B6877
:1085C00003F1140252E8002F22F0010203F114001B
:1085D00040E800210029F3D10D4A934207D0A2F5CB
:1085E0004C42934203D002F55042934203D11A69A0
:1085F00022F040021A6103F10C0252E8002F22F42B
:10860000807203F10C0040E800210029F3D170478B
:10861000001001402DE9F04182B0436800AF1D68B1
:1086200006460C46002945D0586819698368DB68FE
:1086300073B13A1D9847B0F100080CDA214A22487C
:10864000012112F0EBFD40460837BD46BDE8F08140
:108650006FF05708F2E7EB68796823F400431920BC
:10866000EB60A200A30FA1FB0001F8F79BFC6422C2
:10867000B0FBF2F102FB11031B013233B3FBF2F347
:1086800003EB01130F2B18D86D468AB033686A4686
:108690000E490794CDE905134FF40073ADF820306F
:1086A0000B4B42F8103F084800234FF41151FBF7E1
:1086B000DFF8AD466FF01508C5E79BB2AB604FF031
:1086C0000008C0E76F13020818E50108B516020894
:1086D00004000001F8B50C46036941681E6823795F
:1086E000012B34D09A1E55425541AD026279022ABF
:1086F0009CBF374F37F812C0A27988BF4FF4005C97
:10870000042A27D0003B18BF01231B03E279012A6A
:108710000A680CBF4FF440770027A642D1681CD1ED
:1087200021F4B05129430B43D360136923F4405320
:1087300043EA0C03136143681A68536923F44073D6
:108740003B4353613168BDE8F840FFF763BF4FF426
:10875000C065CBE74FF48053D8E701F4C0618D4288
:108760001FBFD16821F4C0612943D16042681168FC
:108770000A6902F4405294451FBF0A6922F440522C
:1087800042EA0C020A6142681168CA6802F4805227
:1087900093421FBFCA6822F480521343CB604368E0
:1087A0001A68536903F440739F421FBF536923F44F
:1087B00040733B43536121683368994205D0FFF70A
:1087C00029FF08B923683360F8BD0020FCE700BF2B
:1087D00008FD01082DE9F341D0F804800646D8F8D9
:1087E0000400D8F8101083681B6873B198470446DA
:1087F00068B9D8F8240001AA002113F037FD041E3F
:108800000DDA204602B0BDE8F0816FF05704274A28
:108810002748012112F002FD002CF2DBE9E7019B61
:1088200000221979186813F034FD041EE9DB77681B
:1088300033693D681C68EB6823F40053EB60B8684B
:1088400014F009FD38B91B4A1948012112F0E6FC61
:108850006FF01204D5E7D7E902018368DB6803B142
:10886000984705F10C0353E8003F43F00C0305F172
:108870000C0141E80032002AF3D121463046FFF7CF
:1088800029FF044670B93B7E1BB16B6943F00803B6
:108890006B61EB6843F40053EB60D8F82830304646
:1088A0009847AEE76FF01504ABE700BFCC1602089F
:1088B00018E50108EC160208F8B543681D6803695D
:1088C0001E680B79012B0C461AD0991E4A424A4168
:1088D000920294F805C0A779BCF1020F96BF2B490C
:1088E0004FF4005131F81C10042F00D083B1A3F1D4
:1088F000030EBEF1010F06D86FF085031846F8BDD0
:108900004FF4C062E5E70BB1042FF5D04FF480536C
:10891000B1F5805F31D0B1F5405F30D000290CBF98
:10892000012103218C45E7D15BB3002A0CBF04234E
:1089300003239F42E0D1E37963B1012BDCD1144BD7
:108940009D4207D0A3F54C439D4203D003F550430D
:108950009D42D1D1EB6823F40053EB602146FFF731
:10896000B9FE03460028C7D1EA6842F40052EA6023
:1089700094E8030086E80300C0E70021D2E7022163
:10898000D0E7002A0CBF03230223D2E708FD010829
:10899000001001402DE9F843D0F80480D8F80830E1
:1089A00000AF0E4613B1D8F81030D3B96C468AB078
:1089B00003686A462449CDE905136FF085030793E0
:1089C0004FF40073ADF82030204B42F8103F2048A0
:1089D00000234FF41151FAF74BFFA5466FF08504C1
:1089E00020E0D8F82030002533F81520B24209D015
:1089F0000135042DF8D1174A15483346012112F0EC
:108A000016FCEBE7D0F8109005F0010108F1080022
:108A100013F0B0FE041E09DA0F4A23460C48012168
:108A200012F005FC2046BD46BDE8F883691008F148
:108A3000100013F09FFE041E02DA084A2346EDE7F9
:108A4000A9F800600024EDE72217020804000001E5
:108A500010E50108A9170208751702088F17020808
:108A6000F8B5476806690546386814F0F4FB40B964
:108A7000274A2848012112F0D1FB6FF0120420464A
:108A8000F8BD384613F097FE041E06DA224A234644
:108A90002048012112F0CBFBF1E7BC68002CEED09E
:108AA0003C69002CEBD06F68B86807F1080414F03B
:108AB000D2FB48B9194A1748012112F0AFFB6FF0F9
:108AC0001204174A2346E3E7204613F074FE041EFF
:108AD00005DA144A0F48012112F0A0FBF1E73869CA
:108AE00007F1100414F0B7FB08B90F4AE3E720467A
:108AF00013F061FE041E01DA0C4AEBE731882846C8
:108B0000FFF748FF04460028B9D0094A0346BFE7EB
:108B1000CE17020810E50108E61702080918020836
:108B2000651802081B1802083718020849180208BD
:108B30008618020870B552EA03044668016907D135
:108B4000184A1948012112F069FB6FF0150070BD39
:108B500091F8BC50D1F8B8402DB1A24273F1000594
:108B600001D2124AEDE76400A24273F10004F8D387
:108B7000EFF31185102484F31288BFF36F8FC1E9DE
:108B8000162391F8BC103468646819B9520842EA97
:108B9000C3725B08A04785F31188BFF36F8F002075
:108BA000D5E700BFD618020838E40108F318020818
:108BB000F8B545680769064605F11004286914F000
:108BC0004AFB38B91B4A1C48012112F027FB6FF001
:108BD00012040FE0A86914F03EFB0028F2D02046F2
:108BE00013F03AFE041E07DA144A23461248012104
:108BF00012F01DFB2046F8BD05F1180013F02CFE05
:108C0000041E02DA0E4A2346F0E7286A50B114F037
:108C100022FB60B12B6A5B689A69C7F8B8201B7F9A
:108C200087F8BC303046BDE8F84000F0A9B9054AE5
:108C3000C9E700BFCE17020838E401082519020869
:108C40004619020866190208F8B5456807692B68D5
:108C50001B6906469847044638B1174A0346012166
:108C6000164812F0E4FA2046F8BD97F8BC30DBB99C
:108C7000BFF35B8F07F1C00353E8002F012A03D134
:108C800043E800410029F7D1BFF35B8F0CD12146A7
:108C900005F1100013F0A3FD97F85530012B07F1F3
:108CA000680006D113F0F8FD03213046FCF7A4FA62
:108CB000D9E713F0E5FDF7E78619020838E4010863
:108CC00073B505694268BFF35B8F044605F1C003C5
:108CD00053E8001F81F0010143E800100028F7D19C
:108CE000BFF35B8F01A8019113F09BFD014602F1D8
:108CF000100013F074FD031E05DA314A01213148DA
:108D000012F095FA50E001A813F08BFD10B195F820
:108D1000BC303BB195F85530012B05F168000AD104
:108D200013F0BAFD95F85630012B07D0022B3DD039
:108D3000254A0221E3E713F0A3FDF3E7D5F8C0309D
:108D400013B195F8BC304BB123696C33184613F05E
:108D500068FD0028184612DD13F092FD666825694B
:108D600033682046DB6898476C3580B1284613F09D
:108D700058FD60B133689B682046984714E013F0B3
:108D800050FD0028EADA184613F086FDE6E728468B
:108D900013F047FD054638B9336820461B699847EC
:108DA00029462046FCF728FA02B070BD65682B689A
:108DB0002046DB6898470028F6D02B68DBE700BF29
:108DC000A719020838E40108C219020870B54668FC
:108DD000016933685C68D1E9162391F8BC10054637
:108DE00019B9520842EAC3725B082846A047041E1C
:108DF00007DA0B4A23460B48012112F018FA2046E5
:108E000070BD336828469B689847041E02DA064AFC
:108E10002346F0E72846FFF753FF0024EFE700BFA3
:108E2000DB19020838E40108FE19020810B50369CD
:108E3000426893F8553093B1012B12D1117A81F029
:108E4000010102F1180013F0CAFC002804460FDAF1
:108E5000084A03460121084812F0E9F908E0117AAE
:108E6000EFE7064A0448012112F0E1F96FF08504AA
:108E7000204610BD3A1A020838E40108201A0208F8
:108E800038B50369D3E916252A43044607D11048AB
:108E9000104A012112F0C2F96FF0150038BDEFF34E
:108EA0001185102282F31288BFF36F8F022283F89C
:108EB000562083F85510FFF7B9FF002802DB204643
:108EC000FFF784FF85F31188BFF36F8FE6E700BFDC
:108ED00038E40108561A020870B50369D3E916266A
:108EE000324305460C4608D1234A2448012112F09A
:108EF00095F96FF01504204670BD39B94668FCF746
:108F00007BF9336828461B699847F4E7EFF311862D
:108F1000102282F31288BFF36F8F012183F856105D
:108F20006C33BFF35B8F53E8002F43E80040002809
:108F3000F9D1BFF35B8F2B6903F16C02104613F07C
:108F400070FC00280FDD83F855102846FFF76EFFF0
:108F5000041E03DB2846FFF739FF044686F3118819
:108F6000BFF36F8FC7E7104613F05BFC0028BCBF50
:108F7000002283F85520E8E7561A020838E4010871
:108F800038B543681B681B68054613B19847041E33
:108F900004DB2846BDE83840FCF77AB9034A0448A8
:108FA0002346012112F043F9204638BDBF1A0208BA
:108FB00040E4010808B500690249703014F07FFAF6
:108FC000002008BDCDC8010810B50369D3E9180118
:108FD00003F1700450EA01030ED0094B094AC0188E
:108FE00041F100010023F7F7DDFF02460B46204662
:108FF000BDE8104001F07CBE4FF0FF321346F6E7AB
:109000009F860100A08601004FF0E0230D4A996978
:10901000126818699B69002908BF1146002B08BF18
:10902000134610F4803F084801D1994205D20168E7
:10903000114401604FF0E021096900681044C01A32
:10904000704700BF787A0020747A0020094B102204
:1090500083F82320084B4FF416521A60074B002068
:1090600018604FF0E02342F27F525A610722986164
:109070001A61704700ED00E0787A0020747A0020D1
:10908000684620F007018D4619B5FFF7BDFF114B6B
:109090001149D3E900420868001942F10002C3E90E
:1090A00000020E4A00230B60D2E900414FF4165330
:1090B000001BB0FBF3F043431B1941F10001C2E96F
:1090C000003102F0EDFAFCF7CDFCBDE81940854611
:1090D000704700BF08310020747A00200031002062
:1090E0002DE9F041364E89B1421C0AD14FF0E02201
:1090F000136923F0010313614FF07F433360BDE830
:10910000F0813568012806DC00240AE0431C35683C
:10911000F8D140F2D26040F2D3639842A8BF18461B
:10912000441EEFF31187102383F31288BFF36F8F70
:10913000FFF76AFF23494FF0E023D3F818C0D1E9C5
:109140000023801843F10003C1E900031E4B0022F5
:109150001A601E4B1A68831A2DD44FF4165E42F221
:109160007F5814FB0E841C44131AB4FBFEF40EFB50
:109170000433B3F5806F164A38BF4FF480639342CF
:1091800028BF13464FF0E02233609469013B5361DE
:1091900000239361A445D1E90032ACEB04000DD269
:1091A0000544EB1842F10002C1E9003287F311884F
:1091B000BFF36F8FA3E74FF48063E3E7C318F1E7D2
:1091C000787A002008310020747A002000310020D5
:1091D00000C3FF0038B5EFF31185102383F3128825
:1091E000BFF36F8F084B1C68084B1B68E41AFFF72E
:1091F0000BFF85F31188BFF36F8F4FF41653204494
:10920000B0FBF3F038BD00BF083100200031002072
:1092100038B5EFF31185102383F31288BFF36F8FF6
:10922000044B1C68FFF7F0FE85F31188BFF36F8FC6
:10923000204438BD0831002008B513498B6803F07D
:109240000C03042B1CD0082B1CD14A684B684968BE
:1092500013F4800314BF0D480D48C1F3881118BFE3
:10926000002302F03F02A1FB0001F7F79BFE064B33
:109270005B68C3F3014301335B00B0FBF3F008BD4F
:109280000248FCE70248FAE70038024040787D01D6
:109290000024F400014B1868704700BF400900200B
:1092A0002DE9F04F066889B00446304613F094FF6C
:1092B0000390002840F05281206813F05FFF0028DF
:1092C00000F04C81D6F808382068C3F30D23C4F8A9
:1092D000D43413F053FF870741BF2268536903F06A
:1092E00002035361206813F049FFC00606F50065CC
:1092F0002DD52268936923F010039361D6F820805E
:1093000008F4F013B3F5802F08F00F0740F029811F
:1093100047F6F07318EA030F14D0242303FB074722
:10932000C8F30A19D7F860124A46304613F085FE92
:10933000D7F860324B44C7F86032D7F868324B44F4
:10934000C7F868322268936943F01003936120687C
:1093500013F014FF010300F11781206813F00EFFD2
:1093600042030CD5206813F015FF2746049006F53C
:10937000106B4FF0000A049B002B40F0CF81206857
:1093800013F0FCFE002813DA6B6823F001036B6016
:1093900094F8CC34012B40F06982002184F8CC147D
:1093A000204613F0B1FC2268536903F00043536177
:1093B000206813F0E3FE02050AD5AB68DB0702D58F
:1093C0002046FDF799FB2268536903F4006353615B
:1093D000206813F0D3FEC70433D56B6823F0010374
:1093E0006B601021206813F038FD06F510634FF60E
:1093F0007F3122790398824200F23C82EB6943F08C
:109400000113EB61E37B002B00F05082D5F8843030
:1094100043F00B03C5F884306B6C43F00B036B64B3
:10942000D6F8003823F4FE63C6F8003804F29C42F4
:10943000A179206800F0EAFC2268536903F48053A4
:109440005361206813F09AFE800416D5206813F04B
:10945000C7FE206813F04CFDE0712768FFF71AFF84
:10946000E2790146384600F05FFA2046FDF7CEFA71
:109470002268536903F400535361206813F07EFEA1
:10948000010707D5204613F0F3FA2268536903F069
:1094900008035361206813F071FE020600F1118287
:1094A000206813F06BFEC3020CD5A04606F51269C6
:1094B00001272379BB4200F21D822268536903F41D
:1094C00080135361206813F059FE870229D5234683
:1094D00006F532610122207990421DD993F87C7201
:1094E0000868012F40F01C82002880F21982D4F80D
:1094F000D4C48CEA1040C00700F1128283F87B725A
:10950000B06940F08000B0617069000600F1088227
:109510006B6843F400736B602268536903F40013B3
:109520005361206813F02AFE410007D52046FDF75D
:10953000ABFA2268536903F080435361206813F04B
:109540001DFE42070AD523685D686B0702D52046D9
:10955000FDF7B6FA226853682B43536009B0BDE8A3
:10956000F08FB3F5402F7FF4EDAE082204F29C415A
:10957000304613F062FD242303FB0747C8F30A18A3
:10958000D7F868324344DBE6206813F0FBFD06F5AC
:1095900030680490A2460027049B002B3FF4DDAE08
:1095A000049BDB0779D55FFA87FB2068594613F0E7
:1095B000F9FD10F0010F81461FD00123C8F80830D3
:1095C000206894F806C0016C00F5306303EB471384
:1095D000BCF1010F9A6840F08B8012F0080F07D0A1
:1095E000B048814209D9120407D54FF4004203E084
:1095F00012F0200F5AD020229A6019F0080F21D0C3
:109600000823C8F808302368A6491A6C03F53063AC
:1096100003EB47138A42986804D9010444BF4FF40E
:109620000040986020460592FDF79EFA059A9D49F4
:109630008A4207D9A179012904D1206804F29C4209
:1096400000F0E4FB19F0100F1CBF1023C8F808301D
:1096500019F0020F14D07369180642BF6B6843F407
:1096600080636B609AF85732012B06D100238AF889
:1096700057325946204613F0FCF90223C8F8083047
:1096800019F0200F1CBF2023C8F8083019F4005F20
:109690001CBF4FF40053C8F80830049B5B08013727
:1096A000049308F120080AF1240A75E7DFF8F4C1F1
:1096B000614501D9120498D41A69DAF87432C2F3F8
:1096C00012029B1ACAF868326FB9D4F864222AB918
:1096D00004F29C42012100F099FB04E0D4F86022DE
:1096E0001A44C4F8602259462046FDF765FA84E71B
:1096F000DFF8B4C1614507D111043FF576AF90069C
:10970000F1D520229A60EEE7002FECD1D4F8643234
:10971000002BE8D104F29C423946DCE7049BD907D0
:1097200040F19B805FFA8AF320680793194613F093
:1097300042FD10F0010F804620D06B6B01210AF032
:109740000F0201FA02F223EA02036B63CBF808105E
:10975000A17901290DD1D7E9072313443B62BAF15E
:10976000000F06D1636A23B9206804F29C4200F01E
:109770004DFB5FFA8AF12046FDF746FA18F0080F14
:109780001CBF0823CBF8083018F0100F1CBF1023A3
:10979000CBF8083018F0400F1CBF4023CBF808303E
:1097A00018F0020F10D05146304613F056FBFB7DE7
:1097B000012B06D10023FB755FFA8AF1204612F0D7
:1097C000A8F80223CBF8083018F0800F45D0D7E96D
:1097D00009329A4241D8A3EB0208FB69216805913E
:1097E000984528BF984601F5106308F1030803EB7C
:1097F0004A134FEA98080693069B996989B2414536
:10980000D7E9093227D393420BD8059B0AF00F0002
:10981000D3F834280121814022EA0102C3F8342818
:109820001BE0A3EB0209FB69079A0598994528BF3D
:109830009946A3790093396A1FFA89F313F0EAFB7A
:109840003B6A4B443B62BB6A09F103084B444FEA55
:109850009808BB62D0E79342D7D9049B5B080AF112
:10986000010A049324370BF1200B84E52046FDF711
:109870005FF998E599601A6822F400121A60C3F83B
:109880000812D3F8002222F40012C3F80022D3F801
:10989000002242F00062C3F80022039A01320392D0
:1098A0002033A6E50A30544F0A31544F6B6943F414
:1098B000005343F02B036B612B6943F00B032B61C7
:1098C000AEE5B36923F08003B361012704F25728A2
:1098D0004FF024092379BB427FF6E2AD09FB07F381
:1098E00018F80330012B03D1F9B2204613F0DBF94D
:1098F0000137EFE798F83C30D9F80020012B09D167
:10990000002A07DA67F07F0188F83B30C9B22046A9
:1099100013F0C9F9013708F1240809F12009C8E555
:10992000013224332031D6E5022A4AD1274B284A76
:109930000B44934239D9274B274A0B44934236D9DB
:10994000264AA1F57403A3F51053934231D9244A52
:10995000A1F18373A3F5E74393422CD3214B224A11
:109960000B44934229D9214B214A0B44934226D3DD
:10997000204B214A0B44934223D3204AA1F1B773D1
:10998000A3F5585393421ED31D4B1E4A0B449342DA
:109990002CBF06230723C26822F47052C260C2683B
:1099A00042EA8323C360002070470F23F3E70E23AE
:1099B000F1E70D23EFE70C23EDE70B23EBE70A2399
:1099C000E9E70923E7E70823E5E700BF405327FF5E
:1099D000FF340C00401E1BFF3F420F007F4F120060
:1099E00020D6130060B6E5FE5FE3160000D3CEFE7E
:1099F00040771B00C05BB3FEC0912100207538008A
:109A0000E05459FEE09C410084B02DE9F84304463F
:109A100009A880E80E0000239DF824609DF82E50D0
:109A2000194603F1400204EB820201330F2B51600F
:109A3000F7D104F50067002D6CD17B6843F0020379
:109A40007B60A36B43F40013A363A36B23F4002395
:109A5000A363A36B23F48023A3630023C4F8003E15
:109A60009DF82930012B5FD19DF82710002959D18D
:109A7000204613F036FA1021204613F0EEF9014685
:109A8000204613F00DFA0843C0B2002300383B61B2
:109A900018BF01207B6104F51062FB6119464FF08D
:109AA000904C4FF0006E4FF67F389E423ED8002219
:109AB00004F5306311464FF0904C4FF0006E4FF6B6
:109AC0007F38964245D83B6923F480733B6100237D
:109AD000A3616FF0804363619DF826301BB9A369D1
:109AE00043F01003A361A269234B1343A3619DF8C4
:109AF0002A301BB1A36943F00803A361012D01BF04
:109B0000A36943F0804343F00403A361BDE8F84335
:109B100004B07047A36B23F40013A363A36B43F457
:109B2000002399E71946A3E70321A1E7D2F80090A3
:109B3000B9F1000F0BDA3BB9C2F800E01161013353
:109B4000C2F808802032B0E7C2F800C0F6E7116022
:109B5000F4E7D3F80090B9F1000F0BDA3AB9C3F883
:109B600000E019610132C3F808802033A9E7C3F887
:109B700000C0F6E71960F4E700383C8030B54A7859
:109B80000B78012A00EB431300F5006029D1D3F8CC
:109B90000029002A0BDAD3F8002942F00062C3F84A
:109BA0000029D3F8002942F08042C3F800290A783E
:109BB000C56B012402F00F0204FA02F225EA020248
:109BC000C2630978C26901F00F018C4022EA0402E5
:109BD000C261D3F80019174A0A40C3F800290020CF
:109BE00030BDD3F8002B002A0BDAD3F8002B42F05B
:109BF0000062C3F8002BD3F8002B42F08042C3F878
:109C0000002B0A78C56B012402F00F0204FA02F25D
:109C100025EA0242C2630978C26901F00F018C4053
:109C200022EA0442C261D3F8001B034A0A40C3F887
:109C3000002BD4E7007833EC0078F3EFF7B54B78DE
:109C400091F800C06E4D6F4E012B00EB4C1440F0AC
:109C500089800F6904F510633FBB1F693D401D619A
:109C60001D6945F400251D611D693540012A1D61EE
:109C70004DD1CA6902B15A610B79012B0CD1D0F8D0
:109C8000083813F4807FD4F800390CBF43F0005338
:109C900043F08053C4F80039D4F8003943F004434A
:109CA000C4F80039002003B0F0BD1F693E401E61BA
:109CB0001E6935401D610D698E68BCF1000F0CD125
:109CC000B54288BF0E611D6945F400251D610D690F
:109CD0001E69C5F312053543C8E74B4FD3F810C0D2
:109CE0003544013DB5FBF6F5AEB207EAC54545EA98
:109CF0000C051D610D79012DE9D11D6925F0C045C7
:109D00001D611F69750705F0C0453D43DEE7D4F8C6
:109D1000003943F00443C4F800390B79012B0DD00E
:109D20000B69002BBED00A78D0F8344802F00F023D
:109D3000012393402343C0F83438B3E7D0F8083800
:109D400013F4807FD4F800390CBF43F0005343F084
:109D50008053C4F8003900920B8A0A78C96813F05E
:109D600059F99FE7D4F8107B3E40C4F8106BD4F843
:109D7000106B3540C4F8105B04F530630E698D68D4
:109D8000BCF1000F27D106B10D610D621E69C5F34C
:109D9000120535431D611D6945F40025012A1D6129
:109DA00002D1CA6802B15A610B79012B0CD1D0F8EB
:109DB000083813F4807FD4F8003B0CBF43F0005305
:109DC00043F08053C4F8003BD4F8003B43F0044315
:109DD000C4F8003B66E7002ED8D02E44013EB6FB07
:109DE000F5F6B6B275430D62074D1F6905EAC64523
:109DF0003D431D610D6A1E69C5F312053543CDE76C
:109E0000FFFF07E00000F8FF0000F81F30B5114C1D
:109E1000056CA54200F5306303D9D0F8004B002C47
:109E200016DB00241C611C6944F400241C611C69BD
:109E300044F018041C611C69012944F0C0441C61F1
:109E400001BF5A61D0F8003B43F08023C0F8003BCB
:109E5000002030BD0A30544F002850D02A4B1B68D8
:109E600003F44043B3F5404F19D1284B984218D81A
:109E7000274B984217D8274B984294BF00230123C1
:109E800021490A6802F44042B2F5004F10D1204A3D
:109E900090420AD9D3B1012B38BF012308E0002337
:109EA000EEE70323ECE70223EAE71A4A9042F2D8EE
:109EB0000A6802F44042B2F5804F0CD1144A904235
:109EC00006D9D3B1012B38BF012304E00223EFE709
:109ED000104A9042F6D810490A6822F007021A4345
:109EE0000A600A6802F0070293420AD0086800F08C
:109EF0000700C01A18BF012070470223EBE70120BA
:109F000070470020704700BF00700040804A5D0528
:109F10000090D00380C3C901003C024030B52A4DF7
:109F200091B00446A3685B6C002B42D1A3681B6C04
:109F3000002B44D1A3685B6BA3B9AA89AB889B1A99
:109F40002A699BB2D21A3F2A25D94022A3689B696D
:109F500023B369462046984702466946284610F0D2
:109F6000E0FF03E0204698470028E6D1A3685B6A3B
:109F70001BB1204698470028D4D040221348694698
:109F800010F0EFFF024660B9A3681B6A002BC9D02E
:109F900020469847C6E7002AE8D0D7E76FF0570277
:109FA000DBE7A3685B69002BBCD069462046984775
:109FB000B8E7204698470028B8D111B030BD2046F8
:109FC00098470028B6D1F8E77C7A0020907A0020E4
:109FD00037B50025D0F88C420195394800F0D2F809
:109FE000606028B9374810F0C1FC002003B030BDD4
:109FF0002846FAF70BFB08B13348F4E7334B3449F2
:10A000004FF40062C3E90010C3E902001A61314B4A
:10A01000C3E90010C3E902002F481A6110F0A6FC42
:10A02000606883681B6D13B101AA04219847019BE6
:10A030002BB900214FF47A7013F010FBF0E727489A
:10A0400010F094FC60688368DB6C002B2FD0082133
:10A0500001229847014610B1214810F087FC606842
:10A060008368DB6C33B3102101229847014610B19D
:10A070001C4810F07BFC1C4813F0C7F8606883682C
:10A080001B6DD3B101216A469847014610B11748AC
:10A0900010F06CFC6068836823B19B6C13B11449A9
:10A0A00000229847606813F0A9F801209EE76FF03E
:10A0B0005701D1E76FF05701DAE76FF05701E6E794
:10A0C000B3070208FA1A0208141B0208907A00204B
:10A0D000858200207C7A00202A1B0208481B020887
:10A0E000601B0208801B020840420F00A01B0208F0
:10A0F0001D9F000838B5D0F88C520A4810F011FFA7
:10A10000044668688368DB6903B19847054D6A892E
:10A11000EB889A4201D1204638BD0021322013F04D
:10A120009DFAF4E7907A00202DE9F843DFF850908B
:10A13000D0F88C820C4615461E460027B9F80A2036
:10A14000B9F806309A4211D0D8F804008368DB6A67
:10A15000A3B921462A460A4810F003FF0446D8F85E
:10A16000040013F04BF82046BDE8F883B742EBDA61
:10A170000A20002113F072FA0137DFE79847E8E779
:10A180007C7A002070B50546C8B1047874B10D4CD6
:10A190000D4EB44201D3002408E02168A94207D142
:10A1A000204613F058F8002808BF0024204670BD50
:10A1B0002846F6F711FF0028F2D01C34E9E70446E0
:10A1C000F4E700BF80DC0108C8DF010810B50446D1
:10A1D000F9F780FA0348044A012111F01FF82046DC
:10A1E00013F044F890E40108C51B02082DE9F84378
:10A1F000044600AF0D46EFF31188102383F3128855
:10A20000BFF36F8F04282A4A98BF2A4B9668117CA7
:10A2100094BF53F82030284BE9468AB06A46274855
:10A22000CDE9073140F20133ADF82430244BCDE9BC
:10A23000050442F8103F234800234FF43151F9F749
:10A2400017FBCD4645B1EB69C3F3080323B11E4AA2
:10A250001C48012110F0E2FF2EB1304613F05DF9E9
:10A2600008B1037803B91948E9468AB06A46184B21
:10A270000790CDE9053640F20133ADF82030154B9B
:10A2800042F8103F00230F484FF41151F9F7F0FA4C
:10A290002946CD462046FFF799FF88F31188BFF382
:10A2A0006F8F3046FBF7EEFBBD46BDE8F88300BF7D
:10A2B000303200203CEE0108D41B0208EA1B0208E1
:10A2C0000500000190E40108121C0208E21B0208CC
:10A2D000331C02080400000138B50A4B53F8204033
:10A2E000013053F82050A54200D838BD606830B125
:10A2F000037EDB0701D412F096FF0834F3E72368EE
:10A300009847FAE750EE010870B52F4B2F4C304DAF
:10A3100086B0012203201A70FFF7DEFF01F02CFB4C
:10A32000AC4219D10420FFF7D7FF2A4C2A4D26460C
:10A33000AE4204F1300415D300F0FAFE254CAC42D5
:10A340002CD300F009FFF7F7D7F9244A938923F0BB
:10A350000103938106B070BD54F8043B002BE1D09B
:10A360009847DDE754F80C3C059354F8103C0493EF
:10A3700054F8143C039354F8183C029354F81C3CD2
:10A38000019354F8203C009354E90A2354E90C014A
:10A3900000F0B4FC54F8303C5E66C8E7D4E90A2308
:10A3A000B3F1FF3F08BFB2F1FF3F05D052EA03010E
:10A3B000206803D113F07CF93034C0E70849183025
:10A3C00001F0DEF8F8E700BF858A002000E401080C
:10A3D00008E4010818E2010818E20108A031002091
:10A3E000FBD501082DE9F0411B4F1C4E1C4986B0DE
:10A3F00090231C2505FB0075044603FB00664FF007
:10A40000010800230F224FF4C070CDE90232CDE9DC
:10A410000483019300FB0411124B00954FF4A072CA
:10A42000304600F06BFC337C0F4AEE6023F00403EF
:10A4300033744FF4046304FB033313446B6007EB82
:10A44000041307EB041728332C74AB6187F83080B2
:10A4500006B0BDE8F08100BF30320020103100208E
:10A46000C09E0020C1D20108809600207FB5002048
:10A47000FFF732FF294B83F30888294C636943F4C3
:10A48000007363610025F02384F82230E577257698
:10A490006576A57684F82050636A43F4E02363620E
:10A4A000FBF7DEF9FBF7D8FA4FF0FF33A362E36264
:10A4B000FBF714FCFBF75CFBF9F76EF819481A4C34
:10A4C00000F0A8FCF8F726FF0120FFF705FF0220A7
:10A4D000FFF702FF00F06AFE144B1549DC61154BD3
:10A4E000059301220323CDE90332CDE9015546F25C
:10A4F000C012114B0095204600F000FC237C06465C
:10A5000023F004032046237413F043F82846FFF792
:10A5100069FF094A31462046FBF77AFAC09E0020BF
:10A5200000ED00E068320020A03100203032002031
:10A5300040A000202303020809A3000838B5074CF7
:10A54000074DAC4201D3002038BD204612F096FEE4
:10A5500008B92034F5E76FF01500F5E7581E002024
:10A56000581E0020F7B50E4604469DF82010EFF364
:10A570001187102080F31288BFF36F8F656A2069FE
:10A58000854245D22568AC4219D0C5B1284612F0A3
:10A59000A2FE05F1180013F0E5F8E268686931469B
:10A5A00013F0B2F90023C5F88C30284612F0F1FF01
:10A5B00004F10800394613F04EF8002036E0E26856
:10A5C000D9B1206A314613F09FF9236AE268134437
:10A5D000A2692362934201D163692362636A0133F2
:10A5E0006362102104F1280013F055F90028DFD12F
:10A5F00087F31188BFF36F8F18E0E06963699842B1
:10A6000008BFA069801AE061314613F07DF9E5E7E3
:10A6100052EA03010CD00849896804F108004E6130
:10A62000CDE900233946224600F0E0FC03B0F0BD3E
:10A630006FF02200DCE700BF30320020F7B504469F
:10A640000846EFF31186102181F31288BFF36F8F54
:10A65000616A00293BD0E268E16913F055F9E369CA
:10A66000E26825681344A269E361934204BF636909
:10A67000E361636AAC4203F1FF33636236D028467C
:10A68000002D34D012F027FE05F1180013F06AF8FF
:10A690006969E268206A13F037F9236AE2681344B3
:10A6A000A2692362934204BF63692362636A00273D
:10A6B000013363622846C5F88C7012F06AFF04F11A
:10A6C0000800314612F0C7FF384603B0F0BD52EA29
:10A6D000030111D00A4989684861CDE90023314658
:10A6E000224604F1080000F081FCEEE7002086F32A
:10A6F0001188BFF36F8FE8E76FF02200F7E700BF24
:10A70000303200202DE9F341044617461E46EFF390
:10A710001188102383F31288BFF36F8F304BC26808
:10A720009B6872B18068984217D057EA060216D12A
:10A7300088F31188BFF36F8F6FF00F0002B0BDE890
:10A74000F08193F90E1021610132C4E9023288F3DD
:10A750001188BFF36F8F0020F0E72169F3E793F9C9
:10A760000E1090F90E30994230DA9942A8BF19467E
:10A7700012F0D9FD0546CDE900761A482246414639
:10A7800000F034FC0028E6D0EFF31186102383F3A9
:10A790001288BFF36F8FA068D0B1236821699C42F3
:10A7A0000AD04BB193F90E309942A8BF19466FF009
:10A7B0007F039942B8BF194612F0B5FD40B1094870
:10A7C000314612F048FF6FF00A00B7E70025D2E7E4
:10A7D000002DF4D186F31188BFF36F8FF3E700BF2C
:10A7E00030320020868A0020F8B583680546002BA9
:10A7F00040D0234A926893423FD1C368012B03D9CA
:10A80000013BC3600020F8BDEFF31187102383F3F1
:10A810001288BFF36F8F0169806812F084FD2C6885
:10A82000A54207D10023C5E9023387F31188BFF39E
:10A830006F8FE7E7002CF5D0D4E9003213605A603F
:10A84000237C002623F002032374C4E90066A6607B
:10A8500004F1180012F086FFAC6094F90E302B6101
:10A860002046C4F88C6012F094FE0648394612F077
:10A87000F2FEC7E76FF01500C5E74FF0FF30C2E703
:10A8800030320020868A002070B5EFF31186102345
:10A8900083F31288BFF36F8F0468A0421BD0D4B13A
:10A8A000D4E9003213605A60237C002523F00203B0
:10A8B000C4E900552374A56004F1180012F052FF9A
:10A8C000C4F88C50204612F064FE31460A48BDE8B8
:10A8D000704012F0C0BED0E902329A4218BF013374
:10A8E00083600221103012F0D6FF0028EDD186F3EC
:10A8F0001188BFF36F8F70BD878A002013B5EFF307
:10A900001181102484F31288BFF36F8F846844B1DF
:10A91000013C846081F31188BFF36F8F002002B087
:10A9200010BD52EA030406D181F31188BFF36F8F83
:10A930006FF00F00F3E7CDE900230246014800F075
:10A9400055FBECE7878A0020F8B50546EFF3118642
:10A95000102383F31288BFF36F8F00272C68A54262
:10A9600019D0C4B1D4E9003213605A60227C0023AC
:10A9700022F00202C4E900332274A36004F118003B
:10A9800012F0F0FE6FF00A03C4F88C30204612F08B
:10A9900000FE0127E2E70023AB60022105F1100071
:10A9A00012F079FF28B927B986F31188BFF36F8FAA
:10A9B000F8BD31460248BDE8F84012F04CBE00BF79
:10A9C000878A00202DE9FF414F4E04461027EFF300
:10A9D000118887F31288BFF36F8FD4F89450F5B9BC
:10A9E000022104F1AC0012F0BDFC002868D004F193
:10A9F000A40500220121284612F07AFE0028F8D191
:10AA0000002302934FF0FF324FF0FF33CDE90023D4
:10AA1000414604F19C023D4800F0F2FCD7E7D4F82F
:10AA200098202B68C4F89430954208BFC4F8983039
:10AA3000D4F8AC3043F00203C4F8AC30EB6823F038
:10AA4000040343F00103EB606B6888F31188BFF3E4
:10AA50006F8F28469847EFF3118887F31288BFF36A
:10AA60006F8FEB68D80623F0010236D4EA60EB68FA
:10AA70009A0716D5306823F00203EB6088B10368AB
:10AA8000002170B14268954235D1036869BB726894
:10AA90003360904200D17360002340F8083BFFF719
:10AAA000F3FED4F8AC3023F00203C4F8AC3088F3E2
:10AAB0001188BFF36F8FDB0589D400F07FFB86E739
:10AAC000D4F8AC30D9069BD5C4F8AC0088F3118813
:10AAD000BFF36F8F04B0BDE8F08123F01103EB608A
:10AAE00005F11000FFF7D0FEC1E70B6073689842D4
:10AAF00008BF7160D0E701461BB11A6818461346BB
:10AB0000BFE71A46FAE700BFA47A0020888A00202F
:10AB1000F8B5C3689A0704460E46C3F3400542D40D
:10AB20005F0742D40B680BB983680B60E368D807F2
:10AB300044BFA368336037684CBF0225012557B373
:10AB40001B4B9A68D7F890309A421ED112F0DCFC69
:10AB500080F00100C0B2D7F8AC30D907C3F380024F
:10AB60001CD5F2B1F8B100232360D7F8983073B93F
:10AB7000C7E92544384612F00FFCE36843F00403AC
:10AB8000E3603368A3602846F8BD0020E3E71C605B
:10AB9000C7F89840EEE76FF0150506E06FF0120574
:10ABA00003E01B07DFD56FF00F0500233360EAE7F2
:10ABB000303200200146014812F071BC18330020E9
:10ABC000F0B589B004460020C4E925000E9D04F1CB
:10ABD0009C00C4E9270004F1A400C4E9290055B38E
:10ABE0002879002840F2011008BF0120C4F8AC0009
:10ABF00000204FF0FF364FF0FF37CDE90330CDE9AD
:10AC00000100CDE906670D4B0094204600F0D0F816
:10AC100055B1296811B1204612F07CFC6B791BB14B
:10AC2000A38943F00103A381204612F041FDC4F83B
:10AC3000904009B0F0BD0120D8E700BFC5A90008C9
:10AC400037B501900846EFF31184102181F3128883
:10AC5000BFF36F8FC16811F01E0F16D153EA0205C2
:10AC600008D101A9FFF754FF84F31188BFF36F8F58
:10AC700003B030BD41F00801C1600199816204490F
:10AC8000103000F07DFC0120EEE70020ECE700BF73
:10AC90000DD40108F7B50C46019016461D46EFF39A
:10ACA0001187102383F31288BFF36F8F084612F0C9
:10ACB00064FB55EA060309D101A92046FFF728FFE6
:10ACC00087F31188BFF36F8F03B0F0BDE3680749C6
:10ACD00043F00803E360019BA36232462B4604F174
:10ACE000100000F04DFC0120EAE700BF0DD4010880
:10ACF00001460148FFF7CEBF183300202DE9F0438D
:10AD0000073285B022F007020E461F461099818156
:10AD100000F168037F32C0E91A330446002322F0B1
:10AD20003F020421836001743F2A0F98A073C4E995
:10AD30000633E37306F14009A2F1400805D883F316
:10AD40001188BFF36F8F084602DFB51829462046E9
:10AD5000FAF73AFB07300E9B20F00700E067C4E9E2
:10AD60001D9802930D9B01932D1A0C9B0093314665
:10AD70003B462A462046FAF719FE0C4B9B680021F9
:10AD800061662BB9C4F88030284605B0BDE8F08371
:10AD9000D3F88030C4F88030102204F1300012F073
:10ADA000C1FD012384F83830EEE700BF30320020C7
:10ADB000F0B587B000250595109D04950F9D03956E
:10ADC0000E9D0295DDE912760D9D01950C9D009575
:10ADD0000446FFF793FFB6F1FF3F08BFB7F1FF3F0F
:10ADE00005D056EA070305D1204612F061FC204643
:10ADF00007B0F0BD3A46334604F11800014900F0AF
:10AE0000BFFBF4E7FBD50108014B986800F078BD63
:10AE100030320020012310B5037483810023C0E980
:10AE20001D33044600F0A2FD014B9C6010BD00BF25
:10AE3000303200200A4A93686FF00A01C3F88C1080
:10AE40000849C3F888004B6843F080534B600023E7
:10AE500083F31188BFF36F8F9368D3F88C0070472A
:10AE60003032002000ED00E070B590F91020037C36
:10AE7000002A2FDBD9062DD11A4C63F07F0322461E
:10AE8000037452F8203F616A934207D1C0E9002160
:10AE9000086060620FE09942F8D01B68002BF5D083
:10AEA00093F90E6090F90E50AE42F4DD5968C0E996
:10AEB000003108605860256A954200D005B9E56800
:10AEC000A3681A7CD20606D1DA897F2A03D9AA6937
:10AED0000AB9E36170BDAB4202D0284600F0D2FA55
:10AEE000E561F7E73032002038B590F91020037C97
:10AEF000002A014604DA03F07F03037412F011FB09
:10AF00000D4D2A46AB6852F8204F944200D004B948
:10AF1000EC688B4207D01A7CD20604D1DA897F2AEA
:10AF200001D9A2692AB1A34202D0204600F0AAFAB0
:10AF30002346EB6138BD00BF30320020B3F1FF3F44
:10AF400008BFB2F1FF3F03D00249183000F018BB30
:10AF5000704700BFFBD50108034648B9EFF30582EF
:10AF600032B9064AD1699268914201D0FFF762BFB7
:10AF700083F31188BFF36F8F704700BF303200201A
:10AF800038B5184CA168606A0B68814214BF1A4634
:10AF9000002249680B605960A368616A2AB9124AA5
:10AFA000C3E900210B6063620AE092F90E5093F945
:10AFB0000E00854212DD5168C3E900210B60536029
:10AFC000256A094B9D4200D005B9E568A3689D42FA
:10AFD00002D0284600F056FAE56138BD8A42DED03C
:10AFE0001268DBE73032002050320020F8B50E4BFB
:10AFF0000C4611460D4A98681060DDE90667EFF3CC
:10B000001182102282F31288BFF36F8F9D68284649
:10B0100012F099FA284632463B46FFF78FFF20464A
:10B02000BDE8F840FFF706BF30320020AC7A0020C0
:10B03000F8B50446EFF31187102383F31288BFF3AA
:10B040006F8F037C03F01F02002A0CBF012600262D
:10B0500049B235D103F07F03037412F062FA294D2F
:10B06000037C817363F07F032A46037452F8203F08
:10B07000686A934207D1C4E9002004606C620DE065
:10B080009842F8D01B68002BF5D093F90EC08C4580
:10B09000F6DD5968C4E900310C605C602C6A9442AA
:10B0A00000D004B9EC68AB689C4202D0204600F0A6
:10B0B000E9F9EC6187F31188BFF36F8F3046F8BD73
:10B0C0009B071CD5856812F02CFA81732B689D4272
:10B0D00009D16B68C4E900531C606C60EAE76A68D8
:10B0E0009A42F6D01B68002BF3D093F90E208A42C7
:10B0F000F5DD5A68C4E9003214605C60DAE78173F8
:10B10000D8E700BF30320020034648B9EFF305828C
:10B1100032B9064AD1699268914201D0FFF78ABEDE
:10B1200083F31188BFF36F8F704700BF3032002068
:10B13000EFF31181102383F31288BFF36F8F054B58
:10B140009A68D37B013BD37381F31188BFF36F8F70
:10B15000704700BF3032002070B5EFF31186102326
:10B1600083F31288BFF36F8F0F4DAB68DA7B013228
:10B17000DA732A4652F8204F944200D004B9EC68A2
:10B180001A7CD20604D1DA897F2A01D9A2692AB1B0
:10B190009C4202D0204600F075F92346EB61304610
:10B1A000BDE87040FFF7D8BE30320020024B03F1FB
:10B1B0002002C3E9082270473032002070B5EFF357
:10B1C0001186102383F31288BFF36F8F1A4CA16886
:10B1D000606A0B68814214BF1A46002249680B60FE
:10B1E0005960A368616A2AB9144AC3E900210B6057
:10B1F00063620AE092F90E5093F90E00854216DD63
:10B200005168C3E900210B605360256A0B4B9D42D6
:10B2100000D005B9E568A3689D4202D0284600F039
:10B2200031F9E5613046BDE87040FFF703BE8A4260
:10B23000DAD01268D7E700BF303200205032002049
:10B24000F8B550EA010306460C4603D1FFF7B6FFF6
:10B250000020F8BDEFF31187102383F31288BFF3AA
:10B260006F8F124D124BA8681860FFF73DFEA8685B
:10B27000104923463246183000F082F9AA68137C40
:10B2800043F00403137404463846FFF7D3FDAB685C
:10B29000D3E90A23B3F1004F08BF002AD8D112F036
:10B2A00089FA201A20EAE070D3E700BF303200208C
:10B2B000AC7A0020FBD50108014B9868704700BFAD
:10B2C000303200202DE9F84304468789EFF31186D8
:10B2D000102383F31288BFF36F8F037C190705D502
:10B2E00086F31188BFF36F8FBDE8F883D90943F067
:10B2F00008026FD10274A36813B1204612F019F945
:10B3000004F1180012F02EFAA56E04F16808A845A1
:10B3100011D04FF0000975B1284612F00AF905F175
:10B32000180012F01FFAC5F88C902846FFF79CFD14
:10B33000A56EA845EFD1DFF8BC80D8F808309C4254
:10B3400050D1EFF30589B9F1000918BF4FF0010999
:10B35000D8F82050284A954200D00DB9D8F80C50A2
:10B36000AB4202D0284600F08DF82046C8F81C50A9
:10B3700010F0DEF9B9F1000F02D02048FFF74AFDC6
:10B38000D8F808309C4230D1EFF305836BBBA2891B
:10B39000D20711D586F31188BFF36F8F83F311881D
:10B3A000BFF36F8F0423184602DFEFF311861023DB
:10B3B00083F31288BFF36F8F3046FFF73BFDFB0727
:10B3C00092D5002383F31188BFF36F8F04231846AF
:10B3D00002DF89E703F07F0343F00803037412F0F0
:10B3E000A0F888E74FF00009B2E786F31188BFF3B1
:10B3F0006F8FE4E7303200205032002068320020A6
:10B40000D3B5DDE90667089CCDE90067FFF7EEFDDF
:10B410001CB1034B9B685B69236002B0D0BD00BFC9
:10B4200030320020027C12F01F02034610D10A497C
:10B4300088420DD00949086868B1D9897F2909D89F
:10B4400093F90E20064B1B689A42B8BF0020704744
:10B45000002070471046704710310020440900203A
:10B46000B07A0020044BC01A044BC0105843044B60
:10B4700001221A54704700BFF8320020ABAAAAAAD2
:10B48000898A002070B50C4B0C4D1E7CFFF7CAFF5B
:10B49000182303FB06550446284612F063F9084BAF
:10B4A00000229A553CB1621E28460649BDE870400C
:10B4B000D31700F065B870BD30320020F83200209C
:10B4C000898A002065B4000838B5EFF31185102390
:10B4D00083F31288BFF36F8F0F4B104A9C6810687C
:10B4E000A04206D1FFF7CEFF85F31188BFF36F8F1F
:10B4F00038BD00211B7C1160094AD35C002BF3D0BE
:10B500002046FFF78FFF0028EED0237CDB0601D119
:10B51000FFF736FD2046E5E730320020AC7A002008
:10B52000898A0020024B1868984208BF00207047A3
:10B5300048090020034B1B680BB9FDF74BBE0020E8
:10B54000704700BFB47A002030B570B10B4B5B6818
:10B5500098420AD0036843B1D3E90421D0E90445F5
:10B56000121941EB0501C3E90421D0E9003213604F
:10B570005A600023C0E9003330BD00BF48090020F5
:10B58000B3F1FF3F08BFB2F1FF3F2DE9F84F04468A
:10B59000994615461F467AD08160EFF31188102333
:10B5A00083F31288BFF36F8FB9F1000FDFF8E4A0C7
:10B5B00020DBFFF7BFFFDAE90027013549F1000979
:10B5C0002D1849EBE073C4E90453AD18064643EB6C
:10B5D00007074FF00109FFF7A5FFDFF8BCE0DEF831
:10B5E00004A00346EBB9C4E900EACAF80040CEF86B
:10B5F000044028E0DAE900126FF001035B1A4FF013
:10B60000FF3161EB02025B1B62EB0902012B72F15D
:10B610000001BCBF01230022C0E904324FF0000941
:10B62000D9E7D3E9041CD4E904208A4270EB0C0B5F
:10B6300024DA891A5A686CEB0000C3E90410C4E9E3
:10B64000003214605C60FFF76DFF84420ED1134B33
:10B650001B685BB9B9F1000F02D1FFF76BFF06461B
:10B66000304612F068F80021FDF73AFD88F31188A2
:10B67000BFF36F8F28463946BDE8F88F521A60EB4A
:10B680000C005345C4E90420ADD01B68AAE700258F
:10B690002F46EFE71033002048090020B47A00203D
:10B6A0002DE9F0470246EFF31185102383F312884A
:10B6B000BFF36F8FDFF89C90DFF89C80C9F8000023
:10B6C000FFF730FF00260027D8E900134FEAE27E9B
:10B6D00050B1D0E9044CA2427EEB0C0A1BDAA41A4A
:10B6E0006CEB0E06C0E9044652184FF0000443EB21
:10B6F0000E032046C8E90023C9F8004012F01BF8E9
:10B700002146FDF7EDFC85F31188BFF36F8FBDE88F
:10B71000F047FFF7D9BE611843EBE473C0E9046753
:10B72000C8E90013FFF710FF85F31188BFF36F8F8F
:10B7300083689847EFF31185102383F31288BFF3D2
:10B740006F8FD9F80020121BC9F80020FFF7EAFE1E
:10B75000BAE700BFB47A00201033002010B5EFF331
:10B760001184102383F31288BFF36F8FFFF7E2FE7B
:10B77000054A0346D2E90001181841EBE37184F34E
:10B780001188BFF36F8F10BD10330020F8B5064647
:10B79000EFF31187102383F31288BFF36F8F0268D2
:10B7A00022B187F31188BFF36F8FF8BDD0E90A5437
:10B7B000691C44F10003022973F1000334D3013DF5
:10B7C00044F1FF34002CBCBF15462C4611F0F6FFA7
:10B7D000013041F10001401944EB0101012871F1F0
:10B7E00000014ADB11F0EAFF013041F100016FF086
:10B7F0000203401944EB010183426FF000438B4187
:10B8000040DB11F0DBFF013041F100016FF001027C
:10B81000401944EB01044FF0FF33121A63EB0403A9
:10B820001A493046FFF7ACFE336B01333363336A9A
:10B830006BB187F31188BFF36F8F336A3046984737
:10B84000EFF31187102383F31288BFF36F8F334612
:10B8500053F8184F9C42A4D0002CA2D0204611F0DF
:10B86000A7FE0023C4F88C3087F31188BFF36F8FD5
:10B870002046BDE8F84011F08CBE6FF001024FF099
:10B88000FF33CDE700224FF00043C9E78DB7000832
:10B890002DE9F04105461C4690461F46EFF3118600
:10B8A000102383F31288BFF36F8FB4F1FF3F08BFFB
:10B8B000B2F1FF3F05D186F31188BFF36F8FBDE86A
:10B8C000F081002C09DB012A74F10003BCBF0122C6
:10B8D000002412F1FF3844F1FF37284611F042FFEF
:10B8E000DDE906010023C5E90A012B6342463B4618
:10B8F00028460249FFF744FEDDE700BF8DB7000888
:10B9000008B5FDF785FC034B012838BF01205861BD
:10B9100008BD00BF3032002070B5EFF31186102350
:10B9200083F31288BFF36F8F0F4D6C69ACB1FDF7D5
:10B930006FFCAB6893F8382001282CBFC4EB0001E2
:10B94000C4F1010132B1D3E90C20521840F10000DA
:10B95000C3E90C20044811F0BDFF00236B6186F39E
:10B960001188BFF36F8F70BD30320020014BC0F8DB
:10B9700080307047581E002001480EF0F7BF00BF0E
:10B98000951C020838B5064C064DAC4201D3002088
:10B9900038BDD4E90112204611F0ACFF1834F4E7A9
:10B9A000581E0020701E002007B5074B0093074962
:10B9B00007484FF0FF334FF48062FFF701F9002092
:10B9C00003B05DF804FB00BF68EE010840020120EF
:10B9D00018330020014B1868704700BF74EE01084F
:10B9E0002DE9F04788B0109D002D6BD005F150096E
:10B9F00004464846884617461E4601F053F900287B
:10BA000060D0002C5ED0D4F800A0BAF1000F04D0B2
:10BA10006426304608B0BDE8F087404607F08EFB4C
:10BA2000002854D0002F4DD0002E4BD0CDE903AAD2
:10BA300007AA059205F1580393E807008DE807006F
:10BA4000CDF81CA0314699E80C00404607F00AFCEE
:10BA50000646002852D1D5E91732C821012098475F
:10BA60002060002850D0404607F08AFB05F16403AF
:10BA70000093079A26682B46394601F027FAC6F844
:10BA8000C4002368D3F8C40080B303F1700101F04F
:10BA9000FBFA23680646E0B995F8482083F8B820F9
:10BAA00020687022294611F02FFF2368D8F8002063
:10BAB000C3F8C02007986B6D296E9847304608B0D0
:10BAC000BDE8F0870B26304608B0BDE8F087C826F1
:10BAD0009FE78BB1D3F8C42042B1404607F050FB3A
:10BAE0002368D3F8C41001F0DDFA23686A6D296E6B
:10BAF00018469047002323600126DBE76728D9D04A
:10BB0000692803D00A28F7D10A26D3E76726D1E7A8
:10BB100030B5124983B05022044611F0F5FE04F10D
:10BB2000500001F0B1F804F1640001F051F9002572
:10BB30000DF107008DF8075007F028FB30B99DF88C
:10BB4000075084F86C50204603B030BD01F0D4F8A3
:10BB5000204684F86C5003B030BD00BFB8E5010842
:10BB600008B370B503680446C3B11646D3F8C420C1
:10BB7000A2B1D3F8C0000D4606F02CFF60B12368D7
:10BB8000D3F8C40050B165B13246294601F03EF900
:10BB9000003818BF012070BD01F092F84FF4967084
:10BBA00070BD0B2070BD4FF496707047B0B110B5EA
:10BBB0000368044683B1D3F8C4206AB1D3F8C00047
:10BBC00006F008FF30B12368D3F8C400003818BF6E
:10BBD000012010BD01F074F8002010BD0020704756
:10BBE00030B1006820B1D0F8C400003818BF01207F
:10BBF000704700BF044B1A680AB103487047034AF4
:10BC0000014812681A60704750090020600B00203C
:10BC1000024A034B12681A60704700BF600B002095
:10BC20005009002009F04CBA09F0B2BA08B502F088
:10BC30007FFB064B06491A68C8600AB1034808BD75
:10BC4000044A024812681A6008BD00BF700900204B
:10BC500088090020640B0020F8B507460D4602F065
:10BC600075FB2E180121304603F0AEFE441C34440F
:10BC70000421204603F0A8FE3E690536064426440A
:10BC80000421304603F0A0FEFC690534044434442A
:10BC90000421204603F098FEBE6A05360644264479
:10BCA0000421304603F090FE7C6B05340444344498
:10BCB0000421204603F088FEC5F1040528442044F1
:10BCC000F8BD00BF08B1FFF7C7BF704710B1002132
:10BCD000FFF7C2BF704700BF70B50C4682B00029A5
:10BCE00073D0054602F096FB43682146DB68284680
:10BCF000984704F10801284602F0D6FB6669E1681E
:10BD000001AB3246284603F0DDFE019B00282ED110
:10BD1000B34263D8266AA16901AB3246284603F0D4
:10BD2000D1FE019B002842D0002B55D1E361E66A89
:10BD3000616A01AB3246284603F0C4FE019B40B362
:10BD4000002B47D1A362A66B216B01AB324628467C
:10BD500003F0B8FE019B70B1002B39D1636304F18D
:10BD60003C01284602B0BDE8704002F023BF03B199
:10BD7000013B2361CEE79E42F1D20121A87569758E
:10BD80006063284603F036FE0199284603F068FEFA
:10BD9000E5E7B342D7D90121A8756975A0622846A5
:10BDA00003F028FE0199284603F05AFECBE79E4295
:10BDB000BDD20121A8756975E061284603F01AFE1D
:10BDC0000199284603F04CFEB1E7084602B070BD69
:10BDD000013BC3E7013BB5E7013BA7E70121A8759C
:10BDE00069752061284603F005FE0199284603F095
:10BDF00037FE8FE7002842D070B504460D4602F0AA
:10BE000009FB436829469B6820469847217A2846C3
:10BE100002F034FBE6687EB33046F5F7EFF8421CDB
:10BE200020613146284603F03BFEA66976B33046D2
:10BE3000F5F7E4F8421CE0613146284603F030FE95
:10BE4000666A06B33046F5F7D9F8421CA06231465F
:10BE5000284603F025FE266B96B13046F5F7CEF85E
:10BE6000421C60633146284603F01AFEE16B284607
:10BE7000BDE8704002F036BD32463046D0E770472C
:10BE800032463046EDE732463046DFE7324630464E
:10BE9000D1E700BF30B583B0012500210DF10700C7
:10BEA0008DF8075002F0A2FA2946044603F08CFDF3
:10BEB00004442C440023042120468DF8073003F06D
:10BEC00083FD0430204403B030BD00BF00487047FC
:10BED0002C0B0020002846D010B5027884B0034611
:10BEE0000A2A42D8DFE802F01212181414060606D5
:10BEF0001A2E16000A6A596B52F82120003A18BF10
:10BF0000012283F83920002004B010BD0A68F2E74E
:10BF10008A69F0E78A68EEE70A69ECE75C68084638
:10BF200004F1440204F1430104F14203CDE901218B
:10BF3000009304F1400204F1410304F1100108F000
:10BF4000DFFDE1E75C6804F1230204F12203CDE99F
:10BF50000032084604F1210304F1200204F110012B
:10BF600008F0D0FFD0E70B2070470120CCE700BFDE
:10BF7000F0B599B0002800F08880037804460A2BB9
:10BF800000F25A81DFE803F03030154444191919E2
:10BF90005A061500406890F82030002B40F0C5800C
:10BFA00090F82230002B40F0DE8090F82130002BFA
:10BFB0006FD10025284619B0F0BD426B0B6A53F8CB
:10BFC0002230002BF5D0D0E9010204F1100107F076
:10BFD0001BFA05460028ECD040F2592398422AD19A
:10BFE000002384F83930E5E7426B0B6853F82230C0
:10BFF000002BDED0D0E9010100230AAA07F05AFB8A
:10C0000005460028D5D040F291139842E8D012E0BE
:10C01000426B8B6953F82230002BCAD0D0E9010261
:10C0200004F1100106F04AFC05460028C1D040F298
:10C03000F5139842BED000F05FFEBBE7406890F871
:10C040004230002B5AD1C3691BB190F84030002B0D
:10C0500043D190F84430002B40F0A78090F8433053
:10C06000002BA6D0C26A0AA9103008F02DFC0546A4
:10C070000028E0D1DDE90E23606809F02DF90028E1
:10C0800097D0012380F8233093E70B25284619B079
:10C09000F0BD0AAA103004A908F070FE0546002879
:10C0A000C9D160680AA909F0D7F80546002800F050
:10C0B000AF8090F90800012108F094FF032806469C
:10C0C00040F09B8004AF0FCF05F158040FC497E8F0
:10C0D000030084E803002E726BE7816A103008F0D9
:10C0E0006FFC05460028A6D16068816A09F0B4F8A3
:10C0F00010B1012380F822306068AAE704AA0AA9D7
:10C10000103008F071FB0546002894D1DDE90E23BC
:10C11000606809F0D1F830B1012380F820309DF833
:10C12000103080F8213060688DE709F06FF806461E
:10C130006068002E3FF434AF7060F26906F12801A8
:10C14000103008F06DFD054600286ED1F7690FCF5D
:10C150003572C6F80900C6F80D10C6F81120C6F8E9
:10C16000153060681CE704AA10300AA908F0C8FD61
:10C17000054600287FF45FAF606804A909F06CF8F9
:10C18000074660B10AAD00F140060FCD0FC695E835
:10C1900003004FF0020C86E8030087F808C06368CC
:10C1A000002283F822206068FFE600F130020AA92D
:10C1B000103008F0C7FB054600287FF43CAFDDE9EE
:10C1C0000E23606809F098F8064660B3012787845B
:10C1D0006068836B002B3FF441AF436B05EB450177
:10C1E00003EBC10109F038F808B186F825706068E2
:10C1F000836B0135AB42F0D830E706AB0FCB8DE84F
:10C200000F0004AB0CCB6068032109F0E1F8D0E625
:10C2100006AB0FCB8DE80F0004AB0CCB606802219E
:10C2200009F0D6F8C5E6606818E76068314608F09E
:10C23000FDFF00F061FDBDE60125BBE6034670B3DE
:10C2400079B390F83800002250B330B493F800C0AE
:10C25000BCF1080F17D0BCF1090F0DD093F83900CD
:10C2600040B90132914203F1400303D093F8380002
:10C270000028EBD130BC70475C68256A002DF9D1ED
:10C2800094F82400ECE75C68256C35F07F45F1D12B
:10C2900094F844000028EDD194F84300E0E770479B
:10C2A00070470846704700BF002800F0DC80F0B5FA
:10C2B000437887B0044623B1012B1CD0002007B07F
:10C2C000F0BD0378082B00F0A080092B24D090F853
:10C2D00039000028F2D00A2B00F25C81DFE813F06D
:10C2E0006F008E007C006F007300590059005900E8
:10C2F0005A015A01790003780A2B00F24B81DFE8DA
:10C3000013F0FB007B006B005E00620048004800F9
:10C3100048000201040168004068026A90F8243075
:10C32000002A40F0F580002BC8D003E0406808F0F8
:10C330007DFF606808F0B4FF01460028F6D163680D
:10C3400083F82400606890F82030002B00F0ED8026
:10C3500041F20406012707E0284608F0F5FF60686F
:10C36000294608F063FF6068002108F08DFF6368CC
:10C370000546002800F0D680E16A9B699847B042E4
:10C380004FF00001E8D10121284608F0DDFF2F72AF
:10C39000E9E7062BA068A16A266B00F0BD80072B99
:10C3A00000F0F380B04704F11005A26A60682946E6
:10C3B00007F07AF8022817D100F09EFC7EE7236B85
:10C3C000A06898477AE7236BA06804F110019847AA
:10C3D00074E7236B984771E7606807F0C1FC40F28F
:10C3E000213398423FF46AAF00283FF468AF0590CC
:10C3F00000F082FC059862E790F83900D4E90B134D
:10C400000028E4D0A068984758E74068036C33F0F0
:10C410007F4307D190F8443023B990F84330002B84
:10C420003FF44CAF90F8423003B30026012704E0FC
:10C4300008F0C6FE90B92F72606808F06DFF0546DF
:10C4400098B185F820606368E26A9B6995F82110CD
:10C45000984795F821302846002BE9D16068294695
:10C4600008F0E4FEE8E70B207047606890F8403081
:10C4700093B1C5683DB3002695F8223043B185F8E5
:10C4800022606168CB691BB1E26A896A28469847D5
:10C490002D68002DF0D1606890F844309BB1C568DC
:10C4A0008DB1002695F824304BB185F8246063687F
:10C4B0005B6A23B1E26A95F82510284698472D68F3
:10C4C000002DEFD1606890F84330002B3FF4F6AEBA
:10C4D00000270BE085F823706368E26AD96A1E6A58
:10C4E000B0476068294608F0A1FE606808F020FFA8
:10C4F00005460028EED1E1E690F83900236B0028CC
:10C500003FF45FAF5CE740688CE7406890F8243008
:10C51000002B3FF418AF0DE704F110050A46294639
:10C52000B04742E783F82000606890F82130002B84
:10C530003FF4C4AEC56825B3022601E02D68FDB105
:10C5400095F90830032BF9D16368E16ADB69284665
:10C550009847034605F16002284685F8253013B157
:10C5600008F010FFEAE70FCA8DE80F0005F1580741
:10C57000D7E900236068012108F02AFF2E72DDE769
:10C580006068002380F8213098E6E26AB04704F141
:10C5900010050AE7012092E610B5034904469022EF
:10C5A00011F0B2F9204610BD08E6010870B59DF8FB
:10C5B00010C0002846D0002944D0002A42D0002BC9
:10C5C00040D00446D0E90350A84201D3012070BDF9
:10C5D000A6688001002535542669A06800EB861006
:10C5E0004FF0010E41602069A16801EB801104F158
:10C5F00018068A602169A26802EB81123046136333
:10C600002269A36803EB821383F801C02269A3683F
:10C6100003EB821383F838E02269A36803EB8213EB
:10C62000DD622269A36803EB821383F83950236922
:10C630007344236107F09CFC30B9E36C0133E3647D
:10C64000002070BD0B2070BD304607F097FC00281D
:10C65000F3D070BD002838D0002936D038B5D0E9E5
:10C6600003239342044601D3012038BD82689B0115
:10C670000220D0542069A36803EB80130022596084
:10C680002169A36803EB811301205A702169A36813
:10C6900003EB811304F1180583F838002169A368BE
:10C6A00003EB81132846DA622169A36803EB811347
:10C6B00083F8392023690133236107F059FC30B92D
:10C6C000236D01332365002038BD0B2070472846B9
:10C6D00007F054FC0028F3D038BD00BF002844D038
:10C6E000F0B500F118059BB00446284607F040FC61
:10C6F00010B100201BB0F0BD284607F03FFC002819
:10C7000030D10CA807F020FC0DF1300CBCE80F0074
:10C71000AE46AEE80F00BCE80F00AEE80F00BCE884
:10C720000F00AEE80F00DCF80030CEF8003067698B
:10C730000FCF04AE0FC63B6862683360A36EA16D75
:10C74000CDE90232D4E91432CDE900212846626EE7
:10C75000E16C07F00DFF0028CCD00B9000F0CCFA74
:10C760000B98C7E700F0C8FACBE70B20704700BF73
:10C770002DE9F04F83B0002800F091800446406816
:10C780009046994606F026F9002837D0204604F155
:10C790001807FFF7A3FF384607F0C8FC0646002835
:10C7A00077D1E3680546EBB1A16801EB851CAA01CE
:10C7B0009CF83830B3B18B5C0A2B1FD8DFE803F04C
:10C7C00034343E25250606065D524800DCF8041088
:10C7D0000CF13402384607F0DBFFF8B9E3680135A5
:10C7E000AB42E1D842464B463846F5F7D5FC94F8C3
:10C7F0008850002D00F0AA80012D55D000F07CFA61
:10C800000126304603B0BDE8F08FDCF804100CF1CF
:10C810003402384607F090FF0028DFD0019000F086
:10C820006BFA01980646ECE7DCF804100CF13402D0
:10C83000384607F04FFC0028D0D0EFE7DCF80410B2
:10C840000CF13402384607F047FF0028C6D0E5E770
:10C85000DCF804100CF13402384607F011FF002810
:10C86000BCD0DBE7DCF804100CF1340210313846A0
:10C8700008F0F8FA0028B1D0D0E7DCF80410002363
:10C880000CF134021031384608F0DAF80028A5D04F
:10C89000C4E700F031FA304603B0BDE8F08F0B2654
:10C8A000304603B0BDE8F08FE368002B00F0A480B1
:10C8B0000025A84640F291190BE0FFF70BFB08F1A9
:10C8C0000108054608B148453ED1E368984580F027
:10C8D0008B80A26802EB8810394690F838C0BCF112
:10C8E000000FEAD119461046D4E92032984758B3D0
:10C8F000E3684BB34FF0000840F291190AE0FFF7EC
:10C9000037FB08F10108054608B148451CD1E3682A
:10C9100098456BD2A36803EB8810394690F838200D
:10C92000002AECD1002709E0FFF7BEFC01370546DD
:10C9300050B9E3689F42BFF464AFA36803EB87106C
:10C9400090F83830002BEFD12E465AE7E368002BE1
:10C9500055D0A84640F291190AE0FFF7BBFA08F15A
:10C960000108054608B14845EED1E368984539D23B
:10C97000A26802EB8810394690F838C0BCF1000F6D
:10C98000EBD119461046D4E9203298470028DBD075
:10C99000E368002BD8D04FF0000A40F2911840F223
:10C9A000592913E0FFF7E4FA18B1404501D0484592
:10C9B00020D1A0685844FFF777FC0AF1010A054628
:10C9C0000028C1D1E3689A45BFF41BAFA06800EB13
:10C9D0008A10394690F838304FEA8A1B002BE1D193
:10C9E0002E460EE7A268CCE7A2687BE7002BABD00F
:10C9F000A36897E7064604E7A2681D4672E7A268A7
:10CA00001D46BEE730B108B52022002110F08AFF94
:10CA1000002008BD0B20704758B100230B22C0E94D
:10CA20000133C0E90A33C0E90C310280038718469C
:10CA300070470B20704700BF2DE9F04186B0B8B3B6
:10CA40001C46ABB30F469046064606F033F904F198
:10CA50000C03059093E803008DE8030005A894E813
:10CA60000E0006F029F90546E0B902AD284605F0AA
:10CA7000ADFF95E80300334686E8030005AA41466A
:10CA8000384606F013F80546B8B9B460224606F1F8
:10CA90000C01032006F09AFE054670B905A806F0C1
:10CAA00067F908B100F028F9284606B0BDE8F08122
:10CAB0000B25284606B0BDE8F08100F01DF905A859
:10CAC00006F056F90028EFD0ECE700BFB8B32DE927
:10CAD000F0430D46A1B029B316461AB31F460BB357
:10CAE0000DF110080446404606F0C8F998E8030026
:10CAF0000DF1180984E80300484606F067FB40463C
:10CB000006F0BCF9CDF8009098E803003B4684E8B5
:10CB1000030032462946204606F0BAF930B921B062
:10CB2000BDE8F0830B2021B0BDE8F083039000F056
:10CB3000E3F800F0E1F8039821B0BDE8F0830B20A2
:10CB4000704700BF68B32DE9F0410D46A0B021B396
:10CB5000164612B31F4603B30446FEF73BFF0DF122
:10CB6000100820604046FEF7D3FF0F495022404690
:10CB700010F0CAFECDF800803B46324629462046DA
:10CB8000FEF72EFF10B920B0BDE8F081039000F051
:10CB9000B3F8039820B0BDE8F0810B2020B0BDE8C9
:10CBA000F0810B20704700BF98E6010868B32DE9BB
:10CBB000F0410D46A2B021B3164612B31F4603B38F
:10CBC000044606F0ABFC0DF110082060404606F06C
:10CBD0005FFD0F495022404610F096FECDF80080D0
:10CBE0003B4632462946204606F09EFC10B922B04C
:10CBF000BDE8F081039000F07FF8039822B0BDE813
:10CC0000F0810B2022B0BDE8F0810B20704700BFFF
:10CC1000E8E601082DE9F0418CB09DF84C4030B3B6
:10CC20000E4621B390461F46054606F0BFFF28601A
:10CC30000894B4680FCC0DF10C0CACE80F0023681D
:10CC4000CCF80030129B0293CDE90087284632468B
:10CC500006F10C0106F0B0FF10B90CB0BDE8F08190
:10CC60000B9000F049F80B980CB0BDE8F0810B2058
:10CC70000CB0BDE8F08100BFF9F798B9F9F76CB9CD
:10CC8000F9F786B9F9F74EB910B5054C86468446D2
:10CC90000FCCACE80F002368CCF80030704610BD14
:10CCA000C003002058B1036843B1436833B1C3687F
:10CCB00023B18068003818BF0120704718467047BC
:10CCC000014B1878704700BF8A8A0020064B1B78FA
:10CCD0003BB1064B1A780AB901221A70044B187836
:10CCE0007047044B187870478A8A00208B8A00208E
:10CCF000B87A00208CF1010830B4074A0748084987
:10CD00000023002400251380C2E90245054A037070
:10CD10000B70137030BC7047C83300208B8A002022
:10CD2000B87A00208A8A002018B370B584B004460F
:10CD300069460120F9F7BCF9002817DBDDE900316D
:10CD4000002913DB029D002D0DDB0B4EA3FB0632E9
:10CD50005B1906FB01224FF0000042EBE572C4E9CB
:10CD6000003204B070BD53EA0102EED1022004B0DB
:10CD700070BD0B20704700BF00CA9A3B18B370B556
:10CD800084B0044669460420F9F792F9002817DBBD
:10CD9000DDE90031002913DB029D002D0DDB0B4E78
:10CDA000A3FB06325B1906FB01224FF0000042EBA9
:10CDB000E572C4E9003204B070BD53EA0102EED15D
:10CDC000022004B070BD0B20704700BF00CA9A3B20
:10CDD000002202600271704770B4DDE9035662B14F
:10CDE0005BB155B14EB1064CC4E90112C4E903353B
:10CDF00020706661002070BC70470B2070BC7047CB
:10CE0000D8330020C96F03F0A9BD00BF002853D05C
:10CE100070B50D468EB000294BD00446006800F076
:10CE2000F1FC002845D06668002E42D0B46928463F
:10CE300023699847F369059013B105A898470598A9
:10CE4000D6F880301B6900907269B16F03F52870C5
:10CE500006AB04F071FBD8B1A36806A92846984731
:10CE6000336A04460BB106A8984796F87A30D6F88C
:10CE70008020012B106921D0F16F00F5287003F09C
:10CE80006DFD0440E4B284F00100C0B20EB070BD8C
:10CE9000D6F8803018690C4B0193059B00930296DD
:10CEA0007269B16F00F5287006AB04F075FB0028BD
:10CEB000D2D101200EB070BD0120704700F528705E
:10CEC00003F098F9DFE700BF05CE00082DE9F04F29
:10CED00087B0002800F0CC800E46002900F0C88002
:10CEE000044600681546984600F08CFC002800F0C7
:10CEF000BF80002D00F0BC802B78002B00F0B880A4
:10CF0000B8F1000F00F0B4805C48D4F8049008F049
:10CF1000E3FF002800F0AC808468C4F8884009F082
:10CF200063F804F19C0AC4F88400C4F88CA0284675
:10CF3000F4F764F801303C2804F1840700F2918092
:10CF40004F4A2B463C2150460CF07CFF4FF47A733D
:10CF5000E36750224146C4F8809004F1280010F0A5
:10CF6000D3FC98F80820D9F810304649022A0CBFA3
:10CF7000D3F87C33D3F87833A3670023C4E90733AD
:10CF8000304600F04DFC00286BD04268A261002AB8
:10CF900067D029464346484609F086FA6062002871
:10CFA00063D0D9F8103003F580530321B3F8980506
:10CFB000421CA3F8982502F0F1FF2061D4F88020EC
:10CFC000D9F810301069D3F8843306250095196814
:10CFD0002269D9F8143000F5287002F0A7FE024645
:10CFE000D9F81000D0F88C33D0F8841300F084FB0B
:10CFF000B8B3D9F8103003F580530521B3F89A057A
:10D00000421CA3F89A2502F0C9FFD4F88030606171
:10D010001E69D9F81030D4F824B0D3F884A341465F
:10D020000DF11008404600F087FB039598E80300D7
:10D030000190ADF80810DBF81030009306F5287663
:10D04000D4E90432DAF80010304602F0D5FE024688
:10D05000D9F81000D0F88C33D0F8841300F04CFBD2
:10D0600038B9606A08B100F053FA384600F0F8F9B0
:10D070000027384607B0BDE8F08F00BF907D002044
:10D0800000F001086CEF010808B5034640B10846FE
:10D0900031B159685022283110F036FC002008BD0B
:10D0A0000B2008BD2DE9F04128B1044600680D466B
:10D0B00000F0A8FB18B901242046BDE8F0816368A0
:10D0C000002BF8D0002DF6D0286800F09BFB00283C
:10D0D000F1D06C68002CEED0606AD4F8807009F052
:10D0E0002FFAD4F8803062691869D0F8883300F5D7
:10D0F0002870196802F05EFDD4F8803022698046FD
:10D100001869D0F8883300F52870196802F052FDCC
:10D11000064638694246D0F89033D0F8881300F0BC
:10D12000EBFA044638693246D0F89033D0F88813C9
:10D1300000F0E2FA044084F00104E4B228466400FE
:10D1400000F08EF9B8E700BF054B1B6823B1986863
:10D1500000F5287003F044B800200021704700BF9C
:10D1600040800020E2B12DE9F041057B0646ADB9D3
:10D17000C823C0E90055836040F20113174683813C
:10D180000C46A84621463046013508F0B5FEAF42B0
:10D19000A46084F80C8004F1C804F3D1BDE8F081E8
:10D1A000704700BFE2B12DE9F041057B0646ADB9FD
:10D1B000C823C0E90055836040F2011317468381FC
:10D1C0000C46A84621463046013508F095FEAF4290
:10D1D000A46084F80C8004F1C804F3D1BDE8F081A8
:10D1E000704700BFE2B12DE9F041057B0646ADB9BD
:10D1F000D823C0E90055836040F2011317468381AC
:10D200000C46A84621463046013508F075FEAF426F
:10D21000A46084F80C8004F1D804F3D1BDE8F08157
:10D22000704700BFE2B12DE9F041057B0646ADB97C
:10D23000D823C0E90055836040F20113174683816B
:10D240000C46A84621463046013508F055FEAF424F
:10D25000A46084F80C8004F1D804F3D1BDE8F08117
:10D26000704700BFE2B12DE9F041057B0646ADB93C
:10D27000A423C0E90055836040F20113174683815F
:10D280000C46A84621463046013508F035FEAF422F
:10D29000A46084F80C8004F1A404F3D1BDE8F0810B
:10D2A000704700BFEAB12DE9F843057B0646B5B9E2
:10D2B000C0E9005541F2A85840F201131746C0F8E2
:10D2C00008800C468381A94621463046013508F086
:10D2D00013FEAF42A46084F80C904444F4D1BDE83E
:10D2E000F8837047E2B12DE9F041057B0646ADB900
:10D2F0001C23C0E90055836040F201131746838167
:10D300000C46A84621463046013508F0F5FDAF42EF
:10D31000A46084F80C8004F11C04F3D1BDE8F08112
:10D32000704700BFEAB12DE9F041057B0646B5B96B
:10D330004FF40463C0E90055836040F201131746BF
:10D3400083810C46A84621463046013508F0D4FDBD
:10D35000AF42A46084F80C8004F50464F3D1BDE806
:10D36000F0817047E2B12DE9F041057B0646ADB989
:10D370002C23C0E90055836040F2011317468381D6
:10D380000C46A84621463046013508F0B5FDAF42AF
:10D39000A46084F80C8004F12C04F3D1BDE8F08182
:10D3A000704700BFE2B12DE9F041057B0646ADB9FB
:10D3B0001C23C0E90055836040F2011317468381A6
:10D3C0000C46A84621463046013508F095FDAF428F
:10D3D000A46084F80C8004F11C04F3D1BDE8F08152
:10D3E000704700BFE2B12DE9F041057B0646ADB9BB
:10D3F0002023C0E90055836040F201131746838162
:10D400000C46A84621463046013508F075FDAF426E
:10D41000A46084F80C8004F12004F3D1BDE8F0810D
:10D42000704700BF0146014808F066BD40800020FB
:10D4300038B50446006828B1074B1968F3F7CCFDEE
:10D4400040B92060616829B1002504480D6108F0E9
:10D4500053FD656038BD00BFD0F901083080002061
:10D4600010B50446006828B1064B1968F3F7B4FDFF
:10D4700038B92060616821B1034808F03DFD002300
:10D48000636010BDD0F90108907D002010B50446FE
:10D49000006828B1064B1968F3F79EFD38B9206083
:10D4A000616821B1034808F027FD0023636010BDC7
:10D4B000D0F90108807D002010B50446006828B12D
:10D4C000064B1968F3F788FD38B92060616821B10F
:10D4D000034808F011FD0023636010BDD0F9010876
:10D4E000707D002010B50446006828B1064B19680D
:10D4F000F3F772FD38B92060616821B1034808F084
:10D50000FBFC0023636010BDD0F90108607D0020A2
:10D5100010B504462146034808F0EEFC0023A36141
:10D5200010BD00BF507D002082B030B5264903AC4D
:10D5300084E80C000C68002C3CD002461D462046B6
:10D54000002183684068D3F814389A4208BF01313B
:10D550000028F6D19DF80C30022B22D005D9032BE0
:10D5600003D0BDE8304002B07047EDB18D421BD80A
:10D570004FF0FF3C6FF0004502E06468002CF0D0F3
:10D58000A368D3F814188A42F7D1D3F81818D3F83F
:10D590001C38614573EB050EEFDA8C461D462046BC
:10D5A000EBE70DB18D42DCD9BDE83040064802B052
:10D5B00008F092BC9DF80C30022BF5D0F4D9032B67
:10D5C000F2D02046CDE700BF607C0020114B1B68E5
:10D5D000EBB130B584464FF0FF346FF0004E0020C1
:10D5E00001E05B6893B19A68D2F814188C45F8D1C1
:10D5F000D2F81818D2F81C28A14272EB0E05F0DA06
:10D6000018465B680C469646002BECD130BD184698
:10D61000704700BF607C00202DE9F04F354BD3F8F8
:10D6200000908DB0FFF790FDB9F1000F5ED0D9F8F2
:10D63000085095F82038042B8346884604AC47D020
:10D64000052B4CD0032B43D000220023CDE904232B
:10D6500001220023CDE9062300260027CDE9086733
:10D66000CDE90A6708AB0FCB8DE80F0094E80F00F7
:10D6700008F066FA28B11E220023CDE90423CDE983
:10D68000066794E80F00D5F81868D5F81C78D9F823
:10D6900004A008F0A9FA361847EB01075E4577EBBE
:10D6A000080705F5026505DB55E90223934578EB8C
:10D6B000030303DA0F48494608F01EFCBAF1000FD5
:10D6C00014D0D146D9F8085095F82038042BB7D19A
:10D6D000D5F8143840330FCB84E80F00BCE7D5F8F9
:10D6E000143848330FCB84E80F00B5E70DB0BDE820
:10D6F000F08F00BF607C002000B591F802C087B0B9
:10D70000BCF1010FADF80E200FD019460123009394
:10D710000DF10E020DF1170300F5287003F044F926
:10D7200000B1012007B05DF804FB00F5287002F09D
:10D7300061FD0120F6E700BF0A7891F808C0A2F168
:10D740000202B2FA82F2520982704A7A8988818092
:10D75000A2F10202ACF1020CB2FA82F2BCFA8CFC29
:10D7600052094FEA5C1C520080F801C002707047F9
:10D7700030B5002387B00B7003681446D3B10F4A4D
:10D7800015460392009542680D48019008460D49E0
:10D790000492059102910C4A21460CF053FB00289B
:10D7A00005DB8442D4BF0020012007B030BD00203B
:10D7B00007B030BD054B014A1D46E2E7F0EF010816
:10D7C00008F0010804F00108F4EF010860F0010816
:10D7D00010B582B014460090084B094A084621460D
:10D7E0000CF030FB002805DB8442D4BF0020012070
:10D7F00002B010BD002002B010BD00BFC8F7010884
:10D800000CF0010810B5044640B108F0EDFB0146EC
:10D810002046F3F7E1FBB0FA80F0400910BD00BFED
:10D820008368184710B504460068F3F7D5FB002855
:10D830000CBF2046002010BDB8B130B50D4687B0F2
:10D84000044631B90846C4E900050120A56007B0C7
:10D8500030BD01A8FFF718FA019B0599E800984729
:10D860000028F0D1002007B030BD0020704700BF75
:10D8700088B110B5036886B0044653B101A8FFF71C
:10D8800003FA029B0599206898470023C4E90033F6
:10D89000A36006B010BD7047B0B110B586B00446A5
:10D8A00001A8FFF7F1F9019B059901209847206035
:10D8B00038B10022012302701846C4E9012306B0E2
:10D8C00010BD002006B010BD0020704718B310B581
:10D8D000036886B0044673B18368EBB101A8FFF713
:10D8E000D3F9029B0599206898470023C4E90033C7
:10D8F000A36006B010BD4368CBB98368002BF8D095
:10D90000104B11481B685122012110F086F84FF08E
:10D91000FF3010F017F870470A4B0C481B684C2278
:10D92000012110F07AF84FF0FF3010F00BF8054BA2
:10D9300007481B684E22012110F06FF84FF0FF30AE
:10D9400010F000F83CEA0108B4F0010814F00108F6
:10D9500064F0010830B32DE9F0410E4686B0E9B11C
:10D96000531C15461AD0044605F1010801A8FFF71B
:10D970008BF9039B059A206841469847074668B192
:10D9800031462A460FF0C0FF002301207B55C4E931
:10D990000075C4F8088006B0BDE8F081002006B02C
:10D9A000BDE8F081002070472DE9F0410C4686B0BB
:10D9B00019B30546E8B10846F3F720FB064606F121
:10D9C000010801A8FFF760F9039B059A2868414602
:10D9D0009847074668B1214632460FF095FF00236D
:10D9E0000120BB55C5E90076C5F8088006B0BDE842
:10D9F000F081002006B0BDE8F081084606B0BDE821
:10DA0000F08100BF002847D02DE9F04F8A468BB047
:10DA1000064641B90F460120C6E9007AC6F808A0BB
:10DA20000BB0BDE8F08F6846FFF72EF9DDE903394A
:10DA30000C214A4650469847074648B30024051D26
:10DA40004FF00108A34607E001340C35A24580F8E9
:10DA500000B045E903B8DED005A8FFF715F9059B2E
:10DA600009990120984745F8040C0028ECD15CB1D5
:10DA700004EB440407EB84040C3C2046FFF726FF2C
:10DA8000BC42A4F10C04F8D1019B494638469847A2
:10DA900000200BB0BDE8F08F0020704700284BD06D
:10DAA0002DE9F043056887B08046002D41D083689A
:10DAB000002B31D00024A14615E0BB68002B3CD0E0
:10DAC00001A8FFF7E1F8029B059955F82600984751
:10DAD00045F82690C7E90199D8F8083001349C42EE
:10DAE0001AD2D8F8005004EB440615EB8607F5D09F
:10DAF00055F82620002AE0D17A684ABBBA68002A85
:10DB0000ECD0194B19481B68512201210FF085FFF9
:10DB10004FF0FF300FF016FF01A8FFF7B5F8029B9A
:10DB20000599D8F8000098470023C8E90033C8F8E1
:10DB3000083007B0BDE8F08370470B4B0C481B68FA
:10DB40004C2201210FF069FF4FF0FF300FF0FAFE79
:10DB5000054B08481B684E2201210FF05EFF4FF075
:10DB6000FF300FF0EFFE00BF3CEA0108B4F00108FF
:10DB700014F0010864F001082DE9F041056804463D
:10DB800028460E46F3F728FA08B3124B28461968C0
:10DB9000F3F722FA054680B9D4F80480D8F800409B
:10DBA000ACB1D8F80870043F57F8040F3146F3F7CA
:10DBB00013FA28B10135A542F6D10020BDE8F08165
:10DBC000D8F8103053F82530BDE8F041184720460A
:10DBD000BDE8F081600B0020002848D02DE9F0411D
:10DBE000044600F0C1FA60B304F114050021284690
:10DBF000FFF708FF002844D004F12006002130463A
:10DC0000FFF71AFEA8B304F12C0700213846FFF7EE
:10DC100013FED8B304F1380800214046FFF70CFE8C
:10DC200018BB204600F0C0FA2846FFF737FF304601
:10DC3000FFF71EFE3846FFF71BFE4046FFF718FEB3
:10DC400012E0204600F0B0FA04F11400FFF726FFBE
:10DC500004F12000FFF70CFE04F12C00FFF708FE92
:10DC600004F13800FFF704FE0020BDE8F081002039
:10DC70007047204600F098FA2846FFF70FFF30461D
:10DC8000E8E7204600F090FA2846DFE7204600F05B
:10DC90008BFA2846FFF702FF3046FFF7E9FD3846CA
:10DCA000FFF7E6FD04F13800FFF7E2FDDCE700BF17
:10DCB000A8B110B5044600F077FA04F11400FFF79C
:10DCC000EDFE04F12000FFF7D3FD04F12C00FFF777
:10DCD000CFFD04F13800BDE81040FFF7C9BD704723
:10DCE000044B1A680AB103487047034A0148126896
:10DCF0001A607047680B0020600B0020024A034B3B
:10DD000012681A60704700BF600B0020680B00208B
:10DD100040687047006801EB410100EB81007047EB
:10DD2000036801EB410103EB8101134607C983E856
:10DD30000700704703468C4607CA1B680CEB4C0C67
:10DD400003EB8C0383E80700704700BF406870470F
:10DD5000006800EBC1007047036803EBC103D3E91F
:10DD60000001C2E90001704730B40368D2E9004500
:10DD700003EBC103C3E9004530BC7047FFF72CBF7C
:10DD8000FFF796BF38B504460D46FFF787FE2946D4
:10DD90002046BDE83840FFF735BE00BF38B5044621
:10DDA0000D46FFF765FD29462046BDE83840FFF7E0
:10DDB00043BD00BF4068704740687047006801EB92
:10DDC000410100EB81007047006800EBC100704723
:10DDD000006800EBC1007047006800EBC1007047AD
:10DDE000006800EBC1007047006800EBC10070479D
:10DDF000036803EBC103D3E90001C2E900017047E6
:10DE0000036803EBC103D3E90001C2E900017047D5
:10DE100030B40368D2E9004503EBC103C3E9004510
:10DE200030BC704730B40368D2E9004503EBC1034E
:10DE3000C3E9004530BC704738B504460D46FFF7CE
:10DE400017FD29462046BDE83840FFF7F5BC00BF66
:10DE500038B504460D46FFF70BFD29462046BDE8C0
:10DE60003840FFF7E9BC00BF08B500F0ADF9064B3C
:10DE700006491A68C8600AB1034808BD044A024846
:10DE800012681A6008BD00BF880B0020A00B00209C
:10DE9000640B002000B583B0012300210DF10700C1
:10DEA0008DF8073000F02CFA03B05DF804FB00BFDA
:10DEB0002DE9F04383B0002960D006460D4600F0FE
:10DEC00029FA43682946DB68304698476946304658
:10DED00000F070FE0099EB698B424FD3A9610DF100
:10DEE000040830B300240DF1040804EB4402A142FD
:10DEF000434630464FEA82071BD9696901EB820C21
:10DF000051F82210DCF808904A4601F0DBFD019B35
:10DF1000002838D003B1013B6A6900993A440134C2
:10DF20005360A14204EB4402434630464FEA820765
:10DF3000E3D8AC6A296A43462246304601F01EFE09
:10DF4000019B00284FD06B626C6BE96A4346224606
:10DF5000304601F013FE019B002834D02B632F6C58
:10DF6000A96B43463A46304601F008FE019B044641
:10DF7000C8B12046EB6303B0BDE8F083002420461F
:10DF800003B0BDE8F0839945D3D20121B075717516
:10DF90006B693B445860304601F02CFD01993046D6
:10DFA00001F05EFDC5E79F42E9D20123B0757375AC
:10DFB0000821E863304601F01DFD01993046C90093
:10DFC00001F04EFDDBE79C42C9D20123B0757375A9
:10DFD00008212863304601F00DFD01993046C90043
:10DFE00001F03EFDBBE79C42AED20123B0757375D4
:10DFF00008216862304601F0FDFC01993046C900F5
:10E0000001F02EFDA0E700BF2DE9F041884606464D
:10E0100000F0FEF808EB000504212846B76901F07E
:10E02000D3FC041D2C4487B100252046042101F0B7
:10E03000CBFC736905EB450203EB82020135031942
:10E0400054680533AF421C44EFD120460421756A61
:10E0500001F0BAFC044404349DB920460421356B18
:10E0600001F0B2FC04440434F5B920460421F56BF8
:10E0700001F0AAFC044404345DB9A4EB0800BDE837
:10E08000F0812046082101F09FFC04EBC504044404
:10E09000E3E70821204601F097FC04EBC5040444A3
:10E0A000A4EB0800BDE8F0812046082101F08CFCBB
:10E0B00004EBC5040444D8E708B1FFF7A5BF7047D7
:10E0C00010B10021FFF7A0BF704700BF002846D065
:10E0D0002DE9F8438846074600F01CF9436841469D
:10E0E0009B6838469847D7F818904046494600F054
:10E0F000F9FB002460B921E0F2F780FF68607B69DA
:10E10000421C53F82610404601F0CAFC0134A8B165
:10E110004C4504EB440611D07D6955F8260005EB0B
:10E1200086050028E8D168607B69024653F826100E
:10E13000404601F0B5FC01340028E9D1D7E90812C6
:10E14000404601F009FDD7E90B12404601F004FDFD
:10E15000D7E90E124046BDE8F84301F0FDBC704718
:10E1600000487047CC0C0020D8B138B5044600F008
:10E17000D5F830B104F108052846FFF78DFB48B10A
:10E1800038BD204600F0CEF804F10800FFF79EFBF2
:10E19000002038BD204600F0C5F82846FFF796FB62
:10E1A000F6E70020704700BF48B110B5044600F004
:10E1B000B9F804F10800BDE81040FFF787BB7047CD
:10E1C000FFF7D2BFFFF7F0BF08B500F0B1F8064B7C
:10E1D00006491A68C8600AB1034808BD044A0248E3
:10E1E00012681A6008BD00BF000D0020180D002045
:10E1F000640B002000B583B0012300210DF107005E
:10E200008DF8073000F0F2F803B05DF804FB00BFB2
:10E2100070B5054668B10C4600F098F82618042140
:10E22000304601F0D1FBEB68C4F105041C44044402
:10E23000A01970BDF0B50C4683B0E1B1064600F000
:10E24000E9F843682146DB68304698472769A168AA
:10E2500001AB3A46304601F035FC019B054620B93A
:10E260009F420CD3284603B0F0BD03B1013B2846C2
:10E27000E36003B0F0BD0D46284603B0F0BD0121B8
:10E28000B0757175E060304601F0B4FB304601991D
:10E2900001F0E6FB284603B0F0BD00BFF8B170B551
:10E2A00004460D4600F0B6F8436829469B682046B0
:10E2B0009847A66856B13046F2F7A0FEE060421CCF
:10E2C00031462846BDE8704001F0EABB3046E060C8
:10E2D000324631462846BDE8704001F0E1BB704748
:10E2E00038B5044650B1002100F030F8042105464D
:10E2F00001F06AFBE46805342C44204438BD00BFBB
:10E3000010B501230446037000F070F80023237059
:10E3100010BD00BF00487047900D0020003818BFA6
:10E3200001207047704700BFFFF7F8BFFFF7FABF43
:10E33000044B1A680AB103487047034A014812683F
:10E340001A607047C40D0020640B002080B138B5FE
:10E350000D462846042101F037FB04216C180444C3
:10E36000204601F031FBC5F104050544281938BDEC
:10E37000704700BF38B50C4641B1054601F02AF898
:10E38000211D2846BDE8384000F014BC084638BDC1
:10E3900060B138B50D4604460168284600F066FFB6
:10E3A00061682846BDE8384000F09CBA704700BF5D
:10E3B00060B110B50421002001F006FB041D04210A
:10E3C000204601F001FB0430204410BD704700BF1F
:10E3D00010B50421002001F0F7FA041D04212046A5
:10E3E00001F0F2FA0430204410BD00BF38B50C46ED
:10E3F000012303700421204601F0E6FA042163188A
:10E40000C518284601F0E0FAC4F104042044284469
:10E4100038BD00BF00487047540E002038B50D4687
:10E420000121044601F086FA48B1A3681D70A26874
:10E43000236901210A440B44A26023616175A07D18
:10E4400080F0010038BD00BF38B50D4601210446FB
:10E4500001F070FA68B1A3681B78003B18BF012374
:10E460002B70A268236901210A440B44A260236136
:10E470006175A07D80F0010038BD00BF38B50D4644
:10E480000121044601F056FA48B1A3681D70A26844
:10E49000236901210A440B44A26023616175A07DB8
:10E4A00080F0010038BD00BF38B50D46012104469B
:10E4B00001F040FA50B1A3681B782B70A268236961
:10E4C00001210A440B44A26023616175A07D80F0A4
:10E4D000010038BD2DE9F04182B00B46022104460F
:10E4E000ADF8063001F078FA01462046677D01F06C
:10E4F000B7FA0221204601F011FAA568B8B1237DD0
:10E50000012B4DD09DF807302B70A3689DF8062095
:10E510005A70A2682369023202330221A260236189
:10E520006175A07D80F0010002B0BDE8F0816368F4
:10E53000AB4223D95E1BA3602369C6F102083344B2
:10E5400023614146204601F0F5F968B3237D012B94
:10E550003BD09DF807302B709DF806306B70236917
:10E56000A268A07D023342449B1B022180F001007F
:10E57000A2602361617502B0BDE8F08102212046EE
:10E5800001F0D8F90028CCD0237DA268012B18D047
:10E590009DF807301370A3689DF806205A70B8E7FD
:10E5A000BDF806302B80B4E7A2682369A07D6775AB
:10E5B000921B9B1B80F00100A260236102B0BDE8AA
:10E5C000F081BDF806301380A3E728460DF106055B
:10E5D000324629460FF098F9A0684246A9190FF073
:10E5E00093F9BCE72DE9F04383B00D4602210446C0
:10E5F000ADF8062001F0F0F90146204694F81580A8
:10E6000001F02EFA0221204601F088F9A768B0B186
:10E61000012D4BD09DF807303B70A3689DF8062074
:10E620005A70A2682369023202330221A260236178
:10E630006175A07D80F0010003B0BDE8F0836668DD
:10E64000BE4222D92369A660F61B3344C6F10209F3
:10E6500023614946204601F06DF958B3012D3BD0A6
:10E660009DF807303B709DF806307B702369A268E7
:10E67000A07D02334A449B1B022180F00100A2606E
:10E680002361617503B0BDE8F0830221204601F0EB
:10E6900051F90028CDD0012DA36819D09DF807208D
:10E6A0001A70A3689DF806205A70BAE7BDF80630C4
:10E6B0003B80B6E7A2682369A07D84F81580921B91
:10E6C0009B1B80F00100A260236103B0BDE8F083D2
:10E6D000BDF806201A80A4E70DF10605324629464A
:10E6E00038460FF011F9A0684A46A9190FF00CF945
:10E6F000BCE700BF2DE9F8430D460221044601F0B6
:10E700006BF90146204694F8158001F0A9F9022121
:10E71000204601F003F9A768A0B1237D012B45D065
:10E720007B782B70A3681B786B70A2682369023218
:10E7300002330221A26023616175A07D80F0010097
:10E74000BDE8F8836668BE4220D92369A660F61B3F
:10E750003344C6F1020923614946204601F0EAF834
:10E7600038B3237D012B34D07B782B703B786B70D2
:10E770002369A268A07D02334A449B1B0221A26048
:10E780002361617580F00100BDE8F8830221204615
:10E7900001F0D0F80028D0D0237DA268012B15D03D
:10E7A00053782B70A3681B786B70BEE73B882B8077
:10E7B000BBE7A2682369A07D84F81580921B9B1B90
:10E7C000A260236180F00100BDE8F88313882B80EC
:10E7D000ABE73946324628460FF096F8A1684A461C
:10E7E000A8190FF091F8C3E72DE9F0470E46022172
:10E7F0000446154601F0F0F80146204694F81590BD
:10E8000001F02EF90221204601F088F8D4F80880A2
:10E81000A0B1012E47D098F801302B70A3681B7867
:10E820006B70A2682369023202330221A260236165
:10E830006175A07D80F00100BDE8F08767684745FD
:10E8400022D92369A760A7EB08073B44C7F1020A56
:10E8500023615146204601F06DF840B3012E36D0B9
:10E8600098F801302B7098F800306B702369A2681B
:10E87000A07D02335244DB1B0221A260236161753B
:10E8800080F00100BDE8F0870221204601F052F837
:10E890000028CED0012EA36816D05B782B70A36819
:10E8A0001B786B70BDE7B8F800302B80B9E7A26821
:10E8B0002369A07D84F81590D21BDB1BA260236125
:10E8C00080F00100BDE8F0871B882B80A9E7414656
:10E8D0003A4628460FF018F8A1685246E8190FF09A
:10E8E00013F8C3E72DE9F04182B0044601910421F9
:10E8F00001F072F801462046677D01F0B1F804216D
:10E90000204601F00BF8A568F8B1237D012B61D0FA
:10E910009DF807302B70A3689DF806205A70A368F5
:10E920009DF805209A70A3689DF80420DA70A2680B
:10E930002369043204330421A26023616175A07D40
:10E9400080F0010002B0BDE8F0816368AB4233D9CA
:10E950005E1BA3602369C6F104083344236141466A
:10E96000204600F0E7FF002837D0237D012B5AD046
:10E97000042E9DF807202A70334628BF0423012E59
:10E9800038D1DA43083269461DF80220EA54CB1A1E
:10E99000A2689B791370022E3AD12369A268A07DE8
:10E9A000043342449B1B042180F00100A2602361D8
:10E9B000617502B0BDE8F0810421204600F0BAFF85
:10E9C0000028BCD0237DA268012B29D09DF80730F8
:10E9D0001370A0E7019B2B60A9E7A2682369A07DC3
:10E9E0006775921B9B1B80F00100A260236102B03F
:10E9F000BDE8F0819DF806206A70022E0DDD9DF8BD
:10EA00000520AA70032E1ADD9DF80430EB70C4E7D0
:10EA1000A3689DF804201A70BFE7032EB1D9BCE7A4
:10EA2000019B136083E7284601AD324629460EF06C
:10EA30006BFFA0684246A9190EF066FFADE7ACD89F
:10EA4000DA4308321DF80220EA54A6E72DE9F04324
:10EA500083B00E4604210446019200F0BDFF01463A
:10EA6000204694F8158000F0FBFF0421204600F0BA
:10EA700055FFA768F0B1012E5FD09DF807303B70BD
:10EA8000A3689DF806205A70A3689DF805209A7027
:10EA9000A3689DF80420DA70A26823690432043365
:10EAA0000421A26023616175A07D80F0010003B0A4
:10EAB000BDE8F0836568BD4232D92369A560ED1BCE
:10EAC0002B44C5F1040923614946204600F032FF7A
:10EAD000002835D0012E5AD0042D9DF807203A7019
:10EAE0002B4628BF0423012D38D1DA43083269466A
:10EAF0001DF80220FA54CB1AA2689B791370022DDC
:10EB00003AD12369A268A07D04334A445B1B0421E7
:10EB100080F00100A2602361617503B0BDE8F0835D
:10EB20000421204600F006FF0028BDD0012EA36876
:10EB30002AD09DF807201A70A2E7019B3B60ABE743
:10EB4000A2682369A07D84F81580521B5B1B80F0AE
:10EB50000100A260236103B0BDE8F0839DF80620A8
:10EB60007A70022D0DDD9DF80520BA70032D1ADD97
:10EB70009DF80430FB70C4E7A3689DF804201A7068
:10EB8000BFE7032DB1D9BCE7019A1A6084E701AE53
:10EB90002A46314638460EF0B7FEA0684A4671193B
:10EBA0000EF0B2FEADE7ACD8DA4308321DF8022011
:10EBB000FA54A6E72DE9F8430D460421044600F077
:10EBC0000BFF0146204694F8158000F049FF042110
:10EBD000204600F0A3FEA768D0B1237D012B5BD0B7
:10EBE000FB782B70A3689B786B70A3685B78AB7025
:10EBF000A3681B78EB70A2682369043204330421F4
:10EC0000A26023616175A07D80F00100BDE8F883FA
:10EC10006668BE4234D92369A660F61B3344C6F148
:10EC2000040923614946204600F084FE002836D0BE
:10EC3000237D012B52D0FB782B70042E334628BF46
:10EC40000423012E38D1032E05EB03020AD8C3F1A9
:10EC50000301022E795CE954C3F10203A168CB5C85
:10EC6000537034D12369A268A07D04334A449B1BAE
:10EC70000421A2602361617580F00100BDE8F88382
:10EC80000421204600F056FE0028BCD0237DA26857
:10EC9000012B20D0D378A4E73B682B60ABE7A268B8
:10ECA0002369A07D84F81580921B9B1BA2602361C1
:10ECB00080F00100BDE8F883BA786A70022EC2DDE8
:10ECC0007A78AA70032E14DD3B78EB70CAE7A3684C
:10ECD0001B789370C6E713682B608CE73946324681
:10ECE00028460EF011FEA1684A46A8190EF00CFE47
:10ECF000B8E7B7D8C3F10302BA5CEA54B2E700BF81
:10ED00002DE9F0470F4604210446154600F064FE45
:10ED10000146204694F8159000F0A2FE04212046FA
:10ED200000F0FCFDD4F80880D0B1012F5DD098F838
:10ED300003302B70A3689B786B70A3685B78AB7013
:10ED4000A3681B78EB70A2682369043204330421A2
:10ED5000A26023616175A07D80F00100BDE8F087AD
:10ED60006668464536D92369A660A6EB0806334493
:10ED7000C6F1040A23615146204600F0DBFD00285D
:10ED800037D0012F57D098F803302B70042E33461C
:10ED900028BF0423012E39D1032E05EB03020BD823
:10EDA000C3F10301022E18F80110E954C3F1020364
:10EDB000A168CB5C537037D12369A268A07D04336E
:10EDC00052449B1B0421A2602361617580F0010005
:10EDD000BDE8F0870421204600F0ACFD0028BAD041
:10EDE000012FA36824D0DB78A3E7D8F800302B608C
:10EDF000A9E7A2682369A07D84F81590921B9B1B4C
:10EE0000A260236180F00100BDE8F08798F802203D
:10EE10006A70022EC0DD98F80120AA70032E15DD5D
:10EE200098F80030EB70C7E7A3681B789370C3E7CE
:10EE30001B682B6087E74146324628460EF064FD8A
:10EE4000A1685246A8190EF05FFDB5E7B4D8C3F12A
:10EE5000030218F80220EA54AEE700BF2DE9F041A2
:10EE6000082182B00446CDE9002300F0B5FD01463B
:10EE70002046677D00F0F4FD0821204600F04EFD9D
:10EE8000A56880B3237D012B00F088809DF80730B2
:10EE90002B70A3689DF806205A70A3689DF8052082
:10EEA0009A70A3689DF80420DA70A3689DF8032087
:10EEB0001A71A3689DF802205A71A3689DF8012079
:10EEC0009A71A3689DF80020DA71A268236908325C
:10EED00008330821A26023616175A07D80F00100E4
:10EEE00002B0BDE8F0816368AB4249D95E1BA36004
:10EEF0002369C6F10808334423614146204600F0E7
:10EF000019FD00284FD0237D012B00F09980082E99
:10EF10009DF807202A70334628BF0823012E51D0C0
:10EF20009DF806206A70022E4ADD9DF80520AA7021
:10EF3000032E45DD9DF80420EA70042E40DD9DF887
:10EF400003202A71052E3BDD9DF802206A71062EF2
:10EF500036DD9DF80120AA71072E7DDD9DF8003079
:10EF6000EB712369A268A07D083342449B1B0821F2
:10EF700080F00100A2602361617502B0BDE8F081FC
:10EF80000821204600F0D6FC0028A6D0227DA368E8
:10EF9000012A50D09DF807201A707AE7DDE9003287
:10EFA0006A602B6091E7A2682369A07D6775921B58
:10EFB0009B1B80F00100A260236102B0BDE8F081DC
:10EFC000072ECED8DA43083269461DF80220EA54EB
:10EFD000C91AA26889791170062B03F10202C0D008
:10EFE000D2430832052B1DF80210A268117003F1FC
:10EFF0000302B6D0D2430832042B1DF80210A268D7
:10F00000117003F10402ACD0D2430832032B1DF877
:10F010000210A268117003F10502A2D0D243083297
:10F02000A3681DF802201A70012E9AD1A3689DF8DA
:10F0300000201A7095E7DDE9002159601A6044E765
:10F040003246694628466D460EF05EFCA068424690
:10F05000A9190EF059FC84E783D8DA4308321DF869
:10F060000220EA547DE700BF2DE9F04182B00B4653
:10F0700002210446ADF8063000F0AEFC0146204601
:10F08000677D00F0EDFC0221204600F047FCA568FA
:10F09000B8B1237D012B4DD09DF807302B70A368AC
:10F0A0009DF806205A70A2682369023202330221B9
:10F0B000A26023616175A07D80F0010002B0BDE80F
:10F0C000F0816368AB4223D95E1BA3602369C6F15C
:10F0D0000208334423614146204600F02BFC68B30C
:10F0E000237D012B3BD09DF807302B709DF8063017
:10F0F0006B702369A268A07D023342449B1B0221EE
:10F1000080F00100A2602361617502B0BDE8F0816A
:10F110000221204600F00EFC0028CCD0237DA268FE
:10F12000012B18D09DF807301370A3689DF80620B6
:10F130005A70B8E7BDF806302B80B4E7A26823699F
:10F14000A07D6775921B9B1B80F00100A26023616C
:10F1500002B0BDE8F081BDF806301380A3E7284671
:10F160000DF10605324629460EF0CEFBA068424658
:10F17000A9190EF0C9FBBCE72DE9F8430D460221A1
:10F18000044600F029FC0146204694F8158000F062
:10F1900067FC0221204600F0C1FBA768A0B1237DD7
:10F1A000012B45D07B782B70A3681B786B70A2680D
:10F1B0002369023202330221A26023616175A07DBE
:10F1C00080F00100BDE8F8836668BE4220D923695B
:10F1D000A660F61B3344C6F1020923614946204666
:10F1E00000F0A8FB38B3237D012B34D07B782B7043
:10F1F0003B786B702369A268A07D02334A449B1B55
:10F200000221A2602361617580F00100BDE8F883EE
:10F210000221204600F08EFB0028D0D0237DA2687A
:10F22000012B15D053782B70A3681B786B70BEE749
:10F230003B882B80BBE7A2682369A07D84F81580FA
:10F24000921B9B1BA260236180F00100BDE8F88344
:10F2500013882B80ABE73946324628460EF054FB24
:10F26000A1684A46A8190EF04FFBC3E72DE9F0410B
:10F2700082B004460191042100F0AEFB0146204615
:10F28000677D00F0EDFB0421204600F047FBA568F8
:10F29000F8B1237D012B61D09DF807302B70A36856
:10F2A0009DF806205A70A3689DF805209A70A368FF
:10F2B0009DF80420DA70A268236904320433042123
:10F2C000A26023616175A07D80F0010002B0BDE8FD
:10F2D000F0816368AB4233D95E1BA3602369C6F13A
:10F2E0000408334423614146204600F023FB0028F4
:10F2F00037D0237D012B5AD0042E9DF807202A7089
:10F30000334628BF0423012E38D1DA430832694638
:10F310001DF80220EA54CB1AA2689B791370022EC2
:10F320003AD12369A268A07D043342449B1B042187
:10F3300080F00100A2602361617502B0BDE8F08138
:10F340000421204600F0F6FA0028BCD0237DA268F4
:10F35000012B29D09DF807301370A0E7019B2B608B
:10F36000A9E7A2682369A07D6775921B9B1B80F0AB
:10F370000100A260236102B0BDE8F0819DF8062083
:10F380006A70022E0DDD9DF80520AA70032E1ADD8D
:10F390009DF80430EB70C4E7A3689DF804201A7050
:10F3A000BFE7032EB1D9BCE7019B136083E7284672
:10F3B00001AD324629460EF0A7FAA0684246A919C7
:10F3C0000EF0A2FAADE7ACD8DA4308321DF80220FD
:10F3D000EA54A6E72DE9F8430D460421044600F05F
:10F3E000FBFA0146204694F8158000F039FB042111
:10F3F000204600F093FAA768D0B1237D012B5BD0A3
:10F40000FB782B70A3689B786B70A3685B78AB70FC
:10F41000A3681B78EB70A2682369043204330421CB
:10F42000A26023616175A07D80F00100BDE8F883D2
:10F430006668BE4234D92369A660F61B3344C6F120
:10F44000040923614946204600F074FA002836D0AA
:10F45000237D012B52D0FB782B70042E334628BF1E
:10F460000423012E38D1032E05EB03020AD8C3F181
:10F470000301022E795CE954C3F10203A168CB5C5D
:10F48000537034D12369A268A07D04334A449B1B86
:10F490000421A2602361617580F00100BDE8F8835A
:10F4A0000421204600F046FA0028BCD0237DA26843
:10F4B000012B20D0D378A4E73B682B60ABE7A26890
:10F4C0002369A07D84F81580921B9B1BA260236199
:10F4D00080F00100BDE8F883BA786A70022EC2DDC0
:10F4E0007A78AA70032E14DD3B78EB70CAE7A36824
:10F4F0001B789370C6E713682B608CE73946324659
:10F5000028460EF001FAA1684A46A8190EF0FCF947
:10F51000B8E7B7D8C3F10302BA5CEA54B2E700BF58
:10F520002DE9F0430E4683B008210446CDE90023BF
:10F5300000F052FA0146204694F8158000F090FA47
:10F540000821204600F0EAF9A76878B3012E00F000
:10F5500086809DF807303B70A3689DF806205A709E
:10F56000A3689DF805209A70A3689DF80420DA70BE
:10F57000A3689DF803201A71A3689DF802205A71B0
:10F58000A3689DF801209A71A3689DF80020DA71A4
:10F59000A2682369083208330821A26023616175DB
:10F5A000A07D80F0010003B0BDE8F0836568BD4236
:10F5B00048D92369A560ED1B2B44C5F108092361D7
:10F5C0004946204600F0B6F900284DD0012E00F043
:10F5D0009980082D9DF807203A702B4628BF0823F4
:10F5E000012D51D09DF806207A70022D4ADD9DF83C
:10F5F0000520BA70032D45DD9DF80420FA70042D16
:10F6000040DD9DF803203A71052D3BDD9DF8022079
:10F610007A71062D36DD9DF80120BA71072D7DDD4A
:10F620009DF80030FB712369A268A07D08334A442D
:10F630005B1B082180F00100A2602361617503B0AB
:10F64000BDE8F0830821204600F074F90028A7D017
:10F65000012EA36851D09DF807201A707CE7DDE9E0
:10F6600000327A603B6093E7A2682369A07D84F84A
:10F670001580521B5B1B80F00100A260236103B068
:10F68000BDE8F083072DCED8DA43083269461DF86D
:10F690000220FA54C91AA26889791170062B03F165
:10F6A0000202C0D0D2430832052B1DF80210A26816
:10F6B000117003F10302B6D0D2430832042B1DF8B7
:10F6C0000210A268117003F10402ACD0D2430832D8
:10F6D000032B1DF80210A268117003F10502A2D0DD
:10F6E000D2430832A3681DF802201A70012D9AD166
:10F6F000A3689DF800201A7095E7DDE900215960A4
:10F700001A6045E72A46694638466E460EF0FCF810
:10F71000A0684A4671190EF0F7F884E783D8DA43F7
:10F7200008321DF80220FA547DE700BF2DE9F047AA
:10F730000F4608210446154600F04EF901462046C2
:10F7400094F8159000F08CF90821204600F0E6F8B6
:10F75000D4F8088038B3012F00F0898098F807307A
:10F760002B70A3689B796B70A3685B79AB70A368FF
:10F770001B79EB70A368DB782B71A3689B786B71A6
:10F78000A3685B78AB71A3681B78EB71A2682369EF
:10F79000083208330821A26023616175A07D80F0E2
:10F7A0000100BDE8F0876668464548D92369A66030
:10F7B000A6EB08063344C6F1080A236151462046E9
:10F7C00000F0B8F8002845D0012F00F08F8098F89D
:10F7D00007302B70082E334628BF0823012E4DD04A
:10F7E00098F806206A70022E48DD98F80520AA7065
:10F7F000032E43DD98F80420EA70042E3EDD98F8CD
:10F8000003202A71052E39DD98F802206A71062E30
:10F8100034DD98F80120AA71072E77DD98F80030C2
:10F82000EB712369A268A07D083352449B1B082119
:10F83000A2602361617580F00100BDE8F0870821B6
:10F84000204600F077F80028A8D0012FA36858D0F0
:10F85000DB7985E7A2682369A07D84F81590921B67
:10F860009B1BA260236180F00100BDE8F087D8F8FF
:10F870000030D8F804206A602B6087E7072E05EB7C
:10F880000301CED8C3F10702062B18F80220EA5470
:10F89000C3F10602A068825C4A7003F10202C0D084
:10F8A000A068C2F10702052B825C8A7003F1030293
:10F8B000B7D0A068C2F10702042B825CCA7003F1C2
:10F8C0000402AED0A068C2F10702032B825C0A7169
:10F8D00003F10502A5D0A368C2F10702012E9B5CCB
:10F8E0004B719ED1A3681B788B719AE741463246D3
:10F8F00028460EF009F8A1685246A8190EF004F83F
:10F900008FE71A685B686B602A603FE789D8C3F1AC
:10F91000070218F80220EA5483E700BF837D3BB951
:10F92000D0E901030B44984234BF00200120704706
:10F9300000207047837D43B910B5D0E90121914281
:10F94000044605D20123184610BD0023184670470F
:10F9500082693AB1C169904780F00103DBB2A075BA
:10F96000184610BD0120A075FAE700BFC0E90612D5
:10F97000704700BF10B4019C01600A4442600A193C
:10F980001C44C0E9033482609DF8083003750022EE
:10F99000C0E9062210BC42758275704710B582B06E
:10F9A000049C009401240194FFF7E4FF02B010BD11
:10F9B00010B582B000240094FFF7F0FF02B010BD34
:10F9C0000023FFF7F5BF00BFB0FBF1F303FB11000D
:10F9D000081A013908407047437D8B4208D20069FC
:10F9E000B0FBF1F301FB1300081A0139084070471E
:10F9F0000020704738B504460D46FFF7EDFFA368B9
:10FA000061682269657503448B42024428BF0B4636
:10FA10002261A36038BD00BF82680068101A704779
:10FA2000D0E90120101A704738B5837D63B9D0E959
:10FA300001329A4204460D4608D339B1836963B155
:10FA4000C1699847A07508B1002038BD2046FFF76E
:10FA5000E7FFA84228BF284638BD01238375F3E796
:10FA600038B504460D46FFF759FF78B12369A268FF
:10FA70002B442A4423610123A260637538BDA26828
:10FA80002369024403442D1AA260236101222946FE
:10FA90002046FFF7C9FF0028F1D10123637538BD67
:10FAA00070B50E461546017D0446FEF7CFFF0DB931
:10FAB000012070BD217D2B4632462046BDE87040B6
:10FAC00007F06EBC2DE9F0411C4616460F461A465B
:10FAD000017D0546FFF714F923689E4202D20123F7
:10FAE000AB75236813B90120BDE8F081297D3A4642
:10FAF0002846BDE8F04107F085BC00BF70B50E4652
:10FB00001546017D0446FEF7A1FF0DB9012070BD29
:10FB1000217D2B4632462046BDE8704007F0D6BC1A
:10FB20002DE9F0411C4616460F461A46017D054652
:10FB3000FFF7E6F823689E4202D20123AB752368E3
:10FB400013B90120BDE8F081297D3A462846BDE879
:10FB5000F04107F01FBD00BF70B50E461546017D90
:10FB60000446FEF773FF0DB9012070BD217D2B46C1
:10FB700032462046BDE8704007F03EBD2DE9F04119
:10FB80001C4616460F461A46017D0546FFF7B8F893
:10FB900023689E4202D20123AB75236813B901206A
:10FBA000BDE8F081297D3A462846BDE8F04107F0DE
:10FBB00079BD00BF10B500238EB0CDE9013203231B
:10FBC0000093042206AB044601F026F918B9044656
:10FBD00020460EB010BD029905AA204601F056FA43
:10FBE00005A9044606A802F075FC20460EB010BD1B
:10FBF00010B58CB0C2F3074C029203F10C02BCF1B9
:10FC0000010F14BF002202F001020E331A44012337
:10FC100000939DF83830019392B204AB044601F092
:10FC2000FBF818B9044620460CB010BD02990F9A93
:10FC3000204601F02BFA0F99044604A802F0A8FB15
:10FC400020460CB010BD00BF2DE9F043ADF5177D87
:10FC500011ACADF85432032323729E9B03910292A0
:10FC60000021012203AF0DF108089DF87C9222715A
:10FC700005468DF81410EBB18DF81C20089309AEE1
:10FC80004FF4007215A93046FFF79AFE05A93046D9
:10FC900001F078FF0D9BCDF80090D8F8002039686E
:10FCA00001942846E3609BB2FFF7A2FF0DF5177D94
:10FCB000BDE8F0838DF81C30E1E700BF2DE9F0438B
:10FCC000ADF5197D05460591184697A90223A19E19
:10FCD0009DF8889204928DF8503000F081F903234A
:10FCE0008DF85430A09B06930A9601230BAE8DF835
:10FCF00024304FF40072002317A930468DF81C30D1
:10FD0000FFF75EFE06A9304601F05EFF0F9B1693DB
:10FD100013ACDDE90421CDF8009001949BB2284694
:10FD2000FFF766FF0DF5197DBDE8F0832DE9F0437F
:10FD3000ADF28C4D054605911846032692A99DF813
:10FD4000A89404928DF83C6000F04AF98DF8406068
:10FD500006AE00234FF4007212A930468DF84C32E3
:10FD60008DF85432FFF72CFE93A9304601F0EAFFDC
:10FD70000A9B11930EACDDE90421CDF800900194AB
:10FD80009BB22846FFF734FF0DF28C4DBDE8F0839F
:10FD90002DE9F043ADF28C4D05460591184692A928
:10FDA00004239DF8A89404928DF83C3006AE00F030
:10FDB00017F9032200238DF8402012A94FF4007296
:10FDC00030468DF84C328DF85432FFF7F9FD93A987
:10FDD000304602F071F80A9B11930EACDDE9042164
:10FDE000CDF8009001949BB22846FFF701FF0DF279
:10FDF0008C4DBDE8F08300BF2DE9F047ADF5227DC5
:10FE00001DAD0EAC05910646A1A918460523BDF807
:10FE1000B0A204922B719DF8B49200F0E1F8032394
:10FE20002146AA982B7200F0DBF89DF8AD32A4F8B9
:10FE30000CA00022BAF1000AB3FA83F39DF8AE12C7
:10FE400084F82C2018BF4FF0010A5B09A2732275B9
:10FE50002277012205AF0DF1100884F80AA0238152
:10FE6000A27011B943F0020323819DF8AC22012A4C
:10FE700025D0032A1FD012B943F0080323810DF1C6
:10FE8000180A4FF4007221A95046FFF799FD214648
:10FE9000504602F0B3F80A9BCDF80090D8F8002045
:10FEA000396801953046EB609BB2FFF7A1FE0DF576
:10FEB000227DBDE8F08743F020032381DFE743F094
:10FEC00010032381DBE700BF2DE9F047ADF5247D6A
:10FED0001FAD0EAC05910646A3A918460623BDF832
:10FEE000B8A204922B719DF8BC9200F079F803231C
:10FEF0002146AC982B7200F073F89DF8B532A4F847
:10FF00000CA00022BAF1000AB3FA83F39DF8B612EE
:10FF100084F8382018BF4FF0010A5B0984F82C20C0
:10FF2000A27322752277012205AF0DF1100884F823
:10FF30000AA02381A27011B943F0020323819DF826
:10FF4000B422012A25D0032A1FD012B943F0080396
:10FF500023810DF1180A4FF4007223A95046FFF7D0
:10FF60002FFD2146504602F00DF80A9BCDF8009077
:10FF7000D8F80020396801953046EB609BB2FFF756
:10FF800037FE0DF5247DBDE8F08743F02003238183
:10FF9000DFE743F010032381DBE700BF82B00023DB
:10FFA0008DF80610BDF8062060F30F0362F31F43BF
:10FFB000184602B0704700BF4378017882B003F062
:10FFC0000F028DF806201B09BDF8062003EB011374
:10FFD000002063F30F0062F31F4002B0704700BFC0
:10FFE000C0F3034382B0C0F30B1203EB00130A709B
:10FFF0004B7002B0704700BF00B58BB001460422C1
:020000040801F1
:1000000002A8FFF7DDFC0DF105030DF1060201A9C1
:1000100002A801F0A5F99DF804300D2B03D00020B3
:100020000BB05DF804FB9DF8053013F0020F0CBF18
:10003000012002200BB05DF804FB00BFF0B50025E5
:10004000ADF5357D04464FF4247203AE0F4610A87B
:100050002946CDE903550DF065FC3146384602F0DE
:1000600025FABDF80C30ADF84030204601F006F816
:1000700008AE2B4600900C2205A93046FFF78EFCF7
:1000800010A9304602F084FA089B2A4629462046E9
:1000900000F0A0FF3046FFF7BFFC236F024605A922
:1000A000D3E90004A0470DF5357DF0BD70B592B0E1
:1000B00005460E46144600F0E1FF04EB44040090B0
:1000C00005A90AA80023112205EBC404FFF766FC6A
:1000D0005034002305220A210AA801F027F903A9B8
:1000E000204607F09DFD40BAADF80E0003A90AA80E
:1000F0008DF8106002F0BCFA00220A9B11462846D7
:1001000000F068FF0AA8FFF787FC2B6F024605A9DD
:10011000D3E90004A04712B070BD00BFD0B50023E2
:1001200000260027C0E91C13C0E926670446C0E981
:100130001E33C0E92033C0E92233C0E9243380F8FC
:10014000A030812100F0AAFE04F10800BDE8D040F3
:1001500001F002B8C0E92012704700BFC0E92212C6
:10016000704700BFC0E92912704700BFC0E92B12D9
:10017000704700BF70B582B004460D46164600F0C9
:100180007DFF32460346294604F1080002B0BDE86F
:10019000704001F02BB800BFF0B585B004460D46A5
:1001A00016461F4600F06AFF3B460090324629463D
:1001B00004F1080001F02EF805B0F0BD82B008305F
:1001C00002B001F043B800BF10B584B0034C0094F6
:1001D000083001F051F804B010BD00BFF9FF00086D
:1001E00010B5044601F002F9D4E92632C01A61EBD9
:1001F000020110BD2DE9F047037E84B0044673B3BD
:10020000002500F108090DF10208284603AF02AEEF
:1002100006E0237E0135E8B2834209F110091ED9B8
:100220000122114600F060FF434684463A463146BB
:100230004846CDF804C007F077FD0028E9D0029BBE
:10024000BDF802209DF80410204600F0C3FE236F85
:10025000039AD3F804A002991868D047D9E794F814
:1002600048307BB34FF0000904F120050DF102087E
:1002700003AF02AE48460122022100F035FF019093
:100280000EE0029BBDF802209DF80410204600F00D
:10029000A1FE236F039AD3F804A002991868D047EF
:1002A00043463A463146284607F052FF0028E8D137
:1002B00094F8483009F101095FFA89F0834205F1A9
:1002C0002805D8D804B0BDE8F08700BF2DE9F04379
:1002D0000D46ADF5257D69460746284601F0F6FF37
:1002E00002A9044628469DF80580FEF7ADF89DF862
:1002F000083004406E46E4B25BB987A92846FEF791
:10030000A3F896F81C3281464BB90DF5257DBDE862
:10031000F08303A9284601F09DFE0440EDE788A97B
:100320002846FEF7C1F814EA090FEED00028ECD0F9
:1003300096F820320D2BE8D18AA92846FEF71CFF3B
:1003400040B1B6F92832002B07DDB8F1000F0CBF21
:100350000220012087F8B500D7E70020FAE700BFA8
:100360002DE9F04397B004460D4609920DF12F0395
:100370000CAA0DF12E01284600F0F2FF002800F033
:100380002E819DF82E309DF82620023B0D2BEDD8B6
:1003900001A151F823F000BFD50501086D03010844
:1003A000C5050108670501085D0501086D03010821
:1003B0006D030108D9040108710401083104010822
:1003C0006D0301086D0301086D030108D1030108E5
:1003D00010A9284602F09CF9D4F89060002E00F095
:1003E000068101F003F8DFF858E2DDF850C0119FF4
:1003F000DDF848800B46159902460020CCFB0E1014
:10040000CDE90410109913984FF0000CC1FB0E7C3D
:100410000021C8FB0E01CDE90001CDE9027CD4F832
:10042000941006912046B047012384F8A0309DE740
:1004300010A9284602F05AF900219DF8440000F066
:100440006FFEC0F307260F90314604F1080000F05C
:100450004BFF00288AD0BDF84220BDF8401007F0BD
:10046000D3FB9DF83C1032462046FFF71FFE7DE788
:1004700010A9284602F012F900219DF8440000F06E
:100480004FFE0D90C0F3072104F1080000F016FFA5
:10049000064600283FF46AAFBDF84210BDF8402080
:1004A00049BA89B207F008FF304607F0C3FE0DF1E4
:1004B0003809ADF8320005E0236F0F9A5F680E9996
:1004C0001868B8470DF132030FAA4946304607F0C5
:1004D000B3FE0028F0D149E70DF13809099B9DF8DA
:1004E0002F80BDF830700D934946284601F052FE2A
:1004F00048460FA90DF1320200F0E6FDD4F8806005
:100500000F99BDF832901091043F08F00E08BFB269
:1005100036B1D4F8843000934A4600232046B047D1
:10052000E36F6BB1606F0021023802E00131994244
:1005300006D030F8026F4E45F8D1A36F00225A540E
:10054000BDF8321002910F9901910D990091434627
:100550003A462946204607F067FF07E72946204626
:10056000FFF7B4FE02E7002A3CD010A9284601F0AC
:10057000F1FF0EA910A80DAA00F0A6FDD4F8806026
:100580000E999DF84480BDF834700F9136B1D4F8BF
:10059000843000933A4643462046B047E26F002A33
:1005A0003FF4E4AE606F0021023803E00131914274
:1005B0003FF4DCAE30F8026FBE42F7D1A36F03F810
:1005C0000180D3E6002A7FF4D1AE2946204600F010
:1005D000C3FCCBE629462046FFF730FDC6E617B040
:1005E000BDE8F0832946204600F0C4FCBEE600F0DA
:1005F000FDFEDDE91472DFF848E03346C7FB0E2349
:100600001018DDE91272B44643EB0103C7FB0E2C50
:10061000DDE91017C1FB0E76D2194CEB0601801AEA
:1006200063EB0103DA0F121843F10003520842EAA8
:10063000C3725B10C4F89820C4F89C30F4E600BF85
:1006400000CA9A3B2DE9F04FB1F1000B9FB006466E
:10065000C0F2DA8000F0B0FE96F8483003900491C2
:100660000DF128080DF1240A002B00F02B81002544
:10067000CDE906B806F120044FF0FF376FF00049CE
:10068000284611E0D4E90623BA4273EB0901B8BF4A
:10069000994605F1010596F84830E8B2B8BF17460B
:1006A000834204F128044AD90122022100F01CFDF2
:1006B000DDE90323014620460B9107F091FD002858
:1006C000E0D09DF82C309DF82DB00593304600F019
:1006D000D5FC0DF158080BEB8B0B00900EA9404692
:1006E00006EBCB0B00231122FFF758F9002305225C
:1006F0000B21404600F01AFEBBF83200012107F042
:1007000049FFBBF83030ADF832300246059BADF8FA
:1007100030200CA940468DF8343001F0D3FF002280
:10072000169B1146304600F055FC4046FFF774F921
:100730000246306F0EA9D0E900039847A2E76FF098
:100740000043994508BFB7F1FF3FDDE906B800F067
:10075000B980039BFF1A002F08BF0127336F5F4545
:10076000A8BF5F469C68186842463B465146A04772
:10077000ABEB070B58B9BBF1000F40DD00F01CFEDE
:1007800096F84830002B38D0CDE903016FE7DDE95A
:10079000091204460EA8FFF713F900250DF12203F4
:1007A00008AA0EA930468DF8205000F029FC18B98F
:1007B00020461FB0BDE8F08F29469DF8200000F0CC
:1007C000AFFCC0F30745012DCDE90B00BDF8229029
:1007D000C0F3072761D0022D25D0002DE8D129468E
:1007E000284600F09DFC0EA9024630460C92FFF709
:1007F000B7FD20461FB0BDE8F08F5F46AEE7044668
:1008000020461FB0BDE8F08F00F0D6FD96F84830C6
:1008100003900491002B5FD06FF0004B0DF128087E
:100820000DF1240A23E7394606F108009DF82CA0B3
:1008300000F05AFD804638B30EA8DDF840B0FFF74F
:10084000EFF803460DF1210000905A464946404614
:1008500007F0E8F8C0B19DF82130ABB316AD4FF00A
:1008600002090AE08DF830A08DF831708DF83290D1
:100870000C9A29463046FFF773FD0422294640466C
:1008800007F04AF90028EDD130463A465146FFF7C5
:100890000DFC20461FB0BDE8F08F394606F1080078
:1008A00000F018FD002883D0494607F02DF80028F5
:1008B0003FF47EAF8DF832500C9A0EA93046FFF708
:1008C0004FFD75E75F4646E78DF832500C9A0EA94A
:1008D0003046FFF745FDC1E76FF00047BB460DF11D
:1008E00028080DF1240A39E770B504460D4600F0DA
:1008F00063FD06462046FFF77DFC29462046FFF7AC
:10090000A1FE00F059FD811B691A0029F6DC04F1F3
:100910000800BDE8704000F0F3BC00BF70B50446AD
:100920000D4600F049FD06462046FFF763FC002314
:1009300084F8B430294605E000F03EFD811B691AB9
:10094000002907DD2046FFF77DFE94F8B40000285B
:10095000F2D070BD94F8B40070BD00BF2DE9F04135
:1009600006460D4600F028FD07463046FFF742FCDC
:10097000002D16DB2C4606F1080808E0214630461B
:10098000FFF760FE00F018FDC11B6C1A04D440464E
:1009900000F0B6FC0028F1D04046BDE8F04100F080
:1009A000AFBC06F10808F7E72DE9F843089C0546B7
:1009B0000F4690461E46FFF71DFC24B12246FF213C
:1009C00030460CF0AFFFC5E91D86EC6700F0F4FC83
:1009D000394681462846FFF735FE00F0EDFCA0EBD6
:1009E0000901791A4CB3701EC646021984461CF8D8
:1009F000013FFF2B07D094450FD01CF8013FFF2B80
:100A00000EF1020EF7D19445BEF8003010D00EF171
:100A1000020E002BEBD00029DCDC0023EB6710F882
:100A2000013F90420DD0012BF9D90020BDE8F88399
:100A30000029F2DD002BCDD1EFE7EC670120BDE806
:100A4000F883012B8CBF00200120BDE8F88300BF94
:100A50002DE9F04F0446FF209FB06071002B00F09D
:100A6000BB8091469A464FF000080491236F049989
:100A7000D3E900054A46A84700F09EFC002705463A
:100A80004FF47A7309E000F097FC431BC3F57A73C7
:100A9000002B62793BDDFF2A39D1226F0AA99668C3
:100AA00010680BAAB0470028EDD0DDE90A120EA8A5
:100AB000FEF786FF0DF1260309AA0EA920468DF840
:100AC000247000F09DFA0028DDD09DF8240000215C
:100AD00000F026FBC0F3074BBDF826300393BBF1B3
:100AE000010FCDE90C00C0F307265FD0BBF1020F68
:100AF0001AD0BBF1000FC6D15946584600F010FB82
:100B00000EA902460D902046FFF72AFCBBE708F12C
:100B10000108C24501D0FF2AA8D0B2F1FF0018BFDA
:100B200001201FB0BDE8F08F9DF8303006933146AC
:100B300004F1080000F0D8FB0590002830D00EAA80
:100B40001046109A0792FEF76BFF03460DF1250041
:100B50000090079A0399059806F064FF00B39DF88A
:100B60002530002B40D0CDF80C8007954FF0020BBC
:100B7000DDE905580AE08DF834808DF835608DF890
:100B800036B00D9A16A92046FFF7EAFB042216A9F3
:100B9000284606F0C1FF0028EDD1DDF80C80079D46
:100BA000069932462046FFF781FA6CE7314604F198
:100BB000080000F08FFB00283FF465AF039906F0B2
:100BC000A3FE00283FF45FAF8DF836B00D9A0EA952
:100BD0002046FFF7C5FB56E7236FD3E90004A04783
:100BE00001201FB0BDE8F08F8DF836B00D9A0EA928
:100BF0002046FFF7B5FBB6E730B58FB004460D468B
:100C000000F03CFA00231022009002A906A8FEF78B
:100C1000C5FE06A9204600F083F900221146069B76
:100C2000204600F0D7F906A8FEF7F6FE2B4602464E
:100C300002A92046FFF70CFF18B16079B0FA80F0E6
:100C400040090FB030BD00BF2DE9F04F00F108039F
:100C5000ABB004461846039300F088FA204600F033
:100C60000DFA002300901C220BA912A8FEF796FE95
:100C7000236F1A8A043A92B212A9204600F026F98C
:100C80001299204600F092F912A8FEF7C5FEFF2344
:100C9000824663714FF00A08236F5246D3E900057C
:100CA0000BA9A84700F088FB002705464FF47A738C
:100CB00009E000F081FB431BC3F57A73002B6279D6
:100CC0003ADDFF2A38D1226F07A99668106808AA72
:100CD000B0470028EDD0DDE907121AA8FEF770FE34
:100CE0000DF11A0306AA1AA920468DF8187000F013
:100CF00087F90028DDD09DF81800002100F010FAD7
:100D0000C0F30749B9F1010FCDE90900BDF81AB0E8
:100D1000C0F307265BD0B9F1020F18D0B9F1000F6C
:100D2000C7D14946484600F0FBF91AA902460A9085
:100D30002046FFF715FBBCE7B8F1010801D0FF2AF8
:100D4000AAD0002A60D000202BB0BDE8F08F9DF81B
:100D5000243003980493314600F0C6FA029080B321
:100D60001AAA10461C9A0592FEF75AFE03460DF188
:100D700019000090059A0298594606F053FE00B3F8
:100D80009DF81930002B37D0CDF814A0DDF810B045
:100D9000DDF808A04FF002090AE08DF828B08DF8C0
:100DA00029608DF82A900A9A22A92046FFF7D8FADE
:100DB000042222A9504606F0AFFE0028EDD1DDF84E
:100DC00014A0049932462046FFF770F971E70398A2
:100DD000314600F07FFA00283FF46BAF594606F029
:100DE00093FD00283FF465AF8DF82A900A9A1AA95E
:100DF0002046FFF7B5FA5CE78DF82A900A9A1AA9FF
:100E00002046FFF7ADFABFE7039800F0AFF90120E5
:100E10002BB0BDE8F08F00BF2DE9F04782B0064649
:100E20001046144601911F46C1F307259DF82880FE
:100E30009DF82C9000F0BAFA9DF80630211D012B88
:100E400001EB000A12D0022B03D0002002B0BDE853
:100E5000F087294606F1080000F030FA0028F4D0A7
:100E600051463A4607F00CF868B9EEE7294606F114
:100E7000080000F01BFA0028E7D051463A4606F079
:100E800033FF0028E1D04B46A2B24146384600F07D
:100E90004DFA012002B0BDE8F08700BF002361F3E6
:100EA0000703110E61F30F23C2F3074161F31743E8
:100EB000C2F3072161F31F634FF0090CFF210360A8
:100EC0000271A0F806C04171704700BF30B5134DE4
:100ED00089B000230793ADF81C202A6800920C46C5
:100EE0000122A9880193C280ADF80610D0F8011044
:100EF000007803938DF804200291102219468DF892
:100F00000C002046CDE90433069300F00FFA694641
:100F1000204601F03BFA09B030BD00BF98E501085A
:100F200010B50C4A82B00C4602231189C3804FF4DD
:100F3000007C00230422ADF8061020460321ADF802
:100F400004C000F0F3F901A9204601F0C3FA02B091
:100F500010BD00BF98E5010810B50B4688B00446E7
:100F600001A9184601F0C6FA9DF80430637108B073
:100F700010BD00BF10B50B4682B004466946184646
:100F800001F0E8FAE388022B01D002B010BD0DF1A8
:100F90000200FFF711F8BDF80030B3F5007F04BF81
:100FA0009DF80430637102B010BD00BF10B5082277
:100FB0008AB004460DEB0200FEF702FD14F8011B97
:100FC000009400231A4602A801F0800100F0B0FB53
:100FD0000AB010BD70B504468AB0164608220DEB63
:100FE00002000D461946FEF7EBFC14F8011B0094B5
:100FF00033462A4602A800F09BFB0AB070BD00BF32
:10100000F0B5074685B008460C4615461E46FEF765
:1010100007FD082802D8002005B0F0BD03AB0093FF
:101020002A4633460DF10B01204600F09FFB3A782B
:101030009DF80B309342EED11B061CD49DF80C207A
:101040007B789A4203D0012080F00100E4E79DF80C
:101050000D20BB789A4207F10201F4D19DF80E20D1
:1010600011F8013F9A42EED19DF80F204B789A4239
:10107000E9D10020E8E70120CEE700BF90F9003079
:10108000002BB4BF04200820704700BF10B5C388F0
:1010900082B04FF6F4740191A3F10A0189B2A14222
:1010A0000ED801339CB2C3F30721DBB2C480019890
:1010B00011705370911CFEF793FF204602B010BDD3
:1010C0000A2300211C46F1E770B5044602300D46A4
:1010D0001646FEF771FFC0F30F4328806B8023880C
:1010E0005BBA338070BD00BF012982B0034611D0C6
:1010F00002294FF0000C0AD000206CF3070063F3C4
:101100000F2061F3174062F31F6002B0704780F058
:10111000800CF1E700F1010C5FFA8CFCECE700BFFA
:1011200082B0034630B1020611D4421ED2B24FF053
:10113000010C01E084460246002063F3070062F3DD
:101140000F206CF3174061F31F6002B0704780F00E
:1011500080024FF0020CEFE70023037480F8403068
:1011600080F8443080F86030704700BF70B5037C71
:10117000044653B106460025304606F0AFFD237CF9
:101180000135AB4206F11006F6D894F8443063B14D
:1011900004F142060025304606F0B2FB94F84430D4
:1011A0000135AB4206F10206F5D894F8403063B140
:1011B00004F118060025304606F038FE94F8403059
:1011C0000135AB4206F12806F5D894F8603063B1DA
:1011D00004F148060025304606F000FC94F8603023
:1011E0000135AB4206F11806F5D870BD10B5047C88
:1011F00004F1010C82B080F810C000EB041006F07E
:1012000063FD01221146204602B0BDE81040FFF701
:101210006BBF00BF10B584B084469DF818000090E5
:101220009CF8404004EB84000CEBC00004F1010E7C
:1012300018308CF840E006F0C3FD01220221204660
:1012400004B0BDE81040FFF74FBF00BF10B590F8E5
:101250004440621C04F1210382B080F8442000EB7A
:10126000430006F049FB00220121204602B0BDE800
:101270001040FFF739BF00BF10B584B08446069810
:1012800000909CF8604004EB44000CEBC00004F1BB
:10129000010E48308CF860E006F074FB0022022159
:1012A000204604B0BDE81040FFF71EBF037C8B4210
:1012B0008CBF00EB01100020704700BF90F8403059
:1012C0008B4283BF01EB810100EBC100183000208D
:1012D000704700BF90F844308B4286BF213100EB4D
:1012E00041000020704700BF90F860308B4283BF00
:1012F00001EB410100EBC10048300020704700BF06
:1013000090F8403083B170B5064600F1180500240E
:10131000284606F0FFFF96F840300134A34202D978
:1013200028350028F4D170BD01207047F8B5044677
:101330000E46042115461F46FEF75CFB012323756C
:1013400047F001022B463146204600F02FFA204696
:10135000FEF766FBA84234BF00200120F8BD00BFA5
:101360002DE9F04104460D46042116469846FEF745
:1013700041FB2046FEF754FB03288CBF01270027C2
:1013800002D83846BDE8F081334642462046294619
:1013900000F01EFA98F8003003F0010203F0FE039B
:1013A00088F8003022753846BDE8F08110F003005F
:1013B00018BFC0F10400704710B584B06946012021
:1013C000F4F776FE9DE81500064BA0FB030100191B
:1013D00003FB021141EBE471034A0023EFF792FD96
:1013E00004B010BD00CA9A3B40420F0000B585B062
:1013F00069460120F4F75CFE074A00980299DDF87F
:1014000004C0A0FB0203401802FB0C3343EBE17164
:1014100005B05DF804FB00BF00CA9A3B2DE9F0411E
:101420000D468AB091F8C110804605F10800FFF71B
:1014300045FF044606F078FF68B9D5E92E31284605
:10144000984718B901200AB0BDE8F081204606F09F
:101450006BFF0028F6D0267B23896768B7FBF3F77C
:10146000C6F57F46043FFC36D5F8C4303E44B6B2DC
:101470009B1BC5F8C4302189E389B3FBF1F201FB62
:1014800012339BB26268B2FBF1F2216802FB03F3F4
:10149000043319443A4651F8043C009302A800234F
:1014A000FEF77CFAD5F8C42002F10803BB4227D925
:1014B000324600230D2102A8FFF738FF2189E38976
:1014C000B3FBF1F201FB12339BB26268B2FBF1F2A3
:1014D00002FB03F32268D750E089012107F05AF894
:1014E0000499039AE081521A4046FEF769FA404691
:1014F00010492A46FEF73AFA00200AB0BDE8F0810A
:1015000092B202230D2102A8FFF710FFD5F8C430D4
:10151000208903F10802E389B3FBF0F100FB1133EA
:101520009BB26168B1FBF0F101FB03F32168CA5083
:10153000D2E700BF1D140108F0B587B0072702925B
:101540000C9A00250432CDE900751C460646FFF7CB
:1015500063FC80F00102D2B2A27512B1284607B036
:10156000F0BD05AA02993046FFF790FD05A9054692
:10157000204601F06DF8D4E90121A669E769521A05
:101580002046FEF71DFA20463A463146FEF7EEF9B0
:10159000284607B0F0BD00BF2DE9F04F91B00546D9
:1015A00005910830C1F307211E460492FFF786FE1D
:1015B0009DF81630012B00F094800446002800F0BE
:1015C000908006F0B1FE002800F086802289E7892D
:1015D000B7FBF2F302FB13739BB26168B1FBF2F14C
:1015E0002268039101FB03F3043302EB0309237B1D
:1015F00059F8048C4345A1F1040B7ED3ABF1040AE6
:10160000AAEB030ADDF868C0CDF800801FFA8AF360
:1016100002935A460023494608A80CF1080AFEF72F
:10162000BDF9DA452CBF00230123029A5B000D218E
:1016300008A8FFF77BFEB4F808C0B7FBFCF20CFB70
:10164000127292B26368B3FBFCF302FB03F32268ED
:10165000012142F803B0384606F09CFF039B08F1D5
:101660000401A3F108020746A2EB080249443046F0
:10167000FEF7A6F91A9BE7811A1DB2F5803F28BF35
:101680000022002392B207213046FFF74FFE049953
:1016900007AA2846FFF7FAFC044618B307A9304604
:1016A00000F0D6FFD6E901213046521AFEF788F93C
:1016B000059BC5F8C0301B9BC5F8B8301C9B1B4967
:1016C000C5F8C4A03046C5F8BC302A46FEF74EF92E
:1016D000204611B0BDE8F08F1C991B9B2846984707
:1016E00020B90024204611B0BDE8F08F204606F056
:1016F0001BFE00287FF46AAFF3E73846012106F0AD
:1017000049FF2189B0FBF1F201FB120292B263683A
:10171000B3FBF1F302FB03F32268043302EB03098A
:101720000746237B59F8048C68E700BF1D140108A5
:101730002DE9F041174604461E460D46DDF8188097
:10174000FCF79CFE39462046FCF798FE3246012104
:101750002046FCF747FF2B0601D5BDE8F081414646
:1017600020460422BDE8F04105F07EBE2DE9F0419F
:10177000174604461E460D46DDF81880FCF794FE19
:1017800039462046FCF790FE324601212046FDF7FF
:101790002BF895F90030002B01DABDE8F0814146C5
:1017A00020460422BDE8F04105F0C2BE70B51646E1
:1017B00004461D46FCF762FE31462046FCF75EFEFD
:1017C0002A4620460121BDE87040FCF70BBF00BF50
:1017D00070B5164604461D46FCF766FE31462046A7
:1017E000FCF762FE2A4620460121BDE87040FCF766
:1017F000FBBF00BF2DE9F84304220E46054605F065
:1018000033FE02220446311D284605F02DFE2040FD
:101810000222C4B2B11D284605F026FE042204406F
:1018200006F10801284605F01FFE317B04402846DA
:10183000FCF724FE717B04402846FCF7EFFD737B28
:1018400000EA040733B9B18B2846FCF743FE384061
:10185000BDE8F88331692846FDF744F8326903464C
:10186000E2B1B0464FF0000913E0D8F8141005F0CB
:101870006FFFD8F818100446284605F069FF326952
:1018800009F1010904EA00039145DBB208F10808F7
:1018900004D22846002BE8D11F46D4E71F40D2E7E8
:1018A0002DE9F84304220C46054605F041FE0222CC
:1018B0000646211D284605F03BFE30400222C6B2F6
:1018C000A11D284605F034FE0422064004F108015B
:1018D000284605F02DFE04F10C0106402846FCF7D1
:1018E000E3FD04F10D0106402846FCF7ADFD637BE6
:1018F00000EA06073BB904F11C012846FCF7FAFE92
:101900003840BDE8F88304F110012846FDF752F98C
:101910002269012A034603D90123AB750027EAE7B0
:10192000EAB1A0464FF000094FF400722846002BA0
:10193000F4D0D8F8141005F019FFD8F818104FF4A7
:1019400000720646284605F011FF226909F10109D7
:1019500006EA00039145DBB208F10808E4D31F4012
:10196000C9E700BF2DE9F84304220E46054605F0FD
:101970007BFD02220446311D284605F075FD2040FE
:101980000222C4B2B11D284605F06EFD317A044032
:101990002846FCF743FD337A00EA040713B93846BA
:1019A000BDE8F883F1682846FCF79CFFF26803461F
:1019B000F2B1B0464FF0000913E0D8F8101005F06E
:1019C000C7FED8F814100446284605F0C1FEF26898
:1019D00009F1010904EA00039145DBB208F10808A6
:1019E00006D22846002BE8D11F463846BDE8F883CA
:1019F0001F403846BDE8F88370B50D4609780646A5
:101A0000FCF73CFD044630B12B78022B0CD0032BA5
:101A100010D0012B08D0022205F50271304605F0E6
:101A200023FD2040C0B270BD6968304605F090FECD
:101A30000446F0E72946304651F8042F0431FEF7FA
:101A40005DF80446E7E700BF70B50B78013B0C4634
:101A500005460D2B16D8DFE803F0330717170707E5
:101A60000707150C0C0C514CBDE870400431FFF712
:101A7000C3BF0979FCF702FD00B32379012B42D0E3
:101A8000022B40D0012070BD0979FCF7F7FC064617
:101A900058B12379022B3CD0032B06D1A26804F164
:101AA0000C012846FEF72AF80646022204F50371C7
:101AB000284605F0D9FC3040C0B270BD002070BD92
:101AC0000979FCF7DBFC064658B12379022B03D0D9
:101AD000032B24D0012B04D1A168284605F038FE41
:101AE0000646B4F90C122846FDF7BEFA3040C0B2E3
:101AF00070BDBDE870400431FFF77CBEBDE87040AA
:101B00000431FFF72FBFA1682846BDE8704005F0FB
:101B10001FBEA168284605F01BFE0646C5E7A26861
:101B200004F10C012846FDF7E9FF0646D9E700BF9E
:101B300070B506460D46FCF7B7FC044630B12B786D
:101B4000022B0CD0032B12D0012B08D0022205F55A
:101B50000271304605F0ECFC2040C0B270BD6968EF
:101B60004FF40072304605F001FE0446EEE72B1DEF
:101B70004FF4007205F108013046FDF7D1FF04462D
:101B8000E4E700BF70B50D4609780646FCF746FC51
:101B90002B7804464BB9297A3046FCF73FFC2B7A68
:101BA0000440E4B243B9204670BD6968304605F090
:101BB000CFFD0440E4B2EEE7E968304605F0C8FD29
:101BC0000440204670BD00BF70B50D46096806464A
:101BD00005F0BEFD297904463046FCF71FFC2B7941
:101BE0000440E4B243B9297B3046FCF717FC2B7B59
:101BF00004403BB9204670BDA968304605F0A8FDF9
:101C00000440F0E72969304605F0A2FD0440E4B243
:101C1000204670BD2DE9F0410C4609780646FCF7D8
:101C2000FDFB237805466BB994F828103046FCF785
:101C3000F5FB94F828300540EDB2002B71D1284611
:101C4000BDE8F08161683046FCF74CFE6368002B0C
:101C500074D0002863D0A168304605F079FD626831
:101C6000012A034667D9002859D0E168304605F0BB
:101C70006FFD6268022A03465DD900284FD02169B2
:101C8000304605F065FD6268032A034653D90028F3
:101C900045D06169304605F05BFD6268042A034661
:101CA00049D900283BD0A169304605F051FD626852
:101CB000052A03463FD990B3E169304605F048FD57
:101CC0006268062A034636D948B3216A304605F0D1
:101CD0003FFD6268072A03462DD900B3616A30468A
:101CE00005F036FD6268082A034624D9B8B1A16A16
:101CF000304605F02DFD6268092A03461BD904F120
:101D00002808092708E058F8041F05F021FD62683B
:101D10000137974203460ED23046002BF3D10025FF
:101D200082E7E26A04F130013046FDF7E7FE054044
:101D30002846BDE8F0812B40DDB275E72840C5B2EA
:101D400072E700BF70B50D4609780646FCF766FBE2
:101D50002B7804464BB9297A3046FCF75FFB2B7A87
:101D60000440E4B243B9204670BD6968304605F0CE
:101D7000EFFC0440E4B2EEE705F10C013046FFF75A
:101D800049FF0440204670BD2DE9F0410C4609781A
:101D90000646FCF743FB237805466BB994F82810F8
:101DA0003046FCF73BFB94F828300540EDB2002BA1
:101DB00071D12846BDE8F08161683046FCF792FD9C
:101DC0006368002B74D0002863D0A168304605F00A
:101DD000BFFC6268012A034667D9002859D0E16830
:101DE000304605F0B5FC6268022A03465DD900283A
:101DF0004FD02169304605F0ABFC6268032A0346E8
:101E000053D9002845D06169304605F0A1FC6268CD
:101E1000042A034649D900283BD0A169304605F081
:101E200097FC6268052A03463FD990B3E1693046C2
:101E300005F08EFC6268062A034636D948B3216A4B
:101E4000304605F085FC6268072A03462DD900B3A9
:101E5000616A304605F07CFC6268082A034624D992
:101E6000B8B1A16A304605F073FC6268092A0346DE
:101E70001BD904F12808092708E058F8041F05F0C9
:101E800067FC62680137974203460ED23046002B4A
:101E9000F3D1002582E7E26A04F130013046FDF714
:101EA0002DFE05402846BDE8F0812B40DDB275E7E8
:101EB0002840C5B272E700BF70B50D4609780646E6
:101EC000FCF7ACFA2B7804464BB9297A3046FCF77C
:101ED000A5FA2B7A0440E4B243B9204670BD696884
:101EE000304605F035FC0440E4B2EEE705F10C01A4
:101EF0003046FFF749FF0440204670BD70B50D46DF
:101F000009880646FCF7E6FAA97804463046FCF74D
:101F100085FAAB780440E4B2B3B9A9793046FCF74E
:101F20007DFAAB79044033BB297B3046FCF776FA67
:101F30002B7B0440C3B9297D3046FCF76FFA2B7D1B
:101F400004403BB9204670BDA9883046FCF7C2FA70
:101F50000440E2E7AA6905F11C013046FDF7CEFD19
:101F60000440E4B2204670BD29693046FCF7BAFC53
:101F70000440E4B2DFE7A9683046FCF7B3FC044054
:101F8000E4B2D1E7F8B502220C46064605F06CFA39
:101F9000A17805463046FCF741FAA3780540EDB23A
:101FA0000BB92846F8BD04F108013046FFF7A6FF3B
:101FB00094F82C1007463046FCF730FA94F82C3091
:101FC0000740FFB25BB994F838103046FCF726FAA8
:101FD00094F8383007404BB93D402846F8BDD4E965
:101FE0000C233046FCF73AFF0740ECE7E16B304644
:101FF00005F0AEFB0740FFB2EEE700BFF8B50222E6
:102000000D46064605F030FAA97804463046FCF73E
:1020100005FAAB780440E4B20BB92046F8BD05F1EF
:1020200008013046FFF76AFF95F82C100746304646
:10203000FCF7F4F995F82C300740FFB213B93C4097
:102040002046F8BDD5E90C233046FCF707FF0740D2
:10205000F5E700BF70B505460E46FCF725FA68B1F6
:102060003378013B04460D2B09D8DFE803F0640AFE
:1020700023230A0A0A0A08101010415E0024204691
:1020800070BD311D2846BDE87040FFF751BD311DC0
:102090002846FCF709FA0028F0D03379012B01D04B
:1020A000022BECD1B16828464FF40072BDE87040B5
:1020B00005F05CBB311D2846FCF7F6F9044670B10B
:1020C0003379022B53D0032B09D106F108034FF4C7
:1020D000007206F10C012846FDF722FD044602229B
:1020E00006F50371284605F023FA0440E4B2C6E77A
:1020F0000422B118284605F01BFA022206F1080155
:102100000446284605F014FA0222044006F10A01AA
:10211000284605F00DFAE4B2034606F10C01284604
:102120001C40FCF791F90440A9E7311D2846BDE8A1
:102130007040FFF7B5BB311D2846FCF7B5F90446E2
:1021400068B13379022B03D0032B18D0012B06D1B1
:10215000B1684FF40072284605F008FB044606F506
:1021600003712846FDF708F80440E4B287E7B16838
:102170004FF40072284605F0F9FA0446AFE706F17D
:1021800008034FF4007206F10C012846FDF7C8FC65
:102190000446E4E770B5022205460E4605F0C8F98C
:1021A00002220446B118284605F0C2F92040C0B208
:1021B00070BD00BF2DE9F8430D4609780646FCF7CF
:1021C0005DF930B12B78062B14D00D2B19D0052BCF
:1021D00001D0BDE8F883B5F908103046FCF744FF9C
:1021E000D5E9042304463046FCF738FE2040C0B24F
:1021F000BDE8F883B5F908103046BDE8F843FCF7B0
:1022000033BFB5F908103046FCF72EFFE968804669
:102210003046FCF767FBEB682BB305F114074FF072
:10222000000950B117F8041C3046FCF727F938B9FB
:10223000EB6809F101094B4515D90020BDE8F88389
:1022400017F8043C032B39D8DFE803F02B1E1102EA
:102250003968304605F07CFAEB6809F101099945C7
:1022600007F11807DDD308EA0000C0B2B1E7102279
:102270003946304605F0F8F8396904463046FCF72F
:1022800031FB2040C0B2E7E704223946304605F072
:10229000EBF8B98804463046FCF71CF92040C0B280
:1022A000DAE702223946304605F0DEF8B97804460E
:1022B0003046FCF7E3F82040C0B2CDE7EB6809F107
:1022C00001094B4507F11807ACD8CCE72DE9F041DF
:1022D000022206460F4605F02BF90222B9180546E0
:1022E000304605F025F9391D80463046FCF7DCF80C
:1022F000791D04463046FCF7D7F805EA08052C405E
:102300002040C0B2BDE8F0812DE9F0410C460978CB
:102310000646FCF7B3F8617805463046FCF7AEF8A0
:10232000A17805403046FCF779F8A378EDB2054076
:102330004BB9217A3046FCF771F8237A054043B94E
:102340002846BDE8F0816168304605F001FA054095
:10235000EFE761893046FCF7BDF8A18907463046B2
:10236000FCF7B8F8E18907403046FCF7B3F8218A5A
:1023700080463046FCF7AEF8FFB205EA070404EAEF
:10238000080400EA04052846BDE8F081FFF732BAE8
:10239000F8B5022206460D4605F066F80222A91895
:1023A0000446304605F060F8297907463046FCF7C8
:1023B00065F870B12B793C40013BE4B20D2B09D894
:1023C000DFE803F03E0A23230A0A0A0A081212125F
:1023D000585F00242046F8BD05F108013046FFF79C
:1023E0000BFB04402046F8BD297A3046FCF746F83E
:1023F0000028EED02B7A012B01D0022BEAD1E9681C
:10240000304605F0A5F90440E4E7297A3046FCF7A8
:1024100035F8074658B12B7A022B39D0032B06D159
:10242000EA6805F110013046FDF768FB0746022215
:1024300005F50471304605F017F838400440C9E747
:10244000297A3046FCF71AF8074658B12B7A022B46
:1024500003D0032B22D0012B04D1E968304605F0CC
:1024600077F90746B5F910123046FCF7FDFD384004
:102470000440AFE705F108013046FFF773FA044066
:10248000A8E705F108013046FFF7B4F90440A1E7D9
:10249000E968304605F05CF90746C8E7EA6805F1E7
:1024A00010013046FDF72AFB0746DBE770B5022234
:1024B00005460E4605F03CF80222B11804462846AF
:1024C00005F036F8311D04402846FCF773FBE4B2F2
:1024D000204070BD70B5022205460E4604F0C4FFD0
:1024E00002220446B118284604F0BEFF2040C0B2C4
:1024F00070BD00BF2DE9F84305460E46FBF7D4FF3B
:10250000711C04462846FBF7CFFF0422B118814610
:10251000284605F00DF806F10801804602222846FB
:1025200005F006F8022206F10A010746284604F0E3
:10253000FFFF04EA0904034606F10C012846E4B251
:102540001D4604EA0804FBF77FFF27403D40284072
:10255000BDE8F8832DE9F041022206460F4604F05B
:10256000E7FF0222B9180546304604F0E1FF391DA5
:1025700080463046FBF798FF791D04463046FBF74E
:1025800093FF05EA08052C402040C0B2BDE8F08169
:102590002DE9F04102220C46054604F065FF0222B7
:1025A000A1188046284604F05FFF21790746284697
:1025B000FBF764FF617906462846FBF75FFF08EAF0
:1025C000070806EA080600EA0607217A2846FBF70C
:1025D00025FF237AFFB206466BB994F81C122846F1
:1025E000FBF71CFF94F81C323040C6B283B906EAF0
:1025F0000700BDE8F081217B2846FBF73FFF88B14B
:1026000004F10C012846FFF71FFA3040C6B2E4E798
:1026100004F508712846FFF7CDFD064006EA0700DD
:10262000BDE8F0810646D8E770B5022205460E46A1
:1026300004F01AFF0222B1180446284604F014FFE1
:10264000311D04402846FFF75FFEE4B2204070BD14
:1026500070B5022205460E4604F006FF022204462B
:10266000B118284604F000FF2040C0B270BD00BF82
:1026700070B50C460E4634F8021B0546FBF72AFFE0
:10268000022221460446284604F0EEFE3179044039
:102690002846FBF7F3FEE4B2204070BD70B5054656
:1026A0000E46FCF727F80222B1180446284604F02B
:1026B0003FFF311D04402846FBF7F6FEE4B2204000
:1026C00070BD00BF70B50D4609880646FBF702FFD6
:1026D000698804463046FBF7FDFE29790440304600
:1026E000FBF7CCFEE4B2204070BD00BF70B50546DC
:1026F0000E46FBF7FFFFB11C04462846FBF7FAFF26
:10270000311D04402846FBF7CFFEE4B2204070BDE7
:102710002DE9F04104460D46FCF75CFE291D0746F5
:102720002046FCF747FA05F1080180462046FCF7F1
:1027300051FE05F10C0106462046FCF73BFA07EA7C
:1027400008073E4000EA060705F110012046FCF7A5
:1027500041FE05F1140106462046FCF72BFAFFB2B4
:102760003E403040BDE8F0812DE9F8430C2204469C
:102770000D4604F079FE032205F10C018046204647
:1027800004F072FEE97B81462046FBF777FE29695B
:1027900007462046FCF76AFD696906462046FCF7B5
:1027A000A1F808EA090807EA08073E403040C0B22D
:1027B000BDE8F8832DE9F8430C2204460D4604F0E9
:1027C000B7FE032205F10C018046204604F0B0FE5E
:1027D00005F10F0181462046FBF766FE05F1100169
:1027E00007462046FCF7F6FD05F114010646204693
:1027F000FCF7E0F908EA090807EA08073E4030401C
:10280000C0B2BDE8F88300BF18B1006808B1D0F8C5
:1028100008017047F0B58BB0E8B104460068D0B14C
:10282000D0F80831BBB10F46D1B11646C2B105216F
:1028300000F5887002F0ECFDC6E90001236832461D
:10284000D3F80801394603F0ADFF054660B1012514
:1028500028460BB0F0BD4FF4FA7528460BB0F0BD1A
:102860000B2528460BB0F0BD206805230093D6E960
:10287000002300F5887002F037FE2368D3F8182192
:10288000002AE5D0D3F8080105A903F08FFB80B931
:10289000226806ABD2F8180102933A46D6E90067DF
:1028A0002946CDE90067EFF7EBFB002818BF054686
:1028B000CEE700F075F80546CAE700BF2DE9704382
:1028C0008E460C4616460546BEE80F0094B00DF144
:1028D000380CACE80F009EE803008CE80300002DE4
:1028E00038D02B68002B35D0D3F80801002831D020
:1028F000002E40D000234FF000084FF000098DF863
:10290000133032460DF113030AA9CDE90A89CDE946
:102910000C8904F047F880BB9DF813307BB32B681B
:10292000D3F81821A2B1D3F8080105A903F03EFBA2
:1029300040BBDDE912892A6806ABD2F81801029380
:10294000CDE9008932460321EFF79AFB054618B915
:10295000002501E04FF4FA750DF1380EBEE80F00C6
:10296000A446ACE80F009EE803008CE8030028466C
:1029700014B0BDE870830B25EEE70125ECE740F2CB
:10298000F515E9E700F00CF80546E5E730B1006819
:1029900020B1D0F80801003818BF0120704700BFEF
:1029A0000B280DDC002809DB0B2807D8DFE800F036
:1029B00007060607060606060606070701207047F3
:1029C000CB2814BF0120CB20704700BF0022C0E9F4
:1029D0000022704718B14068003818BF01207047C6
:1029E0002DE9F8430368002206464260002B48D0D8
:1029F0005A69D3F804901F69002A40D003F11400EB
:102A000000F0B6F98046002848D133681A6B32B11D
:102A100003F1280003F016FD002839D13368186A45
:102A200020B3D3E9062C012A7CF100011BDB002432
:102A300025460BE0C8473368D3E9062C013445F13D
:102A40000005944275EB0C01186A0CDA50F824006A
:102A500039460028EED1013445F10005944275EB6A
:102A60000C01186AF2DB3946C84733681846394604
:102A7000C8470023C6E900334046BDE8F8839046C6
:102A8000C4E798460023C6E900334046BDE8F88312
:102A9000B8F1000F05D0FAF72FF9BFE7FAF72CF9D4
:102AA000B3E7FFF77DFF8046F5E700BF2DE9F04F64
:102AB000041EA5B00D4617461E4640F39B80002914
:102AC00000F09B800A1F002352F8041F01330029E5
:102AD00000F093809C42F7D1002F00F08E803B687D
:102AE000002B00F08A809C46BCE80F000DF17C0EA4
:102AF000AEE80F001FA8DCF80030CEF80030FAF77F
:102B0000D1F8002879D0002E77D03368002B7AD105
:102B1000DDE9223298210120984780463060002864
:102B200000F0B18002A802F0D7FF02A908F1280046
:102B300070220AF0E9FE0DF17C0EBEE80F00D6F817
:102B400000C0ACE80F00DEF80030CCF8003031688F
:102B50003846143100F036F98046002846D13368F3
:102B60004FEAE4799C61C3F81C90336818623368BB
:102B7000002C4ED0002D4CD00193239A229B04218F
:102B800020469847019B18623368D3F820B0BBF108
:102B9000000F29D0012C79F100023ADB4FF0000838
:102BA000043DC2460DE029680AF0AEFE18F10108A6
:102BB0004AF1000AD14508BF4445336829D0D3F80B
:102BC00020B055F8040FEEF719FA421C1F9B239909
:102BD0000192104698474BF828003368019A1B6A07
:102BE00053F828000028DED14FF00A083046FFF7DE
:102BF000F7FE04E000293FF46FAF4FF00B084046AA
:102C000025B0BDE8F08F4FF06408404625B0BDE820
:102C1000F08F27490A68013230D01546002410464B
:102C200072605B690860C3E9065433685C69636A73
:102C3000013332D03B6893F8303004F130052BB3C8
:102C4000A36B94F8300053B9012808D01FA9284677
:102C500006F088F980460028C8D194F8300006F0C4
:102C600077F9316848692831183003F0B9FA80469D
:102C70000028C4D0FFF794FE8046B7E70120144631
:102C800005460246CCE74FF00A08B8E7284606F0AA
:102C90001DF980460028D3D0A8E704F1240006F0EF
:102CA000CBF980460028A1D133685C69C2E700BF38
:102CB000508000200020704784B070B59EB023ADD6
:102CC00085E80E00002846D00368044633B1642529
:102CD00028461EB0BDE8704004B070472846F9F79A
:102CE000E1FF002837D0AE46BEE80F000DF1640CBE
:102CF000ACE80F00DEF80030CCF800302799239BB9
:102D000070209847206080B30DF1640E8446BEE8C1
:102D10000F00ACE80F00DEF80030CCF80030266879
:102D200002A802F0E3FE582202A906F118000AF0F8
:102D3000EBFD26AB93E8030026688DE8030006F15F
:102D4000180095E80E0003F055F90546206825B9EE
:102D500080F83050BCE70B25BAE7249B27999847A9
:102D60002846FFF71DFE0546B2E70A25B0E700BF7B
:102D700030B587B0F0B103680446DBB19C46BCE8CF
:102D80000F000DF1040EAEE80F0001A8DCF80030D2
:102D9000CEF80030F9F786FF60B12068183003F0F4
:102DA000E1F9054650B92068029B059998472846E5
:102DB00007B030BD0B25284607B030BDFFF7F0FD4A
:102DC0000546F8E7F0B59DB000284AD004460068F3
:102DD000002846D00D46F9F765FF002841D0002DA8
:102DE0003FD02B681BB1642420461DB0F0BD26687F
:102DF000B646BEE80F000DF15C0CACE80F00DEF843
:102E000000303768CCF8003019467020B847286089
:102E100058B30DF15C0E8446BEE80F00ACE80F001D
:102E2000DEF80030CCF800302E68684602F05EFE16
:102E30005822694606F118000AF066FD20682968E4
:102E40001830183103F03EF904460028CCD0F9F7C9
:102E50003DFFF9F751FF2846FFF78AFF38B10446D6
:102E6000C2E70B2420461DB0F0BD0A24BCE7204673
:102E70001DB0BDE8F040FFF793BD00BF034A034615
:102E800092E8030083E803001846704750F80108F1
:102E90002DE9F047A8B00446309D23A88946904606
:102EA0001F4606F039FB002D00F0D7802846F9F7C1
:102EB000F9FE002800F0D180B9F1000F00F0CD80BC
:102EC000B8F1000F00F0C980002C00F0C6806668E1
:102ED000002E40F0C980002F00F0BF803846FFF779
:102EE00079FD002800F0BE80324622A9484622968D
:102EF00002F09AFF0646002840F0B0802298002891
:102F000040F0038198F80030002B00F0EF802F2B69
:102F100000F0AF80854BCDF80C8002932B690093B5
:102F20004FF40063019395E80F0002F02FFB8046F9
:102F3000B8F1000F00F0E780002222A9404622925B
:102F400002F054FF0646002840F0A3802298002893
:102F500040F09C80D5E9033278210120984706464D
:102F60006060002800F0D58008A800F02FF93046F6
:102F7000682208A90AF0C8FC61682760284600F0AA
:102F800033F90646002840F084804046EEF736F8D4
:102F900008EB0003666813F8013CCDE903892F2B89
:102FA0000CBF634B634B02932B6900934FF4006398
:102FB000019395E80F0002F0E9FA706763685A6FB1
:102FC000002A00F0A880226807931068494628303C
:102FD000424603F051FB079B98666368986E002891
:102FE00000F09C8003F0D8FB8146002800F09B8015
:102FF0002B682969666808209847F0666368D3F8EB
:103000006CA0BAF1000F00F08C8008A806F0AEF9B1
:1030100008AB93E803008AE803006368AC46D3F882
:103020006CE0BCE80F0023AE0FC6DCF80030336064
:1030300028AB13E90F008DE80F00239B3A46494661
:10304000704606F0E9F9064618BB6B68296998478F
:103050006B6829694046984700E00B26304628B047
:10306000BDE8F0876526F9E76426304628B0BDE85C
:10307000F08705F10C0393E803008DE80300404658
:1030800095E80E0002F0A4FB804651E702F0C0FE76
:10309000CA266368F3B1D86E38B106F01BFA6368CC
:1030A0002969D86E6B6898476368986E10B103F011
:1030B000F7FA6368186F29696B689847636829692C
:1030C000586F6B689847606800F0B0F86B682969C2
:1030D000606898476B682969002098476B68296980
:1030E000404698470023C4E90033B7E705F10C03D5
:1030F00093E803008DE803000F4895E80E0002F006
:1031000067FB804614E70A26A8E702F0D9FEC92625
:10311000A4E70A26DEE7D86E0A26BDE7D86E0126A8
:10312000BAE70A26C1E70126B3E700BFCCF20108DF
:103130000CF00108D0F20108C8F2010830B1436870
:1031400023B19B6E13B10068FFF744BC00207047A9
:1031500020B1406810B1806E00B18068704700BF38
:1031600020B1406810B1806E00B1C068704700BFE8
:1031700028B1406818B1836E002B08BF002070474B
:1031800010B1406800B1806E704700BF10B582B0CA
:1031900000230193A0B1044601A90B4802F0DEF917
:1031A00010B1012002B010BD019A1378313B08BF65
:1031B0005378B3FA83F35B090020237002B010BD8B
:1031C0000B2002B010BD00BFD8F2010810B5532289
:1031D0000446002115300AF0A5FB2046F9F754FDFE
:1031E00001232375204610BDF0B138B50C46C9B196
:1031F0008842844616D005468E460FCDAEE80F00B5
:103200002B68CEF800309CF8143023759CF81530EC
:10321000637550220CF1180104F118000AF074FBD8
:10322000002038BD0B2038BD0B207047C0B100B561
:103230008446BCE80F0087B00DF1040EAEE80F0025
:10324000DCF80030CEF8003001A8F9F72BFD18B1FA
:10325000002007B05DF804FB0B2007B05DF804FB0D
:103260000B20704782B02DE9F0478EB016AC84E891
:103270000C009DF86C80002838D00D460446FFF7FE
:1032800077FF002834D02046FFF762FF064620462D
:10329000FFF766FF0DF1580C0746BCE80F0009ACBC
:1032A0000FC4DCF8003023601D9BFBB18946DDF8BC
:1032B00068A002F0EDFA0EAB069013E907008DE866
:1032C000070009AB0CCB002106A802F041FB044625
:1032D00080B1F9F7FBFCF9F70FFD0A2C18BF0124A8
:1032E00020460EB0BDE8F04702B070470B24F7E768
:1032F0000124F5E7079006A806F032F8044678B1F5
:103300000A2C06A852D002F063FB002857D10025F2
:10331000012407985146C84751462846C847DFE769
:1033200007AB059309AC0FCCEC46ACE80F00236863
:10333000CCF800303A463146284606AB05F0AEFEE2
:10334000044698B9079D0790024608A9284602F04E
:1033500093FC08BB089B002B36D11D9B06A81D6063
:1033600002F036FB044650BB0025D2E706A802F067
:103370002FFB60B907985146C84751460020C847FF
:10338000B8F1000FACD0672CAAD16824A8E7F9F7F0
:103390009DFCF9F7B1FCEDE7F9F798FCF9F7ACFC07
:1033A00006A802F015FB18BB0124B2E702F010FBDF
:1033B0000028D9D0F9F78AFCF9F79EFCD4E7F9F791
:1033C00085FCF9F799FCA2E706A802F001FB50B9C9
:1033D00007985146C84751462846C847B8F1000FDC
:1033E000D3D167247CE7F9F771FCF9F785FCEFE7A7
:1033F000F9F76CFCF9F780FCD6E700BF18B100685C
:1034000008B1D0F808017047F0B58E460C46174653
:103410000546BEE80F0091B00DF1280CACE80F0096
:103420009EE803008CE803000DB32B68FBB1D3F8D2
:103430000801E0B197B300238DF817303A460DF13B
:10344000170306A903F0F6F9064698B10A2818BF33
:1034500001260DF1280CBCE80F00A646AEE80F00CF
:103460009CE803008EE80300304611B0F0BD4FF435
:103470001676EEE79DF8173093B12B68D3F80C0160
:103480000028E6D03A46DDE90E670AABCDE90067D1
:1034900002930121EEF7F4FD0646DAE70B26D8E7A2
:1034A00040F25926D5E700BF50B370B5036884B029
:1034B0000446CBB1D3F80801B0B10E46E9B11546C8
:1034C000DAB103F015FA98B92368D3F80C316BB16F
:1034D000D6E904121846CDE9001202962A460221C6
:1034E000EEF7CEFD04B070BD4FF4167004B070BDA1
:1034F000022818BF012004B070BD0B2004B070BDBD
:103500004FF41670704700BF30B1006820B1D0F89A
:103510000801003818BF0120704700BF014B186830
:10352000704700BF58F801082DE9F04389B0109E9C
:10353000D6B106F15009044648460D4690461F464E
:10354000F9F7B0FB80B17CB12846FFF7F7FD002802
:1035500056D0B8F1000F07D037B123684BB16427BC
:10356000384609B0BDE8F0830B27384609B0BDE8FE
:10357000F083CDE9033307AA0592079306F15803B8
:1035800093E807008DE80700394699E80C002846C3
:10359000FFF768FE074600286BD1D6E91732D02125
:1035A000012098472060002869D0782231460AF02F
:1035B000ABF92846FFF7E4FD06F1640300934146AA
:1035C000079A2768334603F07DFAC7F8C800D4F895
:1035D0000080D8F8C80058B308F1780103F054FB14
:1035E000D4F80080074680B996F8483088F8C03093
:1035F0000798736D316E9847384609B0BDE8F0837F
:10360000C827384609B0BDE8F083B8F1000F2ED0C6
:10361000D8F8C83063B12846FFF7B2FD2368D3F865
:10362000C81003F03FFBD4F80080B8F1000F18D0A9
:1036300008F150052846F9F735FB80B1D8F86C0041
:1036400068B1294602F05CFA0546E0B9D8F8543072
:10365000D8F86010D8F86C009847C8F86C50D4F8C7
:103660000080736D316E4046984700232360012728
:10367000BEE76728BCD0692803D00A28F7D10A27FB
:10368000B6E76727B4E7FFF78BF9D4F80080E8E7DF
:1036900010B50749044650220AF036F904F15000EB
:1036A000F9F7F2FA04F1640002F044FA204610BD82
:1036B00038E7010800284AD02DE9F04104460068A7
:1036C000A0B000283BD01F46D0F8C830002B36D021
:1036D0000E46002939D01546002A3CD002A802F037
:1036E000B5FA0DF1080CBCE80F00AE46AEE80F00CD
:1036F000BCE80F00AEE80F00BCE80F00AEE80F001A
:103700009CE803008EE8030020682B46D0F8C80030
:1037100000974FF000080DF1470231468DF84780C1
:1037200003F020FB0346C0B99DF8471040F2911208
:10373000002908BF1346184620B0BDE8F0814FF4B9
:10374000C873184620B0BDE8F0810B23F3E74FF4AF
:10375000C8731846704712ADC0E7FFF721F903465A
:10376000E9E700BF18B1006808B1D0F8C800704799
:1037700030B1006820B1D0F8C800003818BF01206F
:10378000704700BF0846F9F7CFBA00BF0846F9F7FF
:10379000F5BA00BF10B5037A0C4643B1052101F01C
:1037A00037FE02460B46C4E90023002010BDBDE8E9
:1037B00010400846F9F7B8BA38B1037823B1C068A9
:1037C000003818BF0120704718467047F0B506460C
:1037D00083B0104615460C46F9F764FA28B1032E5B
:1037E00003D8DFE806F01E2C51050B2003B0F0BD16
:1037F000002CFAD0002DF8D00023C4E90133DFF803
:10380000ACC02370E360236104F1140603270FCDDD
:103810000FC62B683360C4F80CC02770002003B0BB
:10382000F0BD002CE1D00023C4E90133C4E9033327
:1038300023700FCD14340FC42B682360EEE7002CE7
:10384000D3D0002DD1D00027C4E90177C4E9037794
:103850002770AC46BCE80F0004F114060FC6DCF874
:10386000003033602B682969102098470546206195
:10387000D0B100220023009701F000FE0C4A2F7205
:103880000123E2602370C9E7002CAED0002DACD03C
:103890000023C4E90133DFF81CC02370E360236117
:1038A00004F114060227B2E70A209FE78D370108CA
:1038B000953701088537010840B139B103781BB14C
:1038C000C3680BB100691847012070470B2070478F
:1038D00058B151B10378012B05D102691AB1137A9D
:1038E0000B7000207047012070470B20704700BF0D
:1038F00082B0F8B506A981E80C00DDE90C6520B3BB
:1039000004461430F9F7CEF9F8B1F6B1099B002B53
:103910001BDBDDE90A23012A73F1000315DAD4E980
:103920000107002F48D00246002303E0BB4202F10A
:10393000280211D01168B14203F10103F6D1116AD6
:10394000A942F3D14FF0010C01E04FF00B0CBDE8A0
:10395000F840604602B07047013303EB8303D9009F
:10396000E369626A984720B3A368606003EB83034E
:1039700006AF40F83360D4E9016303EB830306EB41
:10398000C3060FCF08360FC697E8030086E803008A
:10399000D4E9012303EB830302EBC3024FF0000CD5
:1039A0001562A3680133A360BDE8F840604602B029
:1039B00070474FF00A0CCAE72821D1E7002861D0F0
:1039C0002DE9F041044614300D469046F9F76AF9A6
:1039D00000284FD0002D4DD0A3680BB3002660689F
:1039E0003746324600EB060C6146FAB90A68AA422D
:1039F00008D00137BB4206F1280611D981190A689F
:103A0000AA42F6D1096A0137A1EB0802B2FA82F2A2
:103A10009F4206F128064FEA5212E3D341451BD0DC
:103A20000120BDE8F081636803EB060CE646BEE8C2
:103A30000F00ACF1280CACE80F00BEE80F00ACE8BA
:103A40000F009EE803008CE80300A3680137BB4227
:103A500006F12806E7D86068626A5D1EA56065B158
:103A600005EB8505E369E900984768B160600020CF
:103A7000BDE8F0810B20BDE8F081A36911469847AD
:103A80002846F3E70B2070470A20F4E72DE9F04FB2
:103A9000814687B0144631B10378023B012B3ED9F1
:103AA00007B0BDE8F08F106804A9FFF705FF0028F4
:103AB000F6D104F1200A0521504601F0A9FC04F1D9
:103AC000280B80460E465846052101F0A1FC07460A
:103AD0000D4604F11800052101F09AFC99F8003018
:103AE0000390023B012B8946DDE9042133D9BA4218
:103AF00071EB050555DA424571EB0606D0DA8218FE
:103B00004FF0050441EB09035846009401F0B6FC60
:103B1000DDE904230094504601F0B0FCC0E71068D2
:103B200004A9FFF7C9FE0028BAD1DDE90432134326
:103B3000B6D004F12800052101F06AFCDDE9042378
:103B4000821A4FF00500009061EB030304F130008E
:103B500001F094FCA4E70A43A2D0052604F130004A
:103B600000230096002201F0BFFC51EA0003044646
:103B70000D4695D0049A059B0096121B63EB01033A
:103B80000399521843EB0903584601F077FCDDE92D
:103B90000423121B009663EB0503504601F06EFCF4
:103BA0007EE704F1080005F0BDFC79E7014B1868D9
:103BB000704700BF5CF801082DE9F04FAFB0044634
:103BC0003BA8DDE938A89DF800B10D461746F9F786
:103BD00069F8002800F09F80002C00F09C80002DE8
:103BE00000F09980B8F1000FC0F29580236823B1EE
:103BF000642630462FB0BDE8F08F08A92846FFF7AD
:103C00005BFE06460028F4D106AE3046CDE91657D5
:103C100005F0ACFB96E803000DF160090BAE89E8F6
:103C20000300304605F078FC0DAB93E807008DE803
:103C30000700394696E80C00484605F0A1FB064609
:103C40000028D6D13A9B1A930090524643461CA8AE
:103C500001F014FC22A800960022002301F00EFCC3
:103C6000DDE908231EA8009601F008FC089B0096D9
:103C70001AEB0302099B20A848EB030301F0FEFBAB
:103C80008BF0010B8DF890B00DF1EC0CBCE80F003F
:103C90000DF1940EAEE80F00DCF800303B9F2C963F
:103CA000CDE92A66CEF8003019466020B84720607A
:103CB000002835D016A9602209F026FE169B1B7835
:103CC000012B96D18DF8403001220023CDE912233B
:103CD0004FF0FF324FF0FF33CDE9142323680593F3
:103CE000174B049312AB0FCB8DE80F0010AF284693
:103CF00097E80C00FFF7FCFD054600283FF479AF7C
:103D0000484605F0E7FB3C9B3F9920689847002315
:103D100023602E466DE70B2630462FB0BDE8F08FAE
:103D2000484605F0D7FB169B1B78012B01D00A26CD
:103D30005FE7034922462846FFF740FEF7E700BF4A
:103D40008D3A010830B129B103682BB11B680B60B3
:103D5000002070470B2070474FF44870704700BF39
:103D60002DE9F04F87B0002868D003680446002B87
:103D700069D0BFF35B8F93F83830BFF35B8FDBB252
:103D8000002B50D1036804A91868FFF795FD05467C
:103D9000002844D1DDE90423002B4ADB20684FF0E2
:103DA000050ACDF800A0203001F09EFB2368804674
:103DB0008946BFF35B8FD3F810B0BFF35B8F2068E9
:103DC0005146283001F024FB064620680F46183083
:103DD000514601F01DFB361841EB070702460B4622
:103DE0008246DDE90401B04271EB070C04DB53EAC3
:103DF000020C2BD106460F462068052132463B4671
:103E00002830009101F03AFBBBF1000F07D0049A73
:103E1000059BB2EB0802204663EB0903D84728460E
:103E200007B0BDE8F08F40F22135284607B0BDE865
:103E3000F08F0125284607B0BDE8F08F0B252846F6
:103E400007B0BDE8F08F4FF44875E8E7801B61EBE1
:103E50000701CDE90232EDF755F8029B013041F13F
:103E6000000100FB03F301FB0A33A0FB0A0A301830
:103E7000534443EB07070646BEE700BF90B330B597
:103E8000036883B004467BB30D4641B3BFF35B8F39
:103E900093F83830BFF35B8FDBB24BB903686946E8
:103EA0001868FFF709FD30B140F22133984214D170
:103EB00000232B7010E020680521283001F0A8FABB
:103EC000DDE90032C01A61EB0201012871F1000145
:103ED000B4BF012300232B70002003B030BD0B20A2
:103EE00003B030BD0B2070474FF44870F5E700BFBA
:103EF000D0B138B50368CBB10D4699B1BFF35B8F34
:103F000093F83840BFF35B8FE4B244B900680521F1
:103F1000283001F07DFAC5E90001204638BD40F2A5
:103F2000213038BD0B2038BD0B2070474FF448704E
:103F300038BD00BF30B1006820B1C3680BB1083094
:103F400070471846704700BF10B5084C8646844637
:103F50000FCCACE80F000FCCACE80F000FCCACE8F6
:103F60000F002368CCF80030704610BD60F80108DF
:103F700018B1006B003818BF012070472DE9F041DF
:103F8000002800F09F80056B0446002D00F08C8017
:103F9000E86B03F01DF9236B0546002840F087808D
:103FA000002B00F093800026DF6CD3F85880666009
:103FB0001E60206810B14146B8472660236B9868A0
:103FC00038B14146B847226B00239360226B53609F
:103FD000236BDA6C996D0026E660DE60A06808B19C
:103FE0009047A660266B70690027376120B1236B6C
:103FF000DA6C996D90477761236B0026DA6C996DC6
:1040000066611E64206908B190472661236B002613
:10401000DF6CD3F85880E6619E61A06910B141461B
:10402000B847A661236B186A38B14146B847226B7E
:1040300000231362226BD361236BDF6CD3F85880AB
:10404000002666625E62206A10B14146B847266269
:10405000236BD86A38B14146B847226B0023D3623C
:10406000226B9362236BDF6CD3F858800026E662E4
:104070001E63A06A10B14146B847A662236B986BD5
:10408000D8B14146B847226B00239363226B536338
:104090009D42236B18BF4FF461752BB1DA6C996D9B
:1040A00018469047002323632846BDE8F0814FF46B
:1040B0006175002B7FF477AFF6E7002D18BF4FF442
:1040C0006175EBE70B252846BDE8F0814FF461757B
:1040D000EAE700BF18B338B5036B04460BB319B356
:1040E0001D684068854217D2681C1860236843F831
:1040F000251002B115600846FFF734FB50B1236B61
:1041000042689B6843F82520226B53680133536053
:10411000002038BD012038BD40F2863038BD0B206C
:1041200070474FF4617038BD0B2038BD002879D03E
:1041300010B5036B0446002B76D0006838B1626876
:104140000021920009F0EEFB236B00221A60A068A8
:1041500038B1E2680021920009F0E4FB236B0022F1
:10416000DA60A06938B1E2690021920009F0DAFB57
:10417000236B00229A61206A38B1626A00219200A2
:1041800009F0D0FB236B00225A62A06A38B1E26AC0
:104190000021920009F0C6FB236B00221A632069FC
:1041A00038B162690021920009F0BCFB236B002248
:1041B0001A64236B986840B15A680021920009F094
:1041C000B1FB236B00225A60236B586940B11A6916
:1041D0000021920009F0A6FB236B00221A61236BD9
:1041E000186A40B1DA690021920009F09BFB236B49
:1041F0000022DA61236BD86A40B19A6A00219200EA
:1042000009F090FB236B00229A62236B986B38B104
:104210005A6B0021920009F085FB236B00225A6340
:10422000002010BD0B2070474FF4617010BD00BF1F
:10423000002800F071812DE9F04F1546026B83B024
:104240000446002A00F06A814FF00008D2F8589026
:104250001E46D2E913B3C0F80480C2F8008000689B
:104260000F46002900F0BE804FEA810A4A465146B7
:1042700001939847019B2060002800F0148152466A
:104280004146019309F04EFB226B6760C2F804803F
:10429000276B019BB8684A4651469847B860236B24
:1042A0009F68002F00F0FA8052464146384609F0D8
:1042B00039FB236B9A6D0027D3E91398E760DF6021
:1042C000A068002D40F0A08010B11146C847A5603D
:1042D000276B4FF00008C7F81080236B78699A6D40
:1042E000AD1940F09E8020B1DB6C114698477D618E
:1042F000236BD3F84C801F6D9A6D002565611D649A
:104300002069002E40F09B8010B11146C047266105
:10431000236B0025D3E913799E6DE5619D610C9BAC
:10432000A069002B40F0978018B13146B8470C9B2C
:10433000A361236B186A38B13146B847226B00235A
:104340001362226BD361236B9D6D0027D3E9136841
:1043500067625F620D9B206A002B00F0A8804FEA25
:1043600083092A464946C0472062002800F09B8006
:104370004A46394609F0D6FA0D9B6362236B9F6269
:10438000D4F830A02A46DAF82C004946C047CAF8CB
:104390002C00236BDB6A002B00F0DA8018464A46BB
:1043A000394609F0BFFA236B9E6D0025D3E91378D7
:1043B000E5621D630E9BA06A002B40F08B8018B154
:1043C0003146B8470E9BA362236B986B30B13146E0
:1043D000B847226B00239363226B5363002003B022
:1043E000BDE8F08F10B14946D8472760236B986825
:1043F00000283FF45FAF4946D847226B0023936003
:10440000226B5360236B55E74FEA85094946C04745
:10441000A060002847D04A46394609F083FAE56093
:1044200056E7AD001B6D2946984781467861002804
:1044300077D02A46414609F075FA236B59E74FEACF
:1044400086084146B847206168B34246294609F0CC
:1044500069FA66615CE74FEA830832464146C8471D
:10446000A06100B34246294609F05CFA0C9BE36167
:10447000236BDD61D4F830A03246DAF820004146E3
:10448000C847CAF82000236B1B6A002B58D0184677
:104490004246294609F046FA236B55E7206849460B
:1044A000D847C4E900770A2003B0BDE8F08F18B1FF
:1044B0002946B0470D9B2362236BD86A00283FF43E
:1044C00073AF2946B047226B0023D362226B9362FD
:1044D000236B69E74FEA830932464946C047A06229
:1044E0000028E0D04A46294609F01CFA0E9BE362F8
:1044F000236B5D63D4F830A03246DAF838004946C1
:10450000C047CAF83800236B9B6B4BB34A46294619
:10451000184609F007FA61E70B2070474FF4617005
:10452000C2E7236BA068DA6C996D9047C4E90299E1
:10453000236B2069DA6C996D9047C4E90499B2E75E
:10454000A06901933146B847019BC4E90633AAE745
:10455000206A01932946B047019BC4E90833A2E7CA
:10456000A06A01933146B847019BC4E90A339AE730
:104570002DE9F04184B004460EA80D4690461F4632
:10458000F8F790FB00286FD0002C6DD0266B26B179
:104590006425284604B0BDE8F0810D9B002B63D054
:1045A0001846FEF717FA002863D00E9B12995C207C
:1045B00098472063002860D031465C2209F0B2F9A8
:1045C000236B0D9A9E60236B5E60236B5E61236B91
:1045D0001E61236B1E62236BDE61236BDE62236B25
:1045E0009E62236B9E63236B5E63236B5A64DDE9DB
:1045F0000B3203EB020E0A9B266B0DF1380C9E4426
:10460000BCE80F0048360FC6DCF8003033600D9B65
:10461000266B1868C6440EEB4501283002F0CEFD2B
:10462000F063206BC36B33B30C9B02930B9B019322
:104630000A9B009329463B4642462046FFF7F8FD79
:1046400005460028A5D0206BC36B3BB1184602F08D
:10465000BFFD0028206B18BF4FF461750F9B816D63
:1046600098470023236394E70B25284604B0BDE850
:10467000F08165258DE70A25F0E70A2589E700BF67
:1046800018B338B5036B04460BB319B3DD68C068C3
:10469000854217D2681CD860A36843F8251002B180
:1046A0001560084604F04EFF50B1236B42685B6909
:1046B00043F82520226B136901331361002038BDB4
:1046C000012038BD40F2863038BD0B2070474FF4D2
:1046D000617038BD0B2038BD28B338B5036B044674
:1046E0001BB329B3186C6569A84219D2451C1D6417
:1046F000236943F8201002B110600846FFF71AFC46
:1047000060B1226BE368156C013B1D4404F01AFF95
:1047100080B1236B42685B6943F82520002038BDD7
:1047200040F2863038BD0B2070474FF4617038BDC1
:104730000B2038BD012038BD18B338B5036B0446D3
:104740000BB319B39D69C069854217D2681C986183
:10475000A36943F8251002B115600846FEF754F826
:1047600050B1236B42681B6A43F82520226BD36942
:104770000133D361002038BD012038BD40F28630BE
:1047800038BD0B2070474FF4617038BD0B2038BD29
:1047900018B338B5036B04460BB319B35D6A406AAE
:1047A000854217D2681C5862236A43F8251002B16B
:1047B00015600846FEF722FE50B1236B4268DB6AA3
:1047C00043F82520226B936A01339362002038BDA1
:1047D000012038BD40F2863038BD0B2070474FF4C1
:1047E000617038BD0B2038BDB0B370B504460068A9
:1047F00068B30D461646FEF7C9F830B3206804309A
:10480000FEF7C4F808B320680830FEF7BFF8E0B13F
:1048100020680C30FEF7ACFFB8B120681030FEF70E
:10482000A7FF90B1B5B1AEB1206832462946FEF778
:1048300045F848B10A2807D040F2F51241F20703C3
:1048400090420CBF1846012070BDF8F755FA41F2AE
:10485000060070BD0B2070BD41F20600704700BF1E
:1048600078B370B50446006830B30D461646FEF7BF
:104870008DF8F8B120680430FEF788F8D0B12068D0
:104880000830FEF783F8A8B120680C30FEF770FFFF
:1048900080B120681030FEF76BFF58B17DB176B162
:1048A0002068324629460830FDF7B4FF003818BFAB
:1048B000012070BDF8F720FA41F2060070BD0B2010
:1048C00070BD41F206007047002837D070B504462D
:1048D000006870B30D461646FEF758F838B32068E6
:1048E0000430FEF753F810B320680830FEF74EF896
:1048F000E8B120680C30FEF73BFFC0B120681030F3
:10490000FEF736FF98B1BDB1B6B1206832462946F0
:104910000830FDF7D3FF48B10A2807D040F2F5125E
:1049200041F2070390420CBF1846012070BDF8F712
:10493000E3F941F2060070BD0B2070BD41F20600A4
:10494000704700BF002837D070B50446006870B3C8
:104950000D461646FEF71AF838B320680430FEF705
:1049600015F810B320680830FEF710F8E8B1206899
:104970000C30FEF7FDFEC0B120681030FEF7F8FEE7
:1049800098B1BDB1B6B12068324629460430FDF772
:1049900095FF48B10A2807D040F2F51241F207030B
:1049A00090420CBF1846012070BDF8F7A5F941F2FE
:1049B000060070BD0B2070BD41F20600704700BFBD
:1049C000002837D030B5044600688FB058B30D4684
:1049D000FDF7DCFF28B320680430FDF7D7FF00B3F4
:1049E00020680830FDF7D2FFD8B120680C30FEF700
:1049F000BFFEB0B120681030FEF7BAFE88B1B5B185
:104A0000206800236A4629460C30FEF753FE60B149
:104A100040F29113984210D00A2818BF01200FB01D
:104A200030BDF8F769F941F206000FB030BD0B2038
:104A30000FB030BD41F20600704741F20700F4E7C5
:104A4000002845D0F8B50C4600293ED00546086838
:104A500000283AD017461E46FDF798FF98B3206805
:104A60000430FDF793FF70B320680830FDF78EFF28
:104A700048B320680C30FEF77BFE20B3206810306E
:104A8000FEF776FEF8B12168284601F5E272FFF7DD
:104A900053FEB8B92168284601F5E4720431FFF7E6
:104AA0004BFE78B92168284601F5E6720831FFF718
:104AB00043FE38B92168284601F5E8720C31FFF74A
:104AC00009FB40B1F8BDF8F717F941F20600F8BD4F
:104AD0004FF4617070472168284601F5EA72103181
:104AE000FFF7F8FA0028EDD11FB12368D3F8C431DD
:104AF0003B60002EE6D02368D3F8D0313360F8BD98
:104B0000002800F089802DE9F0410C46002979D079
:104B100005460868002875D016461F46FDF736FF83
:104B200000286DD020680430FDF730FF002867D0E2
:104B300020680830FDF72AFF002861D020680C307B
:104B4000FEF716FE00285BD020681030FEF710FE3E
:104B5000002855D0002E5CD0002F5AD0069B002B89
:104B600057D0079B002B54D0089B002B51D02368B3
:104B70006A68D3F8D0118A4248D9D3F8D401824266
:104B800044D9D3F8C441EA69A2423FD9D3F8C8C195
:104B900062453BD9D3F8CCE1724537D9AA692D6873
:104BA00052F8248055F8204055F8215052F82C1026
:104BB00052F82E2003F10C0CA5EB0C05B5FA85F587
:104BC0006D09357003F11005641BB4FA84F46409AF
:104BD0003C70A3EB08001C1D0833D31AB0FA80F018
:104BE000069A4009091B1070B1FA81F1079A490928
:104BF0001170B3FA83F3089A5B090020137003E085
:104C0000F8F77AF841F20600BDE8F0810120BDE82E
:104C1000F0810B20BDE8F0814FF46170704700BF58
:104C2000B0B370B50446006868B30D461646FEF78B
:104C30006BFC30B320680430FEF766FC08B32068D4
:104C40000830FEF761FCE0B120680C30F6F7AEFFEB
:104C5000B8B120681030F6F7A9FF90B1B5B1AEB188
:104C6000206832462946FEF7CFFB48B10A2807D014
:104C700040F2592241F2690390420CBF18460120CC
:104C800070BDF8F739F841F2680070BD0B2070BDB7
:104C900041F26800704700BF78B370B50446006801
:104CA00030B30D461646FEF72FFCF8B120680430ED
:104CB000FEF72AFCD0B120680830FEF725FCA8B129
:104CC00020680C30F6F772FF80B120681030F6F7DC
:104CD0006DFF58B17DB176B1206832462946FEF7A6
:104CE000E3FB10B1022818BF012070BDF8F704F8EB
:104CF00041F2680070BD0B2070BD41F26800704742
:104D0000002837D070B50446006870B30D461646CB
:104D1000FEF7FAFB38B320680430FEF7F5FB10B35A
:104D200020680830FEF7F0FBE8B120680C30F6F799
:104D30003DFFC0B120681030F6F738FF98B1BDB123
:104D4000B6B12068324629460830FEF75DFB48B10F
:104D50000A2807D040F2592241F2690390420CBF61
:104D60001846012070BDF7F7C7FF41F2680070BD1B
:104D70000B2070BD41F26800704700BF002837D09B
:104D800070B50446006870B30D461646FEF7BCFBCE
:104D900038B320680430FEF7B7FB10B32068083042
:104DA000FEF7B2FBE8B120680C30F6F7FFFEC0B1A9
:104DB00020681030F6F7FAFE98B1BDB1B6B12068A0
:104DC000324629460430FEF71FFB48B10A2807D0B7
:104DD00040F2592241F2690390420CBF184601206B
:104DE00070BDF7F789FF41F2680070BD0B2070BD00
:104DF00041F26800704700BF80B370B50446006898
:104E000038B30D461646FEF77FFB00B3206804302A
:104E1000FEF77AFBD8B120680830FEF775FBB0B119
:104E200020680C30F6F7C2FE88B120681030F6F723
:104E3000BDFE60B185B17EB120683246294604309E
:104E4000FEF732FB10B1022818BF012070BDF7F742
:104E500053FF41F2680070BD0B2070BD41F2680045
:104E6000704700BF00284AD070B50C46002943D0D7
:104E70000546086800283FD01646FEF745FB002887
:104E800038D020680430FEF73FFB98B32068083024
:104E9000FEF73AFB70B320680C30F6F7A1FE48B37A
:104EA00020681030F6F79CFE20B32168284601F5F3
:104EB000EE72FFF76DFCE0B92168284601F5F0724B
:104EC0000431FFF765FCA0B92168284601F5F272AC
:104ED0000831FFF75DFC60B92168284601F5F472DE
:104EE0001431FFF7F9FB20B91EB12368D3F8DC3188
:104EF000336070BDF7F700FF41F2680070BD4FF4FA
:104F000061707047002860D0F8B50C46002957D072
:104F100005460868002853D016461F46FEF7F4FAE7
:104F200000284BD020680430FEF7EEFA002845D068
:104F300020680830FEF7E8FA00283FD020680C30DF
:104F4000F6F74EFE002839D020681030F6F748FEFC
:104F5000A0B3C6B3BFB3069BABB3079B9BB3236899
:104F60002A692C6AD3F8E011D3F8E85154F82100EB
:104F700052F82520D3F8E411D3F8DC5154F821106D
:104F800054F82540E41AB4FA84F4640934701C1D02
:104F9000001BB0FA80F04009387003F10800091ACC
:104FA0001433D31AB1FA81F1069A49091170B3FA90
:104FB00083F3079A5B0913700020F8BDF7F79CFE96
:104FC00041F26800F8BD0B20F8BD4FF461707047E6
:104FD0000220704703207047042070470620704766
:104FE000052070475FFA80FCBCF1060F0BD804293E
:104FF00009D800EB800310B40B44054C54F823305F
:105000001BB110BC184700207047002010BC70472F
:1050100094F8010810B5074C864684460FCCACE8DE
:105020000F000FCCACE80F002368CCF800307046BE
:1050300010BD00BF20F9010800487047880E00200D
:1050400010B5084C207808B1074810BD02F07CF973
:105050000C3007C8054B83E8070001232370024882
:1050600010BD00BF8D8A002074F90108C014002013
:10507000F8B50F4E37780FB10E48F8BD0E4D0F4CF6
:105080000FCD0FC40FCD0FC42B6844F8043B384636
:1050900002F066F9012384463370BCE80F000FC4A8
:1050A000BCE80F000FC4DCF8003023600148F8BDF5
:1050B0008C8A002044F9010850F90108548000202E
:1050C000002844D02DE9F0410446F9F727F940B310
:1050D00004F10C052846F8F7DFFB002841D004F165
:1050E00018063046F8F7D8FB98B304F12407384681
:1050F000F8F7D2FBD0B304F130084046F8F7CCFB08
:1051000018BB2046F9F70EF92846F8F7DFFB3046C2
:10511000F8F7DCFB3846F8F7D9FB4046F8F7D6FB42
:1051200012E02046F9F7FEF804F10C00F8F7CEFB88
:1051300004F11800F8F7CAFB04F12400F8F7C6FBE5
:1051400004F13000F8F7C2FB0020BDE8F081002038
:1051500070472046F9F7E6F82846F8F7B7FB3046DF
:10516000E8E72046F9F7DEF82846DFE72046F9F7BA
:10517000D9F82846F8F7AAFB3046F8F7A7FB3846D7
:10518000F8F7A4FB04F13000F8F7A0FBDCE700BF60
:10519000A8B110B50446F9F7C5F804F10C00F8F70A
:1051A00095FB04F11800F8F791FB04F12400F8F7DF
:1051B0008DFB04F13000BDE81040F8F787BB704765
:1051C000D0B100B5844687B0D0F80900DCF80D10E6
:1051D000DCF81120DCF815300DF1080EAEE80F00F8
:1051E000DCF804000CF1400202A91030FFF738FB94
:1051F00020B907B05DF804FB0B2070470190F7F76A
:105200007BFD019807B05DF804FB00BF034658B171
:10521000806848B10168996000220262828402724B
:10522000DA680260D8607047704700BF80B179B11A
:10523000C36899420DD02BB11A68914203D013462E
:10524000002BF9D170470A681A6083680B6081608F
:1052500070470B68C360F8E738B580B10D4681B17F
:10526000C46814B909E024683CB11022294604F14D
:10527000090008F06EFB0028F5D1204638BD044631
:10528000FBE70C46F9E700BF40B1C06810B905E084
:10529000006818B190F908308B42F9D1704700BF0F
:1052A00040B1C06810B905E0006818B190F9083045
:1052B000032BF9DD704700BF68B1C06858B110B466
:1052C00001E0006828B1D0E90A41994208BF944240
:1052D000F7D110BC7047704768B1C06858B110B4BE
:1052E00001E0006828B1D0E91041994208BF94421A
:1052F000F7D110BC7047704768B1C06858B110B49E
:1053000001E0006828B1D0E91641994208BF9442F3
:10531000F7D110BC7047704740B1C06810B905E0C4
:10532000006818B190F82030002BF9D0704700BF0A
:1053300040B1C06810B905E0006818B190F823309A
:10534000002BF9D0704700BF98B110B586B0446803
:105350000022CDE903220B46059200F1280103AAA1
:1053600004F110008DF80C30FFF796FC18B906B068
:1053700010BD0B2070470190F7F7BEFC019806B0F6
:1053800010BD00BF10B330B591B0044606A8FFF7BA
:1053900041FE0023D4F80900D4F80D10D4F81120F0
:1053A0008DF81830D4F81530CDF81CD0EC46ACE8A8
:1053B0000F00606804F1580106AA0124012510308D
:1053C000CDE90845FFF718FD11B030BD0B2070473F
:1053D00082B030B58BB00EAC84E80C0088B10446C6
:1053E00001A80D46FFF716FE01AA0EA904F1100050
:1053F0008DF80450FFF700FD0BB0BDE8304002B05F
:1054000070470B200BB0BDE8304002B0704700BFC2
:1054100080EA104181F03D01154A164B01EBC101B4
:1054200081EA111102FB01F181EAD131A3FB0123D1
:105430001B0903EB4302C3EBC203F0B40E4DC91AC0
:105440004A194FF0010CD2E84F3FC2E844CF002C7C
:10545000F9D1BFF35B8FDCB2002CF4D1D0E9006747
:10546000BFF35B8F6B5430463946F0BC704700BFCA
:105470002DEBD427C94216B29C80002080EA10414F
:1054800081F03D0170B501EBC101144C144E81EA6D
:10549000111104FB01F1134C81EAD131A4FB015439
:1054A000240904EB4405C4EBC504A1EB040E4FF042
:1054B00001050EEB060CDCE84F1FCCE8445F002C26
:1054C000F9D1BFF35B8FCCB2002CF4D1C0E900233B
:1054D000BFF35B8F06F80E1070BD00BF2DEBD42715
:1054E0009C800020C94216B280EA104181F03D0143
:1054F000F0B501EBC10106461548164F81EA1111BE
:1055000000FB01F1144881EAD131A0FB0140000900
:1055100000EB4004C0EBC400A1EB000E4FF001050E
:105520000EEB070CDCE84F1FCCE8405F0028F9D1F8
:10553000BFF35B8FCCB2002CF4D1D6E90045C6E9AD
:105540000023BFF35B8F07F80E1020462946F0BDFD
:105550002DEBD4279C800020C94216B250B110B563
:105560000C4609B9064810BD06F014F920B12060B8
:10557000002010BD03487047034B2360F8E700BFCD
:1055800010F30108F4F2010860F001080FB4F0B55F
:1055900083B008AC0E9E84E80F0076B32046F7F780
:1055A00081FB50B300210FAB32460846CDE90033F2
:1055B00000F0FAF8431C05461FD00D9B0C99471CC0
:1055C0009F4284BF1F4603F1FF353846089B98472A
:1055D000044690B1019B3246394600F0E5F80028B8
:1055E00007DB00236355204603B0BDE8F04004B05C
:1055F0007047099B0C99204698470024F3E700BFA9
:105600002DE9F04F814689B01846CDE90112984640
:105610000C46F7F747FB002800F0A3802046EBF785
:10562000EDFC4FF0000A0090CB4657465546102639
:105630001EE00135AA4512D2B244D8F80830D8F895
:1056400010204FEA8A019847002800F0878006EB77
:105650004606B6F5801F074628BF4FF4801607EBB5
:105660008503A4EB090243F8042C009B04EB030B15
:105670000199584608F0BBF904463846002CD8D1A9
:105680005846EBF7BBFCABEB090B0BEB0003D8F870
:1056900000A0D8F810B00393002D40D00298EBF78B
:1056A000ADFC009B039AC31A05FB0323594606462B
:1056B000581C0593D047834600284FD03A68494686
:1056C00008F022F93B6806976A1E5B44CA460192BD
:1056D000A946CDF81C8025461C4602993246204634
:1056E00008F012F9009B57F8042B02EB030C019B06
:1056F00034449D4220460AEB0C0123D03A68A2EBC9
:105700000C084246013508F0FFF8A9454444E4D1AD
:10571000059A0023DDE906780BF8023008E0184608
:1057200059460130D047834610B14946EBF75EFC3D
:105730003846D8F80430D8F810109847584609B0C1
:10574000BDE8F08F039BA3EB0C020492013508F037
:10575000DBF8049AA9451444BFD1D9E74FF0000BF8
:10576000E6E78346584609B0BDE8F08F0CB430B583
:1057700083B006AB53F8042B019352B138B141B159
:1057800004F034FE03B0BDE8304002B07047002999
:10579000F6D0F0F7E7F9034A03461621D1504FF04F
:1057A000FF30EFE71400000030B53AB120B129B165
:1057B000BDE8304004F01ABE0029F9D0F0F7D2F964
:1057C000024B16221A504FF0FF3030BD140000007B
:1057D00084B070B586B00DF12C0C8CE80E00044638
:1057E000BCE80F000DF1040EAEE80F00DCF800304D
:1057F000CEF8003004B301A8F7F754FAE0B14FF047
:10580000FF3200212046EAF7B3FC90B1061B701C62
:10581000019B05999847054628B13246214608F074
:1058200073F80023AB55284606B0BDE8704004B0BD
:1058300070474FF0FF36EBE70025F4E782B070B514
:1058400004AC84E80C00E8B1054604A80C46F7F760
:1058500029FAB8B1224600212846EAF789FC00B1AE
:10586000441B049B0899601C9847064628B12246B1
:10587000294608F049F8002333553046BDE870400A
:1058800002B0704700263046BDE8704002B0704755
:10589000014B1868704700BF98F90108002854D0E0
:1058A00070B5036886B00446002B49D003F10C0C98
:1058B0000D46BCE80F000DF1040EAEE80F0001A884
:1058C000DCF80030CEF80030F7F7ECF900282FD0E4
:1058D00023689968A9422ED85A68AA4225D0E5B112
:1058E000B5F1005F2FD2EE001868059A039B314690
:1058F000984740B32368186022685368AB4213D2BC
:10590000DB0000201268D050226812681A44083365
:105910005060B3422268F5D106E0029A18680599F2
:10592000904723681D6022685560002006B070BD56
:105930000B2006B070BD2046FFF7B0FF06B070BD6B
:105940001F2006B070BD0A20F0E70B20704700BF93
:1059500082B0F8B506AC84E80C0000282FD00768A8
:1059600004462FB11E252846BDE8F84002B0704716
:1059700006A80E46F7F796F908B3069B0A99202069
:105980009847206008B3076023685F6023680DF1C3
:10599000180C9F60BCE80F0025680C350FC5DCF8BB
:1059A00000302B6031462046FFF778FF054600287F
:1059B000D9D0079B0A99206898472760D3E70B2521
:1059C0002846BDE8F84002B070470A25CBE700BF83
:1059D0002DE9F04786B000284FD004680646002C19
:1059E00046D0636853B3002522682F4652F835002D
:1059F0004FEAC508F8B1D4F81CA0D4F8109051466D
:105A0000C847236843F835702368434451465868B3
:105A1000C8472368434401355F60A368013BA36026
:105A2000346863689D4209D2226852F835004FEA13
:105A3000C5080028DFD101359D42D7D3002130466B
:105A4000FFF72CFF044618B1204606B0BDE8F087EA
:105A500035680C350FCD01AF0FC701A82B683B602F
:105A6000F7F720F948B1029B0599306898473460F0
:105A70000024204606B0BDE8F0870B24204606B07F
:105A8000BDE8F08738B3006828B32DE9F8430E4627
:105A9000C1B1D0E90098B8F1000F13D01746002427
:105AA00059F83450284655B1EBF7A8FAB8420246E7
:105AB000294638BF3A46304607F068FF28B101341E
:105AC000A045EDD10020BDE8F88309EBC409D9F861
:105AD0000400BDE8F883704710B5034904467022FE
:105AE00007F012FF204610BD88E7010810B50349F2
:105AF0000446582207F008FF204610BDF8E70108C9
:105B0000B0B138B5044608460D46F7F7CBF868B192
:105B1000206820B16B682969984700232360201D05
:105B200003F0ECFE003818BF012038BD0B2038BD53
:105B30000B2070470022C0E900228260704700BF3E
:105B400070B584B004AC04E90F002549019C022221
:105B50008142A24133D303462248DDE90215A3FB6B
:105B6000003200FB0422DE436FF00040841A8E42B4
:105B7000AC4132D311EB030E42EB0500089B1849F0
:105B8000099D02229942AA411ED3164C0A9A0B9EE5
:105B9000A3FB043104FB05116FF0004CDD43ACEBBB
:105BA00001049542B44114D3D21841EB0603834259
:105BB00008BF72450CBF0120002004B070BD4FF03B
:105BC000FF3E6FF00040D9E74FF0FF326FF0004327
:105BD000EDE74FF0FF326346E9E74FF0FF3ECDE7D8
:105BE000047DC12500CA9A3B30B484B004AC04E9FA
:105BF0000F001449019C02228142A24115D312498F
:105C00000346DDE90205A3FB013201FB04226FEA32
:105C1000030C6FF000418C1A8445AC410CD318186A
:105C200042EB050104B030BC70474FF0FF306FF01D
:105C3000004104B030BC70474FF0FF3004B030BCBE
:105C4000704700BF047DC12500CA9A3B10B5094CBE
:105C5000864684460FCCACE80F000FCCACE80F00B2
:105C60000FCCACE80F0094E803008CE8030070460A
:105C700010BD00BF50E80108002849D02DE9F041CF
:105C80000E46002956D015460446EBF7B7F950B139
:105C900023782F2B0CD0022333600DB100232B600F
:105CA0000020BDE8F08101233360002DF6D1F7E735
:105CB000471EE35D2F2B3FD0631E214603EB000EF2
:105CC0009C4613F8012F5F2A06D023D8392AA2F167
:105CD00041082BD82E2A20D97345F1D1214C00231D
:105CE00003E0984201F101012CD09F4203F101032E
:105CF000F7D00A782F2AF4D14A782F2A2DD0A25C27
:105D00005207EED506223260002DC9D02B60C7E7BE
:105D10000B207047613A192ADED904233360002D25
:105D2000BED0C4F1010464442C60B9E7B8F1190F86
:105D3000D2D9F2E70B20B4E703233360002DAFD0B4
:105D40002F60ADE7F72802D800233360A8E70723C8
:105D50003360002DA4D0F623D8E705223260002D51
:105D6000D4D19DE7BF1D0208002830D070B514467D
:105D7000C2B0002A2DD001290E461D4602D103785B
:105D80002F2B12D001AA6946FFF776FF80B9009B3E
:105D90004BB1072B07D05A1E052A1CD8DFE802F0AA
:105DA0000A0A0A0A0A0AF52E0AD8002323600020EC
:105DB00042B070BD2360002DF9D0019B2B60F6E747
:105DC00007232360002DF2D0F4232B60EFE70B2094
:105DD00070470B20ECE7044A4FF4807102A8FFF7EC
:105DE000C5FC0120E4E700BF2CF3010868B170B5E1
:105DF0000D4616460446EBF701F9334601462A469E
:105E00002046BDE87040FFF7AFBF0B20704700BFD2
:105E100007289ABF024B53F820000248704700BF82
:105E20009CF901087CF30108002837D0F8B50E462C
:105E3000002935D017460446EBF7E0F8D8B1631EC9
:105E400019181A4613F801EFAEF130052EF0200CA8
:105E5000092DACF1410C15D9BCF1190F12D9BEF1C5
:105E60005F0F0FD0022333601FB1C4F1010414444B
:105E70003C600020F8BD01233360002FF9D00023DF
:105E80003B60F6E79942DCD123780C4AD35C13F0EF
:105E900004030ED1FF2805D83360EAE70B207047D2
:105EA0000B20F8BD04233360002FE2D0FE233B60BB
:105EB000DFE703233360002FE1D1DAE7BF1D0208DB
:105EC00004289ABF024B53F820000248704700BFD5
:105ED000BCF9010824F501080346406858B142683E
:105EE0005A600AB1002111601A68426002B1106064
:105EF00000220260186070470B680BB14A685A6054
:105F00004B680BB10A681A6003688B4204BF4B6888
:105F1000036043684B6003B1196000230B6041606C
:105F2000704700BF70B528B1044600680D46F7F70A
:105F300069FC10B90124204670BD6368002BF9D0BC
:105F4000002DF7D02868F7F75DFC0028F2D06E68C6
:105F5000002EEFD0646832692069D0F8883300F5EC
:105F60002870196802F036FA02462069D0F890339A
:105F7000D0F88813F7F7C0FB20693269D0F888336E
:105F800000F528701968F9F715FE02462069D0F867
:105F90009033D0F88813F7F7AFFB80F00104E4B238
:105FA00028466400F7F79EFAC5E700BFA8B138B5E8
:105FB0000C46A1B10546006820B10A4B1968EBF701
:105FC0000BF840B96B6800206060A060E060206161
:105FD0001B69636038BD0C2038BD0B2070470B2057
:105FE00038BD00BFD0F90108014B1868704700BFE9
:105FF000D0F9010884B0F0B583B009AD85E80E0092
:1060000030B104462846F6F74DFE08B1A6682EB119
:106010000B2003B0BDE8F04004B07047002200231D
:10602000C4E90023234B1B68A3600FCD04F13C0C93
:10603000ACE80F002B68CCF800306846A663E66039
:1060400003F0E4FCDDE9000104F1100383E8030040
:10605000032219481949F7F785F91748FFF73CFF5C
:10606000002825D0164B8268197822651174226D9C
:1060700059685161226D99689161226DD968D16129
:10608000226D19691162226D5B695362FBF7AEF9EB
:1060900007F056FC07F04EFC236D9862236D9B6A57
:1060A000002BF7D0002003B0BDE8F04004B07047EB
:1060B0000120AEE7D0F90108507C0020CC7B002005
:1060C000D833002000283ED070B50D4649B10446B3
:1060D000806820B1214B1968EAF77EFF78BBAB6876
:1060E0001BB14FF00B0C604670BD5822214628466C
:1060F00004F13C0607F008FC3046F6F7D3FD002813
:10610000EFD0A06B38B105F13802314603F04AFCFC
:1061100084460028E7D11248FFF7DEFEB8B1836855
:106120002B65256D103503F110040FCD0FC495E8D4
:10613000070084E807004FF0000C604670BD4FF088
:106140000C0C604670BD4FF00B0C60467047A86B9E
:10615000314603F049FC4FF0010CC4E7D0F90108C7
:10616000507C0020002835D030B500F13C0597B0B8
:1061700004462846F6F796FD20B3A06820B1164BDA
:106180001968EAF729FF18BB144B1968E9B1226DA9
:1061900001E04968C9B18B689A42FAD10F48FFF70C
:1061A000ABFEA06B18B1294603F01EFC40B968464F
:1061B000FFF79CFC58226946204607F0A5FB00200B
:1061C00017B030BD0B2017B030BD012017B030BD67
:1061D0000C20F5E70B207047D0F90108507C002017
:1061E0002DE9F04383B0002800F0D4800E4600294A
:1061F00000F0D080036D0546002B00F0CB80764B7D
:1062000080681F6828B13946EAF7E6FE002840F0AA
:10621000D080D5E90023C6E90023B760EB68B366F8
:106220006E496F480122F7F73DF86E486E49042227
:10623000F7F778F86B4B6A484FF0000883F80D8049
:10624000FFF74AFE002800F0B2808468286DD0F87D
:1062500024C0017CD0E90623CDF804C0006A009078
:1062600004F11009484601F003FB4FF47A73C4E9C6
:10627000E33304F5805304F55E72C4E9E1225B491F
:10628000C3F89485C3F89885C3F89C85C3F8A085A6
:106290005748C4E9DA780422F466F6F7E3FF554973
:1062A00055480422F6F7BEFF544955480422F6F734
:1062B00099FF544954480122F6F754FF5349544872
:1062C0000122F6F76FFF534953480822F7F70AF8FF
:1062D000524953480322F7F745F8524952480422DD
:1062E000F7F760F8514952480422F7F77BF8296D17
:1062F000F06E424600F08AFD074600285ED12B6D05
:1063000004F528759A6A284604F52271F9F706FF04
:10631000284648492246F9F721FF284646493A4689
:10632000F9F718FF284645493A46F9F71BFF284672
:1063300043493A46F9F71AFFB4F898220423920029
:1063400004F565712846F9F73FFFB4F89822C4F8C0
:1063500074030423920004F694312846F9F71CFFD5
:10636000C4F878032846F9F729FF04F59C51B4F8DE
:106370009822C4F8800314312846F9F7FBFEC4F8CC
:106380007C032846FAF760FC054640B1384603B066
:10639000BDE8F0830B27384603B0BDE8F0834846DC
:1063A00001F0A6FA0E482146FFF7A6FDF566012783
:1063B000ECE70C27384603B0BDE8F083484601F00F
:1063C00097FA07482146FFF797FD3846C6F86C80D4
:1063D00003B0BDE8F08300BFD0F90108485D00209C
:1063E00040800020607C0020F8330020A07D002049
:1063F0003080002088560020807D0020E859002051
:10640000907D0020C0550020707D0020F8540020B1
:10641000607D0020707C0020507D0020CC7B00201F
:10642000507C00204C7B0020BC7B0020BC7A0020EC
:106430003C7B00201D9A0108159A0108B59A0108B5
:10644000519B010870B5174B1C680546C06E3CB3E4
:106450000026D4E901431A69824218D0002CF8D1F1
:1064600088B1D0F888339B78012B14BF0A21002112
:1064700000F52870FAF7C0FBE86EF6F7D3FFE86E78
:10648000103001F035FA0023EB66304670BD03F1A1
:10649000180000F005F90646E86E002CD9D1DFE7B8
:1064A0002646DDE730800020F0B5044685B021485F
:1064B0000F461646FFF710FD002836D08568C5E95F
:1064C0000564236903F580530221B3F89605421C45
:1064D000A3F89625F9F762FD174928613C22384652
:1064E000F7F776F9F0B1154930466422F7F740F92D
:1064F000C0B120690623D0F8842302930F4B019387
:106500000D4B0093116863692A6900F52870F9F74B
:10651000D5FB02462069D0F88C33D0F88413F7F706
:10652000EBF818B92846F6F7F3FF0025284605B022
:10653000F0BD00BF507D002018810020B4800020F5
:1065400038B58469D4B1054620692A69D0F8883302
:1065500000F528701968F9F72DFB02462069D0F87C
:106560009033D0F88813F7F7C7F880F00104E4B24D
:1065700028466400F6F7CCFF204638BD01242046AB
:1065800038BD00BF2DE9F04383B0002B5FD0064635
:1065900035480F4690461D46FFF79EFC002856D012
:1065A0008468EB6E2361FFF71FFD04F12C09C4E939
:1065B0000604C4F820903046EAF720FD421C3C2A2D
:1065C00004F1180540D84846314604F1680907F03F
:1065D0009BF9C4F824903846EAF710FD421C3C2A87
:1065E00032D83946484607F08FF9236903F58053BE
:1065F0000121B3F894054218A3F89425F9F7CEFCCD
:1066000060613B782F2B27D17B782BBB174A18482A
:1066100033463C2103F016FC20691549D0F8842349
:10662000009106210191116862691FFA88F300F553
:106630002870F9F709FB02462069D0F88C33D0F8AE
:106640008413F7F759F818B92846F6F7F1FE002534
:10665000284603B0BDE8F083064A00963B463C213D
:10666000034803F0EFFBD7E73080002000F001087B
:1066700054810020D0F2010881B110B414460A7888
:10668000034608463AB134B1227822B121469A6EC7
:1066900010BCFFF777BF002010BC70470020704788
:1066A000F8B528B30746006820B1364B1968EAF7F9
:1066B00093FCE8B97D68DDB1334B1C68002C5FD0DA
:1066C0000026D4E90141D1F880309D4213D0002C3E
:1066D000F7D12E4B1C68C4B1D4E901410B6A9D422D
:1066E000F9D17C31384600F0DDFA01280646F2D1B6
:1066F00001263046F8BD84313846F6F7D3FC012830
:106700000646F5D0002CDCD1E3E7214B1C686CB1C8
:10671000D4E901418B6F9D42F9D17C31384600F0BC
:106720008DF901280646E3D0002CF1D1194B1C68E5
:106730006CB1D4E901418B6F9D42F9D17C3138466F
:10674000FFF7F0FB01280646D2D0002CF1D12869D2
:106750006A69D0F8883300F528701968F9F72AFAC1
:1067600002462869D0F89033D0F88813F6F7C4FFB2
:10677000002808BF02263846F6F75AFE3046F8BD14
:106780002646A6E7D0F90108907D0020807D0020F4
:10679000707D0020607D00204368186900F55A7004
:1067A000704700BF2DE9F041044600688AB00E46EC
:1067B000154628B11E4B1968EAF70EFC002833D1A4
:1067C00064686369A76F9B689847D0F80480304677
:1067D000D8F8103098473B6900902269216F03F583
:1067E000287002ABFAF7A8FE002328606B6090B116
:1067F000D8F8083002A93046984794F872303869C2
:10680000012B0CD0616F00F52870FAF7A7F8002073
:106810000AB0BDE8F08101200AB0BDE8F08100F5C2
:106820002870F9F7E7FCF2E70C200AB0BDE8F08128
:10683000D0F901082DE9F0430546006889B00C46FF
:1068400090461E4628B1284B1968EAF7C5FB002878
:1068500046D10EB100233370D5F80490F6F7DCFE74
:106860004846F6F7B3FE0746B0B38568D5F8383822
:10687000D5F83C28C4E9082395F837382374B5F8CF
:10688000343895F83628E274A4F81130D5F8282861
:10689000D5F82C38D5F83018E1616261A361D9F8D8
:1068A00014309B6898474468D5F8102805F110010A
:1068B0006846F9F785F8E3684146684698473946DF
:1068C00004460A48FFF718FB06B1347084F0010053
:1068D000C0B209B0BDE8F083012009B0BDE8F08383
:1068E0000C2009B0BDE8F083D0F90108607C0020DD
:1068F000F0B50546006891B00C46164628B1284B05
:106900001968EAF769FB002841D1D4E9042306930A
:106910002346079213F8012B6D689B78A1688DF8C8
:1069200017208DF81630E268B4F801306068ADF8D1
:10693000143002AB07C36B69AF6FDB6898474468DC
:1069400030462369984700F11803386900932A6993
:10695000296F00F5287008ABFAF7EEFD10B9012099
:1069600011B0F0BD02A908A8FBF7FEFEA36808A9B4
:106970003046984795F872303869012B0AD0696F14
:1069800000F52870F9F7EAFF002011B0F0BD0C20E7
:1069900011B0F0BD00F52870F9F72CFCF4E700BF4A
:1069A000D0F901082DE9F0430446006889B0884613
:1069B00017461D4620B11F4B1968EAF70DFB88BB2F
:1069C0000DB100232B70D4F80490F6F725FE48464D
:1069D000F6F7FCFD064648B3846804F5036353E903
:1069E0000201C8E90801D9F81430DB689847D0F8EB
:1069F0000480D4F8102804F110016846F8F7E0FF8D
:106A00003946D8F80C3068469847314604460A485B
:106A1000FFF772FA05B12C7084F00100C0B209B022
:106A2000BDE8F0830C2009B0BDE8F083012009B077
:106A3000BDE8F083D0F90108607C002070B528B172
:106A4000044600680D46F6F7DDFE10B90124204625
:106A500070BD6368002BF9D0002DF7D02868F6F7D9
:106A6000D1FE0028F2D06E68002EEFD06468326943
:106A70002069D0F8883300F52870196801F0AAFC65
:106A800002462069D0F89033D0F88813F6F734FE28
:106A900020693269D0F8883300F528701968F9F751
:106AA00089F802462069D0F89033D0F88813F6F7B9
:106AB00023FE80F00104E4B228466400F6F7FCFCF3
:106AC000C5E700BF2DE9F04F8DB0002800F0D18060
:106AD0000E46002900F0CD80044600681546984611
:106AE000F6F790FE002800F0C480002D00F0C18071
:106AF0002B78002B00F0BD80B8F1000F00F0B980BA
:106B00005E48D4F80490FFF7E7F9002800F0B18060
:106B10008468C4F88040FFF767FA04F1980AE067D8
:106B2000C4F884A02846EAF769FA01303C2804F149
:106B30007C0700F29780524A2B463C21504603F0D6
:106B400081F94146C4F82090502204F1280006F053
:106B5000DBFE4C493046F6F763FE002800F08280E9
:106B60004268A261002A7DD0294643464846FFF785
:106B70009BFCE061002879D0D9F8103003F58053F0
:106B80000421B3F89C05421CA3F89C25F9F706FAEA
:106B90002061D9F810000625D0F8843300951968D3
:106BA0002269D9F8143000F52870F9F7F1F8024697
:106BB000D9F81000D0F88C33D0F88413F6F79CFD88
:106BC00000284FD0D9F8103003F580532946B3F888
:106BD0009E05421CA3F89E25F9F7E0F96061D9F8FB
:106BE00010A0E369DAF884B3059308AE4146304655
:106BF000F6F7A2FD039596E80300059B0190ADF81A
:106C000008101B690093D4E90432DBF800100AF580
:106C10002870F9F759F90246D9F81000D0F88C33EA
:106C2000D0F88413F6F768FDE0B198F80830D9F889
:106C30001000022B4FF6FF714FF000020CBFD0F88E
:106C40008033D0F874330793CDE90A120AABD0F839
:106C5000841300936269079B096800F5287001F0AE
:106C600081FB07E0E06908B1F6F752FC3846F6F719
:106C70000DFC002738460DB0BDE8F08F807D002068
:106C800000F001086CEF010808B5034640B1084662
:106C900031B159685022283106F036FE002008BD77
:106CA0000B2008BD2DE9F04128B1044600680D46CF
:106CB000F6F7A8FD18B901242046BDE8F081636805
:106CC000002BF8D0002DF6D02868F6F79BFD0028A1
:106CD000F1D06C68002CEED0266A62693069D0F879
:106CE000883300F52870196801F074FB024630699A
:106CF000D0F89033D0F88813F6F7FEFCE069FFF780
:106D00001FFC236A62691869D0F8883300F528707F
:106D10001968F8F74FFF236A226980461869D0F88E
:106D2000883300F528701968F8F744FF0746306982
:106D30004246D0F89033D0F88813F6F7DDFC0446CD
:106D400030693A46D0F89033D0F88813F6F7D4FC7F
:106D5000044084F00104E4B228466400F6F796FB90
:106D6000AAE700BFF0B50446006889B00F46154693
:106D700028B1244B1968EAF72FF900283ED105B352
:106D800000232B706468F6F747FC2046F6F71EFCDC
:106D90000646F0B181686846D1F810281031F8F73E
:106DA0000FFEA3693946DB686846984731460446BA
:106DB0001548FFF7A1F82C7084F00100C0B209B0AB
:106DC000F0BD6468F6F728FC2046F6F7FFFB0546A1
:106DD00010B9012009B0F0BDA9686846D1F81028A3
:106DE0001031F8F7EDFDA3693946DB68684698472E
:106DF000294604460448FFF77FF8DDE70C2009B078
:106E0000F0BD00BFD0F90108607C002008B508B1D2
:106E100000F1100239B14969104600F035FD80F0EB
:106E20000100C0B208BD044B1046596800F02CFDAB
:106E300080F00100C0B208BDD83300202DE9F04732
:106E400088B00646129F88461D461446002A00F068
:106E50003A81002F00F0AC80A84B0FCB0DF1100C45
:106E60008CE80F008DE80F0097E80F00FEF768FE32
:106E7000002800F055814FF0FF39F6F7CDFBA04B0D
:106E80001F68002F00F068813B4600219A6802F5D8
:106E9000805282F8A4155B68002BF7D1002C40F0DB
:106EA000D780002D40F03581002E40F04B813B46CD
:106EB0004FF0000AD3E9013202F5805292F8A4059E
:106EC00050445FFA80FA002BF4D1BAF1000F00F0C1
:106ED0008680B9F1FF3F0DD04846E9F749FE81466B
:106EE0005046E9F741FE01464846E9F749FFE9F710
:106EF000E3FF8146B86800F5805393F8A435002B72
:106F000040F097807F68002FF4D1002C00F09D8026
:106F10002268002A00F099800027B946636853F878
:106F20002700F6F753FB00286BD023680137BB42DC
:106F30004FF00109F2D87DB12A68002462B16B6874
:106F400053F82400F6F742FB002862D02B68013486
:106F5000A3424FF00109F2D87EB13368002463B137
:106F6000736853F82400F6F731FB002859D03368D2
:106F70000134A3424FF00109F2D8B8F1000F11D04B
:106F8000D8F8003073B100231C46D8F8040050F83C
:106F900023100A7C6ABB40F82320D8F80020013374
:106FA0009A42F2D889F00100400008B0BDE8F087AD
:106FB000F6F732FB524B1F684FF0FF39002F7FF47A
:106FC00063AF22684FF0FF39002A44D1002D40F012
:106FD000E780002E40F0DE804FF00009BCE7B86883
:106FE000002100F52870F9F77FFC7F68002FF6D1AB
:106FF0008BE70C74D8F80010013399429146C4D83D
:10700000D0E7636843F8270023680137BB4285D87F
:1070100091E76B6843F824002B680134A3428ED8B3
:107020009AE7736843F8240033680134A34297D881
:10703000A3E7494600F52870F9F770FC7F68002F38
:107040007FF458AF002C7FF463AF4FF0000972E774
:107050002268002A56D000230121626852F82320BA
:10706000926F126902F58052013382F8A4152268EA
:107070009A42F2D8002D46D02A6872B1002301212D
:107080006A6852F82320926F126902F58052013328
:1070900082F8A4152A689A42F2D886B1336873B18F
:1070A00000230121726852F82320126A126902F546
:1070B0008052013382F8A41532689A42F2D8002F28
:1070C0007FF4F5AE21E7002B40D0002F7FF4C4AE53
:1070D000F6F7A2FA0A4B1F684FF0FF39002F7FF432
:1070E000D3AE002D46D02A680027002AC6D1002E34
:1070F00046D033681746002BD2D1A6E780E50108B9
:10710000408000202DB9002EC8D1002F7FF4CFAED3
:10711000FFE62A68002AB1D1002E3FF4C8AEBDE7D1
:1071200097E80F00FEF760FD234A0023E9F73AFFD6
:10713000B0F1004F71F100018146FFF69EAE6FF095
:1071400000499AE63368002BAAD1B0E60028BCD1EA
:107150000029BAD1084628E7002CC2D02268002AAC
:107160007FF479AF75B9002E3FF436AF3368002B4A
:1071700096D1CAE626B133682F46002B90D12BE773
:10718000B146FAE62A68002A7FF478AF002E3FF471
:10719000BCAE83E733684FF0FF39002B80D1B4E6F3
:1071A0002A684FF0FF39002A7FF468AF002E3FF4C1
:1071B000ACAE4FF0FF3971E740420F0008B503480D
:1071C000FEF78AFE08B18068103008BDBC7B002045
:1071D00008B5084B196811B90AE0496841B18B68D4
:1071E00010339842F9D10348FEF786FE002008BD0F
:1071F000012008BDBC7B00200048704738150020E6
:1072000070B50C4E35780DB10B4870BD284600F0B6
:107210009BF80C3007C8094C84E80700284600F0AA
:107220004BF80C3007C8183484E80700012333708A
:10723000014870BD8F8A002004FA0108541900200B
:10724000F8B5174E37780FB11648F8BD164D174CE4
:107250000FCD0FC40FCD0FC42B682546384645F817
:10726000043B00F07DF88446BCE80F000FC5BCE885
:107270000F000FC53846DCF800302B6000F034F802
:10728000012384463370BCE80F0028340FC4BCE8E7
:107290000F000FC4DCF8003023600248F8BD00BFC7
:1072A0008E8A0020D4F90108E0F9010890810020BD
:1072B00000487047F419002010B5084C207808B138
:1072C000074810BD00F040F80C3007C8054B83E8B4
:1072D000070001232370024810BD00BF918A0020DF
:1072E00058FA01086C1B00200048704734FA010866
:1072F000F8B50F4E37780FB10E48F8BD0E4D0F4C54
:107300000FCD0FC40FCD0FC42B6844F8043B384693
:1073100000F026F8012384463370BCE80F000FC448
:10732000BCE80F000FC4DCF8003023600148F8BD52
:10733000908A002028FA010834FA0108FC81002014
:1073400000487047BC1B0020034B1A780AB9012281
:107350001A700248704700BF938A0020ACFA0108F7
:107360000048704788FA0108094B1A786AB930B4A6
:10737000084D094C01221A700FCD0FC40FCD0FC458
:107380002B682360054830BC70470448704700BF35
:10739000928A002088FA0108448200207CFA0108C1
:1073A0002DE9F04119461F4605469046F8F7B6FA12
:1073B000E0B93E4609E0A86806F0A6FAAB6828697D
:1073C00023442044361BAB60286101223146284605
:1073D000F8F72AFBB91B0446024641440028EAD1CB
:1073E0000123A87D6B755840BDE8F0813A46A86836
:1073F000414606F089FAAA682B693A443B44AA60E0
:107400002B61EDE72DE9F04119461F4605469046F0
:10741000F8F784FAE0B93E4609E0A96806F074FA84
:10742000AA682B6922442344361BAA602B610122DF
:1074300031462846F8F7F8FA0446B81B224640447D
:10744000002CEAD10123A87D6B755840BDE8F0817E
:107450003A46A968404606F057FAAA682B693A44AA
:107460003B44AA602B61EDE72DE9F04188461146C7
:1074700017460546F8F752FAE0B93E4609E0A86813
:1074800006F042FAAA682B6922442344361BAA60FC
:107490002B61012231462846F8F7C6FAB91B04468B
:1074A000024641440028EAD10123A87D6B7558406B
:1074B000BDE8F0813A46A868414606F025FAAA6878
:1074C0002B693A443B44AA602B61EDE72DE9F0417A
:1074D00019461F4605469046F8F720FAE0B93E46A1
:1074E00009E0A86806F010FAAB6828692344204434
:1074F000361BAB602861012231462846F8F794FA22
:10750000B91B0446024641440028EAD10123A87D64
:107510006B755840BDE8F0813A46A868414606F0D0
:10752000F3F9AA682B693A443B44AA602B61EDE762
:107530002DE9F0418846114617460546F8F7EEF961
:10754000E0B93E4609E0A96806F0DEF9AA682B69B1
:1075500022442344361BAA602B610122314628466F
:10756000F8F762FA0446B81B22464044002CEAD1E0
:107570000123A87D6B755840BDE8F0813A46A968A3
:10758000404606F0C1F9AA682B693A443B44AA6018
:107590002B61EDE72DE9F04119461F46054690465F
:1075A000F8F7BCF9E0B93E4609E0A96806F0ACF985
:1075B000AA682B6922442344361BAA602B6101224E
:1075C00031462846F8F730FA0446B81B22464044B4
:1075D000002CEAD10123A87D6B755840BDE8F081ED
:1075E0003A46A968404606F08FF9AA682B693A44E2
:1075F0003B44AA602B61EDE72DE9F0418846082164
:10760000044616461F46F8F7E7F901462046657D11
:10761000F8F726FAB8F1010F657510D057B1083E9A
:107620000025F6E90223414620460135F7F778FFA9
:10763000AF42F6D1A07D80F00100BDE8F081FF00EF
:1076400039462046F8F76AF9F8B9B8460AE0A06862
:1076500006F05AF9A26823692A442B44A8EB0508CE
:10766000A2602361082241462046F8F7DDF9A7EB26
:1076700008010546024631440028E8D1A07D0823D0
:10768000637580F00100BDE8F0813A46A06831469C
:1076900006F03AF9A26823693A443B44A2602361A8
:1076A000ECE700BF2DE9F041884608210546144665
:1076B0001F46F8F791F9014628466E7DF8F7D0F994
:1076C000B8F1010F6E7510D000264FB12246414629
:1076D00028460136F8F72AF8B74204F10804F5D134
:1076E000A87D80F00100BDE8F081FF003946284602
:1076F000F8F714F9F8B9B8460AE0A96806F004F9F1
:10770000AA682B6932443344A8EB0608AA602B61AF
:10771000082241462846F8F787F90646A7EB0800F5
:1077200032462044002EE8D1A87D08236B7580F0F6
:107730000100BDE8F0813A46A968204606F0E4F869
:10774000AA682B693A443B44AA602B61ECE700BF6E
:1077500038B5054608460C46E9F750FC2146421C60
:107760002846BDE83840F8F79BB900BF00B583B0A4
:1077700001ABF8F7A7F903B05DF804FB014B1878EB
:10778000704700BF948A00202DE9F04F934689B0DE
:1077900090F8002205938A46002104468DF81E10B9
:1077A00022B300F202290DF11F0805AF0DF11E06EC
:1077B0004FF4007502E0059B002B0FDDD4F8741226
:1077C0002346CDE90278CDE900562246484601F02D
:1077D000FBF80028EFD09DF81E30B3B10F4B9DF899
:1077E0001F201A70002009B0BDE8F08F0DF11F02B4
:1077F0000092D0F874524FF400720146A847002856
:10780000ECD09DF81E30002BE8D1CBF80000012011
:10781000CAF8004009B0BDE8F08F00BF948A00208C
:1078200070B590F80052D0F8704286B0164665B92F
:107830000DF11703A04708B1B04214D00B4B9DF8CF
:1078400017201A70002006B070BD0DF117020292C9
:107850000022CDE900620B460246214600F20220DA
:1078600000F0BCFEE7E7012006B070BD948A00205E
:10787000C0E99A23DDF800C0019BC0F870C280F80F
:107880000012C0F87432704738B5D0F8683203B3CC
:10789000D0F86C220446E2B1D0F87022CAB1D0F818
:1078A0007422B2B1C0F88C129847054688B194F89A
:1078B00000328BB90B490C4B0C4AC4F88032C4E936
:1078C0009E414FF40073C4F88422A4F888322846FD
:1078D00038BD0025284638BD002104F2022000F002
:1078E00077FEE7E721780108897701087D770108AD
:1078F000D0F86C32184700BF4FF6FF730380704713
:107900004FF6FF730380704738B5044600880D4674
:1079100000F048FE0346002BB8BF2580C00F38BDDD
:1079200070B505460C462B68096820896268B2FB71
:10793000F0F25B1AB3FBF2F301339BB2B3FBF0F648
:1079400000FB16339BB202FB03F3181D0844267D8F
:1079500050F8042C16B1002640F8046C032A01D814
:10796000012070BD0833194428462B69043AF8F702
:107970001FF8284602492246F7F7F8FF002070BD9D
:107980002179010800B5C0E900124FF0000E019AFC
:107990000381026180F814E0D3B1C1F800E0B0F8CF
:1079A00008C0BCF1010F13D90123B3FBFCF10CFBA0
:1079B000113189B24268B2FBFCF201FB02F20168AC
:1079C00041F802E00133B0F808C09BB29C45ECD806
:1079D0004FF0FF33C3605DF804FB00BF0189E9B1DC
:1079E0004FF0000C00B56346E646B3FBF1F201FB35
:1079F00012339BB24268B2FBF1F203FB02F203685E
:107A000043F802E00CF1010C01891FFA8CF3994252
:107A1000EBD84FF0FF33C3605DF804FB4FF0FF334A
:107A2000C36070472DE9F04104460D460189808905
:107A300090461F4600F0AEFD29460646A08900F09C
:107A4000B1FD00280ADB0026E089294600F0AAFDE6
:107A50000028B8BFE5813046BDE8F08130462946B0
:107A600000F0A0FD0028EEDB236940469847012185
:107A70000646A08900F08EFD0EB9854246D02189C8
:107A8000B5FBF1F201FB125292B263682068B3FBBE
:107A9000F1F302FB03F30433184450F8043C002BC9
:107AA000D1D141463A4605F02FFF2189B5FBF1F2CD
:107AB00001FB125292B26368B3FBF1F302FB03F3D2
:107AC0002268D750069A01231370002EBBD0A689D6
:107AD0000121304600F05EFD2189B0FBF1F201FB8F
:107AE000120292B26368B3FBF1F3064602FB03F3A2
:107AF00020680433184450F8043C002BA3D02369B9
:107B00009847022805D00128E2D09CE7069BA58172
:107B10001E70012698E700BF2DE9F04704460F4686
:107B200080890121904600F035FD2189B0FBF1F2FA
:107B300001FB120292B263682668B3FBF1F302FB09
:107B400003F304331E4456F8049CB9F1000F23D00C
:107B50002369054630469847824600B3B4F80CA026
:107B60000121504600F016FD2189B0FBF1F282465A
:107B700001FB1202D4E9000392B2B3FBF1F302FB62
:107B800003F30433184450F8043C2BB1236998479D
:107B900002281AD00128E3D00020BDE8F0874A4629
:107BA00031463846F7F70CFF2189B5FBF1F201FBAE
:107BB000125292B26368B3FBF1F302FB03F3226843
:107BC00042F803A0A5810120E7E706EB080126891A
:107BD000B5FBF6F006FB105080B26368B3FBF6F31A
:107BE00000FB03F320680025C550A9EB08023846C6
:107BF000F7F7E6FE034922463846F7F7B7FE554643
:107C0000E0E700BF2179010838B511460446C08974
:107C1000154600F0C7FC0028B8BFE58138BD00BF9D
:107C20002DE9F8430389858904460E46002B48D088
:107C30002846012703E0674543D2A0890137B9B23E
:107C400000F0A8FCB4F808C0B0FBFCF2D4E90013C3
:107C50000CFB120292B2B3FBFCF302FB03F3CB5812
:107C6000002BE8D130800121E58900F097FC014626
:107C7000284600F093FC05460746F8B14FF000098E
:107C80004D464FF001081FFA89F1308800F082FC60
:107C90002189B0FBF1F303FB1100D4E9002380B28A
:107CA000B3FBF1F300FB03F308FA09F1D35809F130
:107CB00001090BB929438DB2B945E4D12846BDE885
:107CC000F8832846CEE700BF4FF6FF7CC0E90132BB
:107CD00001600373A0F80EC0704700BF027B4260D2
:107CE0004FF6FF73C3817047F0B5044683B0406818
:107CF0000D461646F9F75AFB63681844A368421903
:107D000093422CBF0127002702D2384603B0F0BDB2
:107D10000090216830460023F7F740FE636838463C
:107D20002B44636003B0F0BD2DE9F04104461D46CD
:107D30004068237B98428CBF0126002602D830463B
:107D4000BDE8F0818846E0890121174600F022FC59
:107D5000E08128802368C8F8003063683B60237B9B
:107D600063603046BDE8F08138B50C4603680968A9
:107D7000B4F808C06268B2FBFCF25B1AB3FBF2F322
:107D800001339BB2B3FBFCFE0CFB1E339BB202FB28
:107D900003F394F80CC0CA586344A2EB0C020833F6
:107DA00005461944043A0369F7F702FE28460349D9
:107DB0002246F7F7DBFD002038BD00BF697D0108D2
:107DC0009DF800C00381C0E9001280F80CC0E3B147
:107DD000C1F800C0B0F808C0BCF1010F15D90123EB
:107DE000B3FBFCF10CFB113189B24268B2FBFCF22F
:107DF000D0F800C001FB02F2017B4CF80210013305
:107E0000B0F808C09BB29C45EAD84FF0FF326FF043
:107E10000043C0E906230449C0F80E104FF6FF7274
:107E200000234282038470470000FFFF0189B1B143
:107E30004FF0000C6346B3FBF1F201FB12339BB22F
:107E40004268B2FBF1F2016803FB02F2037B8B5044
:107E50000CF1010C01891FFA8CF39942EBD84FF019
:107E6000FF326FF00043C0E906230449C0F80E104A
:107E70004FF6FF7200234282038470470000FFFF29
:107E80002DE9F04F044691B00089E78923680492F8
:107E9000B7FBF0F200FB127292B26568B5FBF0F529
:107EA00005FB0232043252F804AC94F80CB0039291
:107EB0008846A5F10409002800F0458100210E46FE
:107EC0008AB2B2FBF0FC00FB1C2292B205FB02F26C
:107ED00001319A585A4504BF0136B6B28142EFD1FA
:107EE000504604210596F7F76FFD82440AEB08021D
:107EF0004A4540F2CC80227B42444A4540F2B4805D
:107F0000CBF57F42FC321FFA89F31A4492B206FB8A
:107F100002FBC34505920692C0F0B5800AF1040247
:107F20004A4580F0DD80A3F1040BABEB0A0B059B07
:107F30001FFA8BFBA8EB0B08B8FBF3FC03FB1C83BD
:107F40001FFA8CFC002B40F0C380B44500F29B80EC
:107F50000DF12008BCF1000F40D0CDF81CA0002688
:107F6000DDF814A005950DF12008654600E0D34624
:107F70002189B7FBF1F201FB127292B26368B3FB85
:107F8000F1F3216802FB03F304331944404651F82E
:107F9000042C009200234A46F7F700FD5A460023BE
:107FA0000D214046F9F7C2F9B4F808C0B7FBFCF25E
:107FB0000CFB127292B26368B3FBFCF302FB03F397
:107FC0002268384642F80390012100F0E3FA0136B6
:107FD000AE420746CBD1DDF81CA0059D2089B7FB3A
:107FE000F0F100FB117189B26368B3FBF0F301FBA0
:107FF00003F32168043319444A4651F8040C0090F5
:1080000000234046F7F7CAFC4046DDF818800223FB
:108010001FFA88F20D21F9F789F92689039B207B45
:10802000A5F108020AF10401B7FBF6F506FB157588
:108030000B44ADB2194604306368B3FBF6F305FB9D
:1080400003F325684044E850049DA2EB0A02284649
:10805000F7F7B6FC3D4922462846F7F787FCE7814B
:10806000012011B0BDE8F08F0121E08900F092FA03
:1080700021890546608A00F08DFA0146284600F005
:1080800091FA002845DD002011B0BDE8F08F21896C
:10809000608A059200F07EFA0146384600F082FAC6
:1080A0000028059AEFDC2689B7FBF6F506FB157567
:1080B000ADB263682468B3FBF6F305FB03F3DDE9B7
:1080C0000310E2500023CDF800A0F7F767FCC7E7E4
:1080D0000CF1010C1FFA8CFCB4450693D3D837E79A
:1080E00038460121079300F055FA21896268074656
:1080F000B0FBF1F001FB107080B2B2FBF1F122682D
:1081000000FB01F104315318039353F804AC079BAF
:1081100009E72189B5FBF1F201FB125292B26368C3
:10812000B3FBF1F32168049802FB03F30433227BD1
:108130001944424441F8042C237B00930023F7F7B1
:108140002DFCE5818CE70646CAE600BF697D010883
:10815000F8B504460F46008A01211D46164600F078
:1081600019FA28802289B0FBF2F302FB130080B2D7
:108170006368B3FBF2F3226800FB03F304331A4491
:108180003A6022892988B1FBF2F302FB131189B20C
:108190006368B3FBF2F303FB01F123685B583360C0
:1081A000E189288800F0FEF9002801DD0020F8BDF3
:1081B000237B32689A42F9D9618A208A00F0EEF96D
:1081C00023898342F2D02888E3892082984201D013
:1081D0000120F8BD012100F0DDF9E081F8E700BFE2
:1081E00070B50446018A408A15461E4600F0DAF949
:1081F000002807DB4FF0FF356FF00046C4E9065654
:10820000002070BD94F820304BB9012384F8203051
:108210000020643546F10006C4E9065670BDD4E975
:1082200006128D4276EB0202F2DB013384F8203035
:108230000120EEE7408A70472DE9F04190F8216077
:10824000002E34D00446884617461D460121288852
:1082500000F0A0F92880218A00F0A4F9002823DC8E
:1082600021892B88B3FBF1F201FB12339BB26268C8
:10827000B2FBF1F202FB03F3226804331A44C8F89C
:10828000002021892B88B3FBF1F201FB12339BB252
:108290006268B2FBF1F202FB03F32268D3583B6041
:1082A000227B9A42D2D003E0002384F821300026BA
:1082B0003046BDE8F08100BFF8B504460E461046D2
:1082C000012100F06BF9618A00F068F9C0B1054640
:1082D00000270121608A00F05DF9B4F808C0B0FB06
:1082E000FCF1D4E900230CFB110189B20137B3FB87
:1082F000FCF301FB03F3BD42217B6082D150E8D146
:10830000003E18BF0126002384F8216084F8203045
:10831000F8BD00BF08B5018A408A00F043F9B0FA01
:1083200080F0400908BD00BF0189C1B130B500220D
:1083300043680568047BB3FBF1FE104693B2B3FBC0
:10834000F1FC01FB1C339BB20EFB03F30132EB5833
:108350009C4204BF013080B29142EFD130BD08464B
:10836000704700BF30B595B0CDE90421189D8DF858
:108370001C300022002D14BF0121114604468DF847
:108380001D208DF81E208DF8241021D02A686B68DE
:10839000CDF82620CDF82A30102208230021CDE97F
:1083A0000031204605990CABF8F736FD18B90446A4
:1083B000204615B030BD049906AA2046F8F766FE9F
:1083C00006A904460CA8FAF72FF9204615B030BDCF
:1083D0000822E2E710B594B0002301930592ADF8AE
:1083E0001C3001228DF81E30CDF82630CDF82A3011
:1083F00008238DF82420009310220CAB0446F8F7D4
:108400000BFD18B90446204614B010BD059906AA04
:108410002046F8F73BFE06A904460CA8FAF704F933
:10842000204614B010BD00BF2DE9F04395B0BDF853
:10843000787013B115B0BDE8F0830C461646D1E94B
:1084400001211D461C9B0493521A1D9B05938046D7
:108450000CA89DF87690F7F7B3FAD4E906120CA8A9
:10846000F7F784FAE369A3B1B9F1070F1D755DD081
:10847000B9F1080F2CD0B9F1060F13D0E3690BB195
:1084800001221A7531462046F7F7EAFA15B0BDE821
:10849000F083B9F1070F49D0B9F1080F18D0B9F13D
:1084A000060FEFD1D8F88850002DE7D00CABCDE9FE
:1084B000003606238DF81630D8F88C3002933A46F1
:1084C000DDE904314046A847012388F8B430D5E7F8
:1084D000D8F8A430002BD1D006A90CA8109DFAF72B
:1084E00069F90028CAD0DDE90D21109B521AED1A56
:1084F0000CA8F7F765FA3544D4E906120CA8F7F78B
:1085000035FAADB20CAB0093019508218DF8161029
:10851000D8F8A810029106ABD8F8A45005993A46AD
:108520004046A847012388F8B430A7E7D8F8AC3014
:108530002BB106A90CA8109DF9F72CFE18B9A36859
:108540003344A3609AE7DDE90D21109B521AED1A1E
:108550000CA8F7F735FA3544D4E906120CA8F7F75A
:1085600005FAADB20CAB00930195BDF818300721A8
:108570008DF81610D8F8B01002915BBA9BB2D8F8FB
:10858000AC5005993A464046A847012388F8B430D4
:10859000D5E700BF084480B2704700BF401A80B2E0
:1085A000704700BF884210D007D2091AB1F5004FBA
:1085B000B4BF4FF0FF3001207047411AB1F5004FB2
:1085C000CCBF4FF0FF30012070470020704700BF44
:1085D0000023417003708385704700BF2DE9F04F81
:1085E00090F801C017467E2285B080F83820ACF1A3
:1085F0007D02012ADDF838909DF83C50DDF840807E
:1086000004460E4640F24981032002214FF0050E38
:10861000042282468B4684F839C0A5F17D0CBCF15A
:10862000010F84F862B0214440F2FD805FFA89FABC
:1086300081F83850C9F3072CAAF17D01ACF17D0512
:10864000012984F86200EDB249D92118012D81F881
:1086500038A084F8622059D9A1180132D2B281F829
:1086600038C084F86220B9F1000F00F024814FF087
:10867000000BCC46D946DFF844A213F80900A0F15C
:108680007D0101291BD9292A4DD8A118013281F871
:108690003800D2B28BEA0000C0B284F8622009F13F
:1086A00001093AF81020CC4582EA1B2B5ED913F859
:1086B000090094F86220A0F17D010129E3D8511C42
:1086C000C9B229292FD8A1184FF07D05023281F8AF
:1086D000385080F02005D2B281F83950DAE72118FD
:1086E000821C8AF0200AD2B24FF07D0E012D81F853
:1086F00039A081F838E084F8622007D92244C11CEF
:1087000082F838C0CAB284F86220B0E7A1180232F9
:108710008CF0200CD2B27D2081F839C081F838006D
:1087200084F86220A3E7CDE900B900259946E34625
:1087300000E090B105F13801521B43462144384610
:10874000B04794F8622005449542F2D34B46DC468C
:10875000DDF80490DDF800B003D0002005B0BDE8DE
:10876000F08F0022CC4584F86220A0D8E1465FFA61
:108770008BF34FEA1B2C8DF80C308DF80DC04FF0A9
:10878000000B0DF1100A1AF8041C94F86220A1F1F4
:108790007D03012B17D9292A68D8A3180132D2B238
:1087A00083F8381084F86220BBF1000F1FD19DF8C8
:1087B0000D1094F86220A1F17D03012B0DF1110A37
:1087C0004FF0010BE7D8531CDBB2292B4ED8A3186E
:1087D00081F02001023283F83910D2B24FF07D01CE
:1087E00083F8381084F86220BBF1000FDFD094F8D2
:1087F00062209AB1002501E00028AED005F13801D1
:10880000521B434621443846B04794F86220054441
:108810009542F1D3A1D1002384F862301FFA89F088
:1088200005B0BDE8F08F04EB0A004FF07D0B5FFA56
:1088300089FA81F838B085F02005C9F3072CAAF130
:108840007D0180F838500129ACF17D0584F8622063
:10885000EDB210467FF643AF21187246012D81F824
:1088600038A084F862203FF6F7AE4FE7002502E01B
:1088700000283FF472AF05F13801521B43462144F2
:108880003846B04794F8622005449542F0D37FF40F
:1088900064AF002384F8623075E78CF0200C80F818
:1088A0003AC0032104204FF0060E052282468B4673
:1088B0004FF07D0CAFE6CC464B465CE7D0FA0108A2
:1088C0002DE9F04F044683B01F46DDF834B08946E9
:1088D0009246F8F771FD94F82C3094F82D60B3426D
:1088E000804662D01CD8751EED1AEDB200265D459B
:1088F0001FD8AB195B4584BFABEB050B5FFA8BF65A
:10890000E5B94FF0000BF8F757FD3B68A0EB080105
:108910005B1A584623EAE3733B6003B0BDE8F08F6F
:10892000002E4AD0C3F12A03DDB2013E5D45F6B206
:10893000DFD95FFA8BF50026002DE2D094F82C10D9
:1089400002310C9B00933B6821442A465046C8479D
:1089500094F82C301B4A034459088346A2FB0101BA
:1089600089082A2202FB113184F82C10BBF1000F78
:10897000C7D0AB45C7D1002EC5D00C9B00930231A8
:108980003246214400235046C84794F82C300D4A03
:1089900003445908A2FB012189082A2202FB113352
:1089A00000EB050B84F82C30ADE70026BBF1280F57
:1089B000A685BED929250221C3E7C3F12903DDB26B
:1089C00095E700BF310CC3302DE9F04F1D4690F8FC
:1089D0002CC090F82D3085B09C45DDF844B004469D
:1089E0000F46164600F0A18100203946002838D1F4
:1089F0008A462378072BFDD8DFE813F03B011601E8
:108A0000F000CD00A0005A003700080094F82C00B8
:108A100094F82D20904200F06F81A318571CCA498A
:108A200093F802C07B08A1FB03839B084FF02A0840
:108A300008FB1373BCF17D0FDFB200F0A981BCF11C
:108A40007E0F84F82D7000F015826146A38EE28EB1
:108A500003EB01239BB200219A42A386217000F010
:108A60008F81002005B0BDE8F08F94F82C7094F849
:108A70002D20974200F03081A31802F1010CB24979
:108A800098784FEA5C03A1FB03839B084FF02A0808
:108A900008FB13C37D285FFA83FC00F08B817E28DE
:108AA00084F82DC000F0F5810723A0862370A0E78D
:108AB000638E278E9F4240F25B81DFF88C92CDF867
:108AC0000CA02A211FE09AF802E0BEF17D0F00F011
:108AD000EC80BEF17E0F84F82DC000F0398105F8DE
:108AE00003E0E08E638E994F80EA0E02D2B201332A
:108AF00037F81220278E9BB282EA1022BB4263868F
:108B0000E28680F0D88194F82D0094F82C8000F152
:108B1000010C4FEA5C0EA9FB0EE2920801FB12C2A7
:108B2000804504EB000A5FFA82FCCCD19F42DDF85D
:108B30000CA040F01F81062323705AE794F82C7094
:108B400094F82D20974200F0D780A31802F1010C71
:108B50007D4998784FEA5C03A1FB03839B084FF0A3
:108B60002A0808FB13C37D285FFA83FC00F03481D8
:108B70007E2884F82DC000F07D81238E0E9903EBB2
:108B800000239BB200228B4223866286E28640F25B
:108B9000EC80227065E794F82C7094F82D209742B1
:108BA00000F09A80A31802F1010C674998784FEA07
:108BB0005C03A1FB03839B084FF02A0808FB13C347
:108BC0007D285FFA83FC00F030817E2884F82DC078
:108BD00000F05F810423208623700AE794F82C704C
:108BE00094F82D20974200F0BB80A31802F1010CED
:108BF000554998784FEA5C03A1FB03839B084FF02B
:108C00002A0808FB13C37D285FFA83FC00F020814B
:108C10007E2884F82DC000F04A81637883420CBF1F
:108C2000032300232370E4E694F82C0094F82D200D
:108C30000023904284F82E3063D0A31802F1010C77
:108C400041499F784FEA5C03A1FB03839B084FF0E7
:108C50002A0808FB13C37D2F5FFA83FC00F0CE8047
:108C60007E2F84F82DC084F82E704AD00223237002
:108C7000BFE694F82C8094F82D2033494FF02A0C4D
:108C8000501C4308A1FB03E39B080CFB1300904519
:108C900004EB0207C2B23FF4E4AEBB7884F82D20A7
:108CA0007E2BEDD101232370A3E602304FEA500E54
:108CB00004EB020AA9FB0EE29208C44501FB120074
:108CC0003FF434AF9AF802E084F82D00BEF17E0F35
:108CD0003ED08EF0200E02E75146CDF800B00223C0
:108CE0000193109B039132462046FFF7E9FDB0FA4D
:108CF00080F00399400979E65146CDF800B0012390
:108D0000EEE704230193CDF800B0109B32465146A4
:108D10002046FFF7D5FD00287FF46BAE94F82E00B7
:108D20007E38514618BF012060E605230193CDF837
:108D300000B0109BFFF7C4FD94F82C2094F82D3060
:108D40009A423FF48EAE4FE6310CC330D0FA0108A0
:108D50009F42DDF80CA03FF4EEAE0123237048E6FD
:108D60005146CDF800B00323BAE70523237040E64F
:108D70003FF4E1AEFB1A0233CDE900B35146B0E750
:108D80000F9A94F82E301370208E05B0BDE8F08F46
:108D9000B842B1D02344023298785308A1FB03E3D0
:108DA0009B0808FB13227E2884F82D2062D080F0D7
:108DB00020014BE6BC458FD02344023298785308FB
:108DC000A1FB03E39B0808FB13227E2884F82D20D7
:108DD0005FD080F0200067E6BC458DD0234402328E
:108DE00098785308A1FB03E39B0808FB13227E2815
:108DF00084F82D203ED080F02000BEE6604580D073
:108E000023440232987884F82E005308A1FB03E330
:108E10009B0808FB13227E2884F82D203FF471AFB5
:108E200080F0200084F82E0020E767453FF454AF1F
:108E30002344023298785308A1FB03E39B0808FB04
:108E400013227E2884F82D2023D080F02000C1E654
:108E5000674585D02344023298785308A1FB03E389
:108E60009B0808FB13227E2884F82D201FD080F059
:108E70002000D2E60127109BCDF800B001973246C2
:108E800051462046FFF71CFD00287FF4B2AD277045
:108E9000AFE5CDF800B0022301933246109B514656
:108EA0002046FFF70DFD00287FF4A3ADFAE6CDF8CC
:108EB00000B00323F0E7DDF80CA03FF43CAEBEF1B8
:108EC0007E0F7FF457AF0123237092E530B583B056
:108ED00000230193C0B1044601A91848FCF73EFBEA
:108EE00010B1012003B030BD019D2B7823B90323BD
:108EF0002370002003B030BD11492846E8F76CF814
:108F000028B901232370F4E70B2003B030BD0D49CD
:108F10002846E8F761F868B10B492846E8F75CF89D
:108F20000028E4D009492846E8F756F810B9042388
:108F30002370DEE702232370DBE700BF28F6010879
:108F400048F601084CF6010858F6010860F60108D9
:108F500004289ABF024B53F820000020704700BF3E
:108F6000D0FC01082DE9F0478CB0002304930028C1
:108F70004ED00D4600294BD0044604A92D48FCF7DD
:108F8000EDFA18B101200CB0BDE8F087049B002B6E
:108F9000F8D005AF384600F07FFC05F108030397D1
:108FA00093E807008DE80700049895E80C003B2142
:108FB00000F0C0FB0028E5D105992A46204600F0C4
:108FC000C5FC064690BBDDF81490B9F1000F26D021
:108FD000DDF818A080465AF826502846E8F70EF823
:108FE000FF2829464FEA062516D860684FF480729C
:108FF00000EB062004F0DCFC6368DDF81490013619
:109000002B444E4583F8FF8009D2DDF818A0E2E733
:109010000B200CB0BDE8F08701364E45DBD3384657
:1090200000F06CFC003818BF0120ACE7F9F7B8FC81
:10903000A9E700BF70F6010810B582B000230093C5
:1090400000B3044669461348FCF788FA024610B19B
:10905000012002B010BD009808B1037813B90020B8
:1090600002B010BD01A9019200F016FF034660B1E5
:10907000421C05D1ECF776FD074A1258222AE7D0A8
:109080002360ECE70B2002B010BD019A1278002A91
:10909000F6D0DDE750F70108140000002DE9F04F8D
:1090A0008BB00693002800F0AC800E46002900F03B
:1090B000A8801746002A00F0A480002B00F0A180B1
:1090C000199B002B00F09D80002209A9804600F02A
:1090D0003FFA0546002840F09580099B002B40F0A0
:1090E0009980024609A93046FCF79EFE002840F010
:1090F0008D80099A002A40F0928009A93846FCF731
:1091000075FE002840F08280099D002D40F0F1801E
:109110007B21404604F02DFC98F800302F2B0446AC
:1091200000F09E807E2B40F0A2803846E7F766FF75
:1091300001280CBF834B844B0293189B0093CDE90D
:10914000037608F1010305934FF40063019314AB18
:109150000FCBFCF71BFA8246002800F0DD80002CC4
:1091600000F0A1807B2104F004FCD1460446079561
:109170004D46002C00F0B4807D21284604F0F9FB18
:10918000A0EB040909F1010B70485A46214604F08E
:10919000FDFB002869D06E485A46214604F0F6FBD4
:1091A00030B16C485A46214604F0F0FB002838D113
:1091B000B94616AB93E807008DE8070014AB2046CC
:1091C0000CCB5946FCF73AFB0446002800F093808C
:1091D0004A46284614AB2146FCF712FA159B18990B
:1091E000054620469847159B189950469847002DEC
:1091F00000F08B807B21284604F0BBFBAA46044686
:10920000B7E70B2528460BB0BDE8F08FF9F7C8FB90
:109210000546F7E7672528460BB0BDE8F08FC9255E
:10922000F0E709F1FF320698611CFCF72BFC814640
:109230000028BED1199A16AB106093E807008DE89C
:10924000070014AB0CCB59462046FCF7F7FA159BE8
:1092500018999847159B1899504698476925D1E762
:1092600000285DD0C146AA4681E7B146A1E70028A3
:10927000F8D13846E7F7C2FE012861D0364A189B7C
:109280000093CDE903784FF400610191029214AB91
:109290000FCBFCF77BF982465346002B3CD0199B41
:1092A000C3F800A0AEE79AF800302F2BF7D038466D
:1092B000E7F7A4FE01282DD0274A189B0093CDE99B
:1092C000037A4FF400610191029214AB0FCBFCF7CB
:1092D0005DF9159B1899044650469847A246DBE76E
:1092E0005346079D002BDED198F800302F2BD6D0A7
:1092F000BFE7CA2586E7199B1860F3F7FDFC159BAD
:109300001899504698470A257CE7199B1D60F3F78A
:10931000F3FCF8E7114AD0E7199A00231360F2E74B
:1093200017AB93E803008DE8030014AB0ECB404667
:10933000FCF74EFA199B186000287FF463AFE6E74C
:10934000064A9CE7FCEF010860F7010868F701088E
:1093500070F7010878F70108D0F201080CF0010855
:1093600000280CBF0B200020704700BF034A0346B3
:1093700092E8030083E8030018467047E4FC010804
:1093800082B0F0B587B00CAC84E80C00A6460D4660
:109390000446BEE80F000DF1040CACE80F00DEF847
:1093A0000030CCF8003001A8F3F77CFC38B334B3BC
:1093B0006668EEB91DB32846F9F70CFB08B3019BAC
:1093C00005991C2098470746606010B3286828302C
:1093D00000F008FC386060680568A5B101230371DE
:1093E00001AD0FCD646808340FC42B68236000E022
:1093F0006426304607B0BDE8F04002B070470B2647
:10940000F7E76526F5E7029B059998470126656011
:10941000EFE70A26EDE700BF82B0F0B589B00DF1A5
:10942000380C04464CF8043F0E461546BCE80F00C5
:109430000DF10C0EAEE80F00DCF80030CEF8003075
:1094400003A8F3F72FFC40B33CB36768FFB925B31B
:109450002846F9F7BFFA30B3039B07991C209847B9
:10946000606000282ED006B3066063681F710DF19E
:109470000C0CBCE80F00646808340FC4DCF8003042
:109480002360002009B0BDE8F04002B070476420BE
:1094900009B0BDE8F04002B070470B2009B0BDE84C
:1094A000F04002B070476520F2E70190286828304C
:1094B00000F098FB019B18606068056825B10123E6
:1094C0000371D4E70A20E3E7049B0799984701203A
:1094D0006560DDE7F8B5D8B10446406858B1036867
:1094E000C668876953B1057955B93946B047002335
:1094F00063602846F8BD05462846F8BD1D46F4E7DA
:10950000184600F083FB051E18BF01256068ECE7D4
:109510000B252846F8BD00BF10B50446F3F7B4FB91
:10952000204610BD48B108B5436843B1186800F043
:1095300081FB003818BF012008BD0B2070470B20AD
:1095400008BD00BF10B1406800B10068704700BF9F
:10955000002800F082802DE9F84F0D46002900F028
:10956000838016460446E7F749FD80B12178704AAA
:10957000535C13F0040372D1471E14F807C0BCF10A
:109580002F0F0CD102232B6036B1376004E001238A
:109590002B600EB1002333600020BDE8F88F04F18A
:1095A000FF389A469E4618F8019FA9F12F0CBCF18E
:1095B0004F0F71D8DFE80CF0795A5A5A5A5A5A5A52
:1095C0005A5A5A707070707070705A5A5A5A5A5A61
:1095D0005A5A5A5A5A5A5A5A5A5A5A5A5A5A5A5AEB
:1095E0005A5A5A5A707070702E705A5A5A5A5A5A99
:1095F0005A5A5A5A5A5A5A5A5A5A5A5A5A5A5A5ACB
:109600005A5A5A5A28708981BAF1000F50D17346BC
:109610004FF0010A0EF1010E7045C4D1BAF1000FEE
:1096200061D17E2966D0012106E08E4504F1010456
:1096300001F1010354D9194657450AF1010AF4D042
:1096400023782F2BF1D16378D35C5B07EDD504230E
:109650002B60002EA0D031609EE70B2070470423C2
:109660002B60002E96D197E70B2096E712F809C0E1
:109670001CF0040FCED0BAF1000FCBD0BEF1000F1A
:10968000C8D00EF1FF3C6345C4D109232B60002EE6
:1096900082D0C6F800E07FE7BAF1000F0CBF0323C9
:1096A00008232B60002EF4D176E7BAF1000FB1D079
:1096B00008232B60002EECD16EE7BEF1000FA9D07D
:1096C00006232B60002EE4D166E7BAF1000F04D127
:1096D00005232B60002EDCD15EE74FF0000A99E7EE
:1096E00000232B6058E705222A60002E3FF454AF78
:1096F000336051E7534601210AE0012B12D08E4519
:1097000003F1010304F1010401F10100E8D901466C
:109710009F42F4D020782F28EFD16078105C40076A
:10972000EDD594E707222A60002EE1D134E700BF8F
:10973000BF1D020882B02DE9F04F8BB014AC199F09
:1097400084E80C00002F00F094800646002871D0B9
:109750000478002C6ED00D46E7F750FC3318641BDC
:1097600013F8013C8146B4FA84F46409AB4208BFA3
:10977000A9F101094C456DD2331906EB090001210D
:1097800013F8012B954208BF01318342F8D114AA86
:10979000384600F091F800283FD18046A24602E00A
:1097A0000134A14522D9325DAA42F9D1A245A4EBE8
:1097B0000A0B37D07A68149B189901920BF10200BA
:1097C0009847019A42F828007A6852F8280006EB78
:1097D0000A030BF10101002851D02E4A00F032FBA0
:1097E00008F101080134A145A246DCD8A24538D0D1
:1097F000A4EB0A04149B18997D68A01C984745F8AF
:1098000028007B6853F8280000283AD0214A06EB4C
:109810000A03611C00F016FB00200BB0BDE8F04FFE
:1098200002B070473B687A68013B00213B6042F818
:109830002310D7E702A802AC00F02EF80FCC0FC718
:1098400094E8070087E8070000200BB0BDE8F04F60
:1098500002B0704714AA0121384600F02DF8002804
:10986000DBD1D7E90032013B00213B6042F82310F5
:10987000EAE70B200BB0BDE8F04F02B07047C7F825
:109880000080384600F03AF808B90A20C5E7F3F737
:1098900033FAFAE700F0010810B5064C8646844614
:1098A0000FCCACE80F0094E807008CE80700704686
:1098B00010BD00BFECFC0108DAB170B50546D0B1AF
:1098C00001600E4614460421D2E90332304698471F
:1098D000686050B1A446BCE80F0005F108040FC44D
:1098E000DCF800302360002070BD002EF2D00A208A
:1098F00070BD0B2070470B2070BD00BF18B370B552
:1099000043680446DBB10830F3F7CCF9C8B12368EB
:1099100073B100252E466268E36852F82500A169FC
:109920009847636843F8256023680135AB42F2D855
:10993000E368A169606898470023C4E90033002008
:1099400070BD0B2070BD0B20704700BF28B370B5F1
:10995000044610460E461546F3F7A4F9D8B1A3689D
:10996000CBB96368BBB923780BB90223237086B1E6
:10997000D5E903324FF4807130469847606070B18A
:10998000A660AC46BCE80F000C340FC4DCF8003015
:109990002360002070BD0B2070BD0B2070470A2093
:1099A00070BD00BFE0B170B5164682B0AAB10546E1
:1099B00008460C46F3F776F978B104F10C0393E806
:1099C00003008DE80300284694E80E00FBF700FF33
:1099D00040B13060002002B070BD0B2002B070BDFD
:1099E0000B2070470A20F6E770B138B505460846E7
:1099F0000C46F3F757F928B1284663682169984760
:109A0000002038BD0B2038BD0B20704700220270AB
:109A10004260704782B002B0704700BF2DE9F0414C
:109A2000224A94B012681A9DBDF86C60CDE91231DB
:109A3000002A38D0BDF84C109DF84E0001E0526865
:109A40008AB39468A38A8B42F9D1A37D8342F6D16D
:109A5000482204F13001684603F056FF04F1280360
:109A60000CCB2046F3F760FD0746E0B1D0F8088044
:109A70003246284608F11001FDF75AFD30B90C486E
:109A8000394614B0BDE8F041FCF736BAC8F81448BE
:109A9000C8F81068F3F758FB052308F5026242E99D
:109AA000020188F8203814B0BDE8F081807D0020E4
:109AB000607C00202DE9F041234894B000681A9F93
:109AC000BDF86C60139100283AD01D4601E0406853
:109AD000B0B38468218B9142F9D1482204F1280166
:109AE000684603F011FF04F120030CCB2046F3F786
:109AF0001BFD804620B33846D8F80870324607F17F
:109B00001001FDF715FD30B91048414614B0BDE80D
:109B1000F041FCF7F1B9C7F81448C7F810680FCD49
:109B200007F628040FC495E8030084E80300F3F760
:109B30000BFB032307F5026242E9020187F8203894
:109B400014B0BDE8F08100BF707D0020607C002073
:109B50002DE9F041214894B000681A9FBDF86C606F
:109B60001391B8B31D4601E0406898B38468218B17
:109B70009142F9D1482204F12801684603F0C4FE5D
:109B800004F120030CCB2046F3F7CEFC804608B34B
:109B90003846D8F80870324607F11001FDF7C8FCC6
:109BA00030B90F48414614B0BDE8F041FCF7A4B904
:109BB0000022C7F82C28C7F81448C7F81068C7F85F
:109BC0002858F3F7C1FA042307F5026242E90201BB
:109BD00087F8203814B0BDE8F08100BF607D002018
:109BE000607C002038B505460748FCF775F948B198
:109BF000846800232374E561FCF7F6F9C4E90504E1
:109C000004F1140038BD00BF3C7B002008B5084BB0
:109C1000196811B90AE0496841B18B681433984258
:109C2000F9D10348FCF768F9002008BD012008BD00
:109C30003C7B002060B110B504460068F3F7E2FDFC
:109C400008B9012010BD636801221A74002010BDFC
:109C50000120704770B5EBF785FF094C094A23587E
:109C6000094905195A436E6801FB0622A3FB01311D
:109C7000013342EB010223506A6022F0004070BDC4
:109C8000080000002DF451582D7F954C00B5014679
:109C9000EBF768FF034BC2181950002353605DF8BF
:109CA00004FB00BF08000000F8B5504A0D46002331
:109CB000D0E90001E7F726F9002AAEBF4C4B4D4B27
:109CC00002F5A8320446B8BF02F5C072E41841F1AB
:109CD00000064FF46161B2FBF1F301FB13223C215A
:109CE000E01CAB60B2FBF1F301FB13226B602A6056
:109CF00046F1000107220023E7F704F9002A55DAAC
:109D00000732AA613C483D4A20184FF0000366F133
:109D10000001E7F7F7F8394B03FB104448F6AC6154
:109D2000B4FBF1F1214440F2B457B4FBF7F3C91A84
:109D3000334BB4FBF3F3C91A48F69463B1FBF3F366
:109D4000234440F26D16B1FBF6F2B1FBF7F15B1A5A
:109D500006FB1233992103EB830402345E1CB4FB2F
:109D6000F1F7794302314FF0050CB1FBFCF1761AA3
:109D700040F2F9518C428CBF6FF0090102214FF47F
:109D8000C874394404FB0020012998BF0130B3F5A1
:109D9000997F13D3A3F59973EB61A0F26C70002344
:109DA000C5E90410EE602B622846F8BD002EAA61BA
:109DB000A8DB124A002320463146AAE7970710D1B4
:109DC0004FF0640C92FBFCF70CFB17275FB992FB7A
:109DD000F4F704FB1722B2FA82F252093B33134420
:109DE000DAE70022FAE70122F8E700BF805101001C
:109DF0006CFA0A006BFA0A0050C5FDFFB13A020086
:109E0000B03A0200F8B50E4B1D68AB789B070646CA
:109E100012D56F6816F8014B29462CB90A20B847AD
:109E2000002805DB204609E02046B8470028F1DA83
:109E3000AB7843F00403AB704FF0FF30F8BD00BFC8
:109E40003CEA01080CB430B58BB004460D46202224
:109E5000002102A803F066FD02238DF80A30002DD0
:109E60000C4B0393069412DB01D06B1E1C440FAA0B
:109E70000E99079402A8019200F074F815B1069BA0
:109E800000221A700BB0BDE8304002B070470024C9
:109E9000EDE700BF09DB0108242AF0B5044601D82C
:109EA000012A40D1EBF75EFE2D4B16221A5001B16C
:109EB0000C600020F0BD2F463D4615F8010B202810
:109EC000F9D0A0F10906042E0346F4D92B282CD092
:109ED0002D282CD101262B78BD1C302B2DD1287894
:109EE00040F02000782824D132F0100021D16B7886
:109EF0002C46102202350020392B82BF03F1FF339C
:109F000043F02003263B303B9A421AD9A0FB0204BF
:109F10000CB9C01801D346F002062F462C4617F89C
:109F2000013B3D46E8E70746C6E70026D3E70026A3
:109F3000D3E7002A08BF0822DDE7002A08BF0A226B
:109F4000D9E701B10C60F20748BF4042B307B1D571
:109F5000EBF708FE024B22221A504FF0FF30A9E720
:109F6000140000002DE9F04F8BB043680093837814
:109F70009C078046924640F1F98000250878002829
:109F800000F0F68025280AD04B1C0193013541468C
:109F9000009B98470028C0F2E3800199EEE74E78D5
:109FA0008B1C252E0193F1D00027B9463C460A228E
:109FB0001F2C22D8A6F12003102B20D8DFE803F0B5
:109FC000141F1F1A1F1F1F0B1F1F1F121F171F1FDA
:109FD000090044F00104019B13F8016B0193002E6A
:109FE000E6D13AE044F0020444F00404F3E744F01C
:109FF0000804F0E744F01004EDE77F2C24D8A6F124
:10A000003003092B08D860064EBF02FB073702FB5E
:10A01000093944F02004DEE72A2E0DD161065AF8F2
:10A02000043B53D4002BA7BF44F020049946C3F14E
:10A03000000944F02804CEE72E2E05D1630600F176
:10A04000978044F04004C6E76C2E2ED028D8682EA6
:10A0500032D06A2E37D04C2E35D0002F46F0200358
:10A06000B8BF24F04004A3F16502BCBFA4B200272E
:10A07000022A01D9612B2BD10AF1070A2AF0070A1B
:10A080009C4E0AF1080A0727210760D506EB070B4B
:10A0900034465C455DD1AE1BA219A9EB070959E115
:10A0A000742E98D07A2E96D0D7E7260648BF44F46F
:10A0B000007444F080048EE7E00548BF44F4007467
:10A0C00044F4807487E744F4207484E71F4682E7F1
:10A0D000A6F16302122A00F2D880DFE812F0130022
:10A0E0004D00D600D600D600D6004D00D600D600D2
:10A0F000D600D600D600E800D100D600D6001A005F
:10A10000D600A0005AF8043B8DF81030012704AEA9
:10A11000BAE75AF8046B784B002E08BF1E4614F0BD
:10A12000400F14BF39464FF0FF31304603F053FC67
:10A130000746A9E7009B41462020984700280FDBEF
:10A14000013CA742F6D34D442D1BA1469EE74C4649
:10A15000F7E714F8010B009B41469847002898DA6E
:10A1600098F8023043F0040388F802304FF0FF35CE
:10A1700028460BB0BDE8F08F220630D5A3052AD5BE
:10A180000AF1070A2AF007039A4659685AF8080B99
:10A1900024F0100B00291FFA8BFB2FDA404261EBF1
:10A1A00041014BF4806B04AC0A23224603F055FCBA
:10A1B0001BF0400FA0EB040200F08E802BF0010496
:10A1C0009742A4B240F38F80002E40F08E802BF097
:10A1D0001104A4B21DE05AF8040BC117D8E7E0053A
:10A1E0005AF8041B01D40846F7E7A2054BBF48B252
:10A1F00008B241F3C01141F3C031C9E750EA01038D
:10A20000D1D16306CFD5002FCDD124F01104A4B253
:10A210003A463B4640F206410C4262D124E024F02B
:10A220001004A4B20A2314F0800243D014F4007185
:10A230001FBF0AF1070A2AF007029246516814BFAD
:10A240005AF8080B5AF8040B50EA01023ED124F0E8
:10A25000160B62061FFA8BFB3CD5002F3AD124F077
:10A260001704A4B23A463B4621075AD4E10705D564
:10A27000994572DDA9EB03039F184B469B464AE0C4
:10A2800044F0100410237826CDE7782B04D1C6F1D2
:10A29000780343F01003C6E7009B4146252098470A
:10A2A0000028FFF65DAF02354146304670E60823D0
:10A2B0000026B8E714F480715AF8040BC4D014F4E3
:10A2C00000711ABFC0B2114680B2BDE724F0060487
:10A2D0001FFA84FB04AC68E713465C46E10699D597
:10A2E0002EB90133C0E71346F8E73B46F6E70233E1
:10A2F000BAE700BFD11C0208CA1C0208CDE902322D
:10A300004146009B202098470028FFF629AFDDE951
:10A3100002320BF1010BD945F0DCEB1A03EB0B0514
:10A320005B46E10627D5CDE902324146009B30204D
:10A3300098470028FFF614AFDDE902327EB90135F7
:10A340002F44791B8A4229DB144604AE9CBB2A4465
:10A35000A9EB03091546914442E017468EE7CDE983
:10A360000232023541463046009B98470028DDE91D
:10A370000232E5DAF4E640F206410C42E0D014F095
:10A38000020F14BF2B20202014F4806FCDE902327D
:10A3900005F10105414618BF2D20E5E7CDE9023260
:10A3A0004146009B302098470028DDE9023205F144
:10A3B0000105C6DAD4E6013CCDE90232305D009BEE
:10A3C000414698470028DDE90232BFDAC8E6009B23
:10A3D000414620209847002805F10105FFF6C0AE50
:10A3E000A9EB0503002BF2DCD7E500BFF0B589B07F
:10A3F00004460D4616460021202268461F4603F0FB
:10A4000091FA02238DF80230002D0A4B0193049437
:10A410000EDB01D06B1E1C443A463146684605945B
:10A42000FFF7A0FD15B1049B00221A7009B0F0BD22
:10A430000024F1E709DB010838B5044C044DAC42B7
:10A4400000D138BD54F8043D9847F8E700000000FB
:10A4500000000000704783685B69184783685B6889
:10A46000184702F0F8BE00F0D9BE83681B680BB134
:10A4700000211847704783689B680BB1002218477A
:10A4800070470A4683682F211B69184783684C214F
:10A49000DB68184700EBC100408840087047F8B5FA
:10A4A0000346FFF7F7FFB0FA80F0C0F11F0003EB9F
:10A4B000800CCA00DCF81060171D0C4606328DB205
:10A4C00056B9012101FA00F0D9680143D960CCF8EE
:10A4D0001040DD539D52F8BDF1000431585AD85355
:10A4E00003EBC0009E52C5805D52F4E710B500EB4F
:10A4F000C104E3888B4202F104010AD1012303FA6B
:10A5000002F2C36823EA0203C360002340F821304B
:10A5100010BDA28840F8213000EBC20100EBC3005F
:10A52000CB808280F4E708B50346FFF7B3FFB0FAAB
:10A5300080F2C2F11F021846BDE80840FFF7D6BFFF
:10A540002DE9F843B1FA81F3C3F11F0200EB820950
:10A550000646D9F810700D4687B9C3F120034FF0B5
:10A56000FF349C40F3681C4014D094FAA4F2B2FA71
:10A5700082F2131D56F82340214608E03C464FF076
:10A58000030821463046FFF785FF854205D830464F
:10A59000FFF7ACFF2046BDE8F88306EBC404B8F132
:10A5A0000108E488C9F81040D7D0BC42E9D1D4E70B
:10A5B00038B50446FFF76EFF0D46034611462046A8
:10A5C000FFF768FF03449BB204EBC5055A006A809D
:10A5D0002046FFF75FFF014424F8313038BD70B5E5
:10A5E0000446FFF757FF0B4604EBC305511A9B1AAD
:10A5F00089B203444E009BB204EBC2006E805D0042
:10A60000458024F8321020461146FFF743FF0144ED
:10A6100024F8313070BD08B500680B1F191AC9083D
:10A62000FFF738FF03F00703C3EBC000043808BD91
:10A6300070B509B9002070BD056801F007030B3340
:10A64000CC0804EBD304AB689C4228BF1C462146CF
:10A650002846FFF775FF06460028EBD0014628463E
:10A66000FFF718FFA04207D932192846FFF7B7FFB6
:10A6700011462846FFF713FF05EBC6021046538824
:10A6800043F0010353800430D5E72DE9F843144625
:10A690004A4202EA010931EA020203460BD04A4665
:10A6A000042A4F4628BF0422A1EB09096CB90025F2
:10A6B0002846BDE8F883042904D82146BDE8F843BC
:10A6C000FFF7B6BF00270422F0E71E68A9EB0202DD
:10A6D00004F0070302F007010B330B44E10801EB20
:10A6E000D20101EBD301B368994228BF1946304625
:10A6F000FFF726FF80460028D9D03D1D05EBC00599
:10A7000009F1FF3335441D44B5FBF9F509FB05F5A7
:10A71000ED1B2C442B1F07349B1B24F00704A41BA8
:10A72000B0EBD30F4FEAD3074FEAE40408D2014657
:10A730003A463046FFF753FF41463046FFF7AFFE3B
:10A7400039463046FFF7A6FE3844844207D23046E9
:10A750002246FFF744FF21463046FFF7A0FE06EBF6
:10A76000C706738843F001037380A1E7F8B5064676
:10A7700017461D460C4629B91A463946BDE8F84029
:10A78000FFF783BF23B9E7F7EBFF2C462046F8BD60
:10A790005AB1531E194208D039462A463046FFF7AF
:10A7A00074FF074648B93C46F0E730682A46214620
:10A7B000E7F718FF0028EFD0E8E721463046FFF71B
:10A7C0002AFF85422A46214628BF0246384603F022
:10A7D0009BF821463046E7F7C3FFE4E7043A2DE94A
:10A7E000F843CC1D114424F0070421F00706A6EB22
:10A7F00004084FEAD807B7FA87F2C2F12405AD0082
:10A800004FF000090735C2F12002ED080460494607
:10A81000A760C4F80C90920004F1100003F082F8D5
:10A82000AAB2530043F0010363807B1B9BB204EB8D
:10A83000C5015800A4F80090488024F83520A6F8F7
:10A84000029024F8083004EBC70329465A8842F0E6
:10A8500001025A802046BDE8F843FFF720BE2DE9EB
:10A86000F04706460D46174698462BB398F8004029
:10A8700093F80190DB78A40004EB430498F80230CD
:10A880001C4444444FF0000ACA4509D3D8F80420B8
:10A8900008F1080339463046AC46BDE8F04760474A
:10A8A00014F8013B48F823402046E6F7A7FB0130A7
:10A8B00004440AF1010AE7E76FF01500BDE8F087EC
:10A8C00030B502460024002012F8013B43B178B1B4
:10A8D0008C4207D1702B04D0A3F140053A2D07D844
:10A8E000002030BDA3F140053A2D01D80134EAE73C
:10A8F000252B08BF80F00100E6E7F0B4D0E9003274
:10A90000002AD1E9005416DA002C08DA5F424FF031
:10A91000004666EB0206BD4274EB06061ADB5B19C5
:10A9200042EB0402C0E9003283688A681344836002
:10A93000F0BCE8F723BC53EA0206F0D0012D74F115
:10A940000006ECDBDE43AE426FF00046A6EB0206EB
:10A95000A641E3E70020F0BC7047012803D004289B
:10A9600018BF6FF015007047002070470FB407B58F
:10A9700004A951F8040B019100F0CDFB03B05DF880
:10A9800004EB04B0704708B5EFF77EFF002008BD68
:10A9900008B5EFF7B3FF10F10B0F05D010F1100F52
:10A9A00008BF6FF0730008BD6FF07300FBE710B5D0
:10A9B0000369024613F0080009D11368D4689C4269
:10A9C00097BF526AE31AD31A01200B6010BD00230F
:10A9D0001846FAE713B501A90446FFF7E8FF20B1CE
:10A9E000019BE268013B13440193606A019BC01A1A
:10A9F000013802B010BD10B5044650182269636AD0
:10AA0000D20702D5013B184010BD984228BFC01A9A
:10AA1000FAE710B504460A46C168FFF7ECFF236960
:10AA2000E06023F00803236110BD38B50D46026ACB
:10AA30008B00016843F0020342F8213004460168AC
:10AA40002A46FFF7D8FFE36861682060984202BF9A
:10AA5000236943F0080323612A462046FFF7CBFF12
:10AA6000606038BD2DE9F74FD0F80CB0066A00924F
:10AA700016F82B2002F00302022A08BF56F82B20FA
:10AA80009A4606EB8B030F4601934FF00001009BA3
:10AA90000CBFC2F39D09894619600446CAF800102C
:10AAA000B9F1000F07D04946FFF7B3FFE368A36091
:10AAB0004FF0010804E001698A0705D44FF000084F
:10AAC000404603B0BDE8F08FC16906EB8B008847B4
:10AAD00016F82B1011F001080546EFD08B071DD595
:10AAE0001FB139462046FFF7A0FF61682A4620467D
:10AAF000FFF781FFD4E902138B42606007D12A4639
:10AB00002046FFF778FF4FF000080146A060236958
:10AB1000216043F00803E1602361D1E7014620464C
:10AB2000FFF777FFE168A1601FB12068216A41F853
:10AB30002090EA19CAF8002021682046FFF75BFF41
:10AB40002269206042F00802226116F82B2022F0D0
:10AB5000010206F82B20DDE900321A60A8E770B583
:10AB600004461546FFF747FF2368834205D1236952
:10AB7000216023F00803236170BD226AAB0043F01B
:10AB8000020342F82130204661682A46FFF733FF6E
:10AB90006060F1E738B503695B07044606D5856A4E
:10ABA000FFF718FF85422CBFA562A06238BD38B5FB
:10ABB0000D4604462022002102F0B4FEEB68E3615A
:10ABC000AB68A3612B6823626B6863620022A26298
:10ABD0002A6923B1591E194208BF42F001022261BD
:10ABE000012204F12C000021BDE8384002F0AABB8C
:10ABF0002DE9F04F9846436A87B000258B42044602
:10AC00000E46934603950595AA4638D3EFF311896E
:10AC1000102383F31288BFF36F8F059A2AB1294658
:10AC20002046FFF79CFF0023059304A92046FFF769
:10AC3000BEFE0499B14207462AD32268236A13F85C
:10AC4000221021F0030103F8221003EB820A21688D
:10AC500032462046FFF7CFFEE3682060984212D0CC
:10AC6000002789F31188BFF36F8F039929B1A26977
:10AC70000AB12046904700230393002FC6D15046C7
:10AC800007B0BDE8F08F236943F008032361E7E7CD
:10AC900018B12046FFF7C9FEE3E75BEA08031CD0C2
:10ACA000019102F031FC0199B8B9B9F1000F14D14A
:10ACB00089F31188BFF36F8F5A46434604F12C0085
:10ACC000EFF71CFEEFF31189102383F31288BFF313
:10ACD0006F8FB0FA80F77F09C3E705AB03AA204660
:10ACE0002568FFF7BFFE0746BBE770B50446C3699A
:10ACF00008460D4698470246EFF31186102383F36A
:10AD00001288BFF36F8F2B7843F001032B706168BB
:10AD10002046FFF770FE60602046FFF73BFF86F39A
:10AD20001188BFF36F8F70BD2DE9F84304460027EB
:10AD30001026EFF3118586F31288BFF36F8F236916
:10AD4000A268190702D46368934200D2636A9B1A0F
:10AD5000002B42D0206A10F8221011F0030300EB00
:10AD600082093AD0022B04D150F822305FEA9308CE
:10AD700005D1CB0720D4E369484698478046A168AF
:10AD800042462046FFF737FE0127A0604146204695
:10AD9000FFF73FFE3B4685F31188BFF36F8F002B13
:10ADA000C7D137B1B9F1000F03D104F12C00EFF78F
:10ADB0006BFD4846BDE8F88341F0020100F822101F
:10ADC0004846E369D4F80880984741460246204641
:10ADD000FFF711FE0023A060DDE79946DBE7F8B539
:10ADE0000446C36908460D4698470646EFF31187A7
:10ADF000102383F31288BFF36F8F2B7823F00103A6
:10AE00002B7023699B0705D5E268236A03EB820355
:10AE10009D421AD12B7823F002032B70D4E9023122
:10AE2000994204D132462046FFF7E5FDA060314645
:10AE30002046FFF7EEFD87F31188BFF36F8F04F113
:10AE40002C00BDE8F840EFF71FBD2B6860F39F03AF
:10AE50002B60F0E7EFF31181102383F31288BFF327
:10AE60006F8F02698368120702D442689A4200D247
:10AE7000426AD31A81F31188BFF36F8F181E18BF6F
:10AE80000120704770B50C8806468888241A3069FE
:10AE9000A4B2844285B224BF641BA4B22D1BA8B205
:10AEA000984228BF18463368234413600B88034434
:10AEB0000B8070BD70B4838985880669ED1AADB2C8
:10AEC000731B934228BF134670BC0A46011DFFF74F
:10AED000D9BF70B40E460146C58831F80A3FEC1A56
:10AEE000A3B2934228BF1346324670BCFFF7CABFD5
:10AEF00010B54B880C88E41AA4B294420ED31A44BD
:10AF000092B28B884A800A800069D21A92B2824239
:10AF100001D2002010BD03448B80FAE76FF01500CA
:10AF2000F8E72DE9F34106460F4615464FF00008B5
:10AF30002A4601A93046FFF7BDFF044640B102464C
:10AF40003946019802F0E0FC2D1BA0442744EFD1C4
:10AF50004246311D3046FFF7CBFF404602B0BDE808
:10AF6000F0812DE9F34107460E4615464FF00008E3
:10AF70002A4601A93846FFF7ACFF044648B12EB176
:10AF800002460199304602F0BFFC26442D1BA04426
:10AF9000EED1424607F10A013846FFF7A9FF4046C5
:10AFA00002B0BDE8F081704782B00A21019001989B
:10AFB00020EAE070A0FB010102B002F04FBBF0B547
:10AFC0001E4643685C68012067688840C2F38013AE
:10AFD00027EA00078B403B43636090FAA0F7B7FA7B
:10AFE00087F7D4F808C04FF0030E7F000EFA07F77A
:10AFF0002CEA070C90FAA0F7B7FA87F7C2F3C1134F
:10B000007F00BB4043EA0C03A36090FAA0F3B3FABD
:10B0100083F3E7685B000EFA03F327EA030790FA6D
:10B02000A0F3B3FA83F302F030055B00C2F34122D0
:10B030009A403A43202DE26016D107292CD890FA85
:10B04000A0F3226A33B3B3FA83F39B000F2101FA12
:10B0500003F322EA030290FAA0F3B3FA83F39B000E
:10B0600006FA03F31343236290FAA0F3B3FA83F3CF
:10B07000226890FAA0F003215B00B0FA80F001FA98
:10B0800003F340002D0922EA030385401D43256098
:10B090000020F0BD2B46D8E7030A616A93FAA3F2B9
:10B0A00082B1B2FA82F292000F2793FAA3F3B3FAB5
:10B0B00083F307FA02F29B0021EA02029E40164344
:10B0C0006662D1E72A46EEE703785B075FBF036855
:10B0D0004288C3F34A2303EB12105DBF173020F000
:10B0E0000700800800207047002070470346BFF328
:10B0F0005B8F53E8000F421C43E800210029F8D180
:10B10000BFF35B8F704708B502F058FB0A2200239B
:10B11000E5F748FF08BD1FB50023CDE90201CDE9E1
:10B1200000331A4619461846E8F722FC05B05DF8C8
:10B1300004FB0120E8F7D6B9002070474368DA71B4
:10B1400043681960436801225A71E8F7BDB970B5C8
:10B1500015460C4669B1D2E901369B1B99420AD8C3
:10B1600013680A460146981902F0CEFBAB682344E7
:10B17000AB60204670BD6FF01B00FBE770B50E465C
:10B1800015461946044618B9BDE87040E8F7AAB953
:10B1900033B1C2F34A231030120D184402F0B4FB4D
:10B1A000C4E900562046BDE87040E8F741BB2DE9F0
:10B1B000F3415F1C4FEA8708064608F1170020F0AC
:10B1C000070080080C461546E8F70EFA0023ADF894
:10B1D00005308DF807308DF8047068B10346019A88
:10B1E00043F8102FA8F104012A46294452F8045BC1
:10B1F00043F8045F8A42F9D1A20102F4E07242EA04
:10B20000482222F07F4222F47002002322F03F0203
:10B21000314602B0BDE8F041FFF7B0BF07B50123EA
:10B22000019201AAFFF7C3FF03B05DF804FB07B565
:10B23000CDE9002302236A46FFF7B9FF03B05DF8AA
:10B2400004FB1FB5CDE90123069B039301AA032349
:10B25000FFF7ADFF05B05DF804FBF8B506460D46F7
:10B2600014461F4604B9F8BD214628463A46B04761
:10B27000241A0544F6E710B5426881680446D2E90D
:10B2800000230068FFF7E9FF636800221A6010BD21
:10B2900038B54B681A68CB689A4205460C4602D10D
:10B2A0000846FFF7E8FF6368BFF35B8F53E8002FA2
:10B2B000511C43E800100028F8D1BFF35B8FA3684E
:10B2C0009D54002038BD0A2838B504460D4602D1E9
:10B2D0000D20FFF7DDFF29462046FFF7D9FF0020AC
:10B2E00038BD2DE9F043054689B008460E8891F82F
:10B2F0000090D1F808800C461746E8F78BFB011E3A
:10B30000C6F38216C9F3C2091FDB4846E8F7A2FA62
:10B3100003462146608851F8102B0296C2F34A2258
:10B32000002A01EB0204C0F30B1008BF0021002229
:10B33000CDE90507CDE90314CDE9002241462846B1
:10B34000E8F794FB09B0BDE8F0830023E1E7436828
:10B350001B685B6800209961704743681B681A6826
:10B360005268536070472DE9F04143681B685A6882
:10B37000012111771D68D5E90136D3E900482F680E
:10B380001CB96B681C60BDE8F0812146304642461E
:10B39000B847241A0644F3E743681B681868E8F7BF
:10B3A0009BBC70B543681D686B6898690C46E8F7EC
:10B3B00075F8214603460F222868BDE870401847FB
:10B3C000FFF735BF10F0700F08B500F07F0203D013
:10B3D000E8F7B0FD002008BD10F0800F18BF103254
:10B3E00001209040F7E7006840B150F8043C5B68EA
:10B3F0008B42A0F1040001D04068F5E77047006877
:10B4000050B150F8043C5B685B689B788B42A0F1BC
:10B41000040001D04068F3E7704730B5006888B198
:10B4200050F8043C5B681A6A1D7F04380023043A14
:10B43000DCB2A54201D84068F1E7013312F833408D
:10B440008C42F5D130BD08B5E9F700FB28B1406862
:10B4500010F1100F14BF0020012008BD4B1CDBB2FF
:10B460008170817680F82530C37600F8061C70471D
:10B4700050E90231D0F89C0018470369002283F894
:10B480004A207047036993F84A0050B193F8480086
:10B4900038B1D3F890209388918910695B1A9BB2D8
:10B4A000C01A70470369002283F84B207047036974
:10B4B00093F8490008B193F84B00704708B502466D
:10B4C000FFF7F5FF28B91046FFF7DCFF003818BF7B
:10B4D000012008BD0369C3E900127047022903690E
:10B4E00008D004290BD001290ED1D3F89430136071
:10B4F0000020704793F89B30C3F34003F7E793F8BD
:10B500009B3003F00103F2E76FF085007047CB79C1
:10B51000026923B1012B02D06FF08500704782F8D9
:10B52000A1300020704710B50369D3F894200A6059
:10B5300093F898206AB1012A0CBF022203224A71B3
:10B5400093F89920501E032805D8DFE800F0050580
:10B5500005050122F3E700220A7193F89A20062AD2
:10B560000BD0072A0BD0052A0CBF002203228A71B8
:10B5700093F8A130CB71002010BD0122F7E7022221
:10B58000F5E708B5402903693DD011D810292ED020
:10B5900006D801291AD008291CD06FF0120008BD66
:10B5A0002029FAD193F89C1052BB01F0FB0116E060
:10B5B000B1F5807F33D0B1F5007F39D08029ECD14F
:10B5C00093F89C1042BB01F0EF0108E0C3F894200F
:10B5D0000020E4E793F89C1032B901F0FE0183F8F3
:10B5E0009C10E9F7D5FCF3E741F00101F7E793F888
:10B5F0009C1012B901F0FD01F1E741F00201EEE704
:10B6000041F00401EBE793F89C1012B901F0F70147
:10B61000E5E741F00801E2E741F01001DFE793F8C8
:10B620009C1012B901F0DF01D9E741F02001D6E703
:10B6300093F89C1012B901F0BF01D0E741F040012E
:10B64000CDE770B504690546D4F88C00FFF789FC96
:10B6500094F8A0300646B3B1D4F88C209388918931
:10B6600012695B1A9BB2D31A3F2B0CD994F89E3007
:10B6700033B16B681B6A2246187B0021E9F728FD6D
:10B68000002384F8A030304670BD08B50122FFF7D2
:10B69000D8FF013818BF4FF0FF3008BD0269D2F85B
:10B6A000901088898B8809691B1A9BB2994204BF44
:10B6B000002382F84830D2F88C30D9885B899942CF
:10B6C00004BF002382F849300120704713B50446B7
:10B6D000002200230DF107011030EEF7AFFF70B923
:10B6E00054F8083C33B154F8042C9DF8071054F872
:10B6F0000C0C9847636B13B12046EFF75BFA02B06E
:10B7000010BD02F00FB902F0FFB801460068E9F77A
:10B71000FBBD08B5E9F754FEBDE80840EAF7A2B959
:10B720000A460121FFF77ABD00210120E9F7ECBDAF
:10B730006FF08500704761B662B680F31188BFF381
:10B740006F8F704772B6002383F31188BFF36F8F3A
:10B75000BFF34F8F30BF62B6BFF36F8F70472028A3
:10B7600009D9B0F1004F08D80138B0FA80F0C0F123
:10B770001F0040007047082070473E20704708B502
:10B78000D1E904319847002008BD08B5EAF794FBD9
:10B79000002008BDEAF764BC08B50622012100209C
:10B7A000EAF722FD002211460620EAF7BDF8012142
:10B7B00008460722EAF718FD002211460720EAF79B
:10B7C000B3F8082201210220EAF70EFD00221146FB
:10B7D0000820EAF7A9F8092201210320EAF704FD6D
:10B7E000002211460920EAF79FF80A2201210420CD
:10B7F000EAF7FAFC002211460A20EAF795F805213B
:10B8000008461722EAF7F0FC002211461720EAF753
:10B810008BF8282206210A20EAF7E6FC00221146CE
:10B820002820EAF781F8002008BD01F01F0101205F
:10B830008840704700F00302043292000F239340C7
:10B8400043EA900010B5C3B29B0003F1804303F5B7
:10B850009C33020C9C6892FAA2F2B2FA82F224EAB9
:10B86000104091400143996010BD13460A460121E2
:10B87000FFF7DDBC0A460121FFF7D0BC10B50C462E
:10B88000EAF774FD10B18460002010BD6FF0150060
:10B89000FBE710B504460078EAF768FD90B16388CD
:10B8A00003802379032B0DD8DFE803F00206080A92
:10B8B00000230371002010BD0123FAE70223F8E7FB
:10B8C0000323F6E76FF01500F5E710B50C46EAF72D
:10B8D0004DFD20B11CB143792370002010BD6FF0E5
:10B8E0001500FBE710B50446EBF72CF810B16FF02C
:10B8F000150010BD2046EBF76DF80028F9D0F6E7EB
:10B9000008B5EAF733FD08B1008808BD6FF01500EF
:10B91000FBE708B541F08000EAF728FDBDE80840E4
:10B920001430EEF7B1BF08B5002212201146E9F736
:10B93000FBFFBDE808401220E9F7D4BF0A46012109
:10B94000FFF76CBCD0E92832C0F8A8205B681A6801
:10B95000936843F080439360704710B403460838FF
:10B96000BFF35B8F50E8002F511C40E80014002CFF
:10B97000F8D1BFF35B8F12B910BCFFF7E3BF6FF0D4
:10B980000F0210BC9A6670470B88C3F30B0303F5D4
:10B990007D62C2F30B02782A82B014D803F180438F
:10B9A00003F50E3348681A6802431A600B88C3F324
:10B9B0000B0303F1804303F50E3300201B68019352
:10B9C000019B02B070476FF08500FAE70B88C3F364
:10B9D0000B0303F57D62C2F30B02782A9FBF03F1CC
:10B9E000804303F50E3349681A689DBF8A430020DF
:10B9F0001A606FF08500704770B508884A68C0F318
:10BA00000B0094B2C2F30445EBF76AFCA0B9FF2A1D
:10BA100011D004F18041C2F3415601F50E310136D7
:10BA20000123B3400C68013BAB40120E24EA030330
:10BA3000AA4013430B6070BD6FF08500FBE70888D8
:10BA4000C0F30B0008B500F57D63C3F30B03782B3F
:10BA50000AD800F1804000F50E304B68026893432D
:10BA60000CBF0220012008BDEBF73AFC00280CBFF8
:10BA700002200120F7E770478268126B02B110477D
:10BA800043681868704743685868704743680A6895
:10BA90005B689A4207D1CB6813F0010F0CBF6FF0BF
:10BAA0008500002070476FF08500704710B50C4688
:10BAB000EBF776FE2060002010BD43685B681B69D1
:10BAC0000B600020704743685B68586942400A4039
:10BAD00042405A610020704743685B6800209961CA
:10BAE000704743685B6809049961002070474368A8
:10BAF0005B685A69514059610020704730B503694D
:10BB0000986800B30024884219D108688CB9DC68B1
:10BB10009860A14200D1D860002008602AB19A68DC
:10BB20000A60DA68996002B9D96000200FE02846FF
:10BB3000E9E72060D868814208BFDC60ECE705686F
:10BB40000446002DF3D1002AE9D16FF0150030BD75
:10BB500012F4003CF8B505460C46134642D0960751
:10BB600039D550075CD55022D90636D542F400723B
:10BB700003F4C061B1F5806F44D0B1F5C06F3ED021
:10BB8000B1F5007F41D013F440372E6912D07068B0
:10BB900020FA04F1C9075FBF0121A1400143716090
:10BBA000BCF1000F06D0180332D56968012349683B
:10BBB000A3408B61002321462846FFF700FA47B9CE
:10BBC000736823FA04F2D20741BF0122A2409343D3
:10BBD00073600020F8BD1022C6E79F06C8D542F466
:10BBE0008062C5E7D60305D5D00605D4C2F340125E
:10BBF0009202BDE73022BBE74FF40072B8E742F48F
:10BC0000C072C0E742F48072BDE742F08002BAE73A
:10BC10005903CFD50121A1402846FFF762FFC9E7AC
:10BC20006FF08500D6E770B50B690E46996805463A
:10BC300009B10C6801B970BD8A682A4002D04B680E
:10BC4000304698471CB1236821461C46F2E723463C
:10BC5000FAE708B5002211461F20E9F765FE1F200C
:10BC6000E9F740FE002220201146E9F75DFEBDE81D
:10BC700008402020E9F736BE08B5002211462120F1
:10BC8000E9F752FE2120E9F72DFE0022222011467D
:10BC9000E9F74AFEBDE808402220E9F723BE08B5CF
:10BCA000002211464820E9F73FFE4820E9F71AFE36
:10BCB000002249201146E9F737FEBDE80840492037
:10BCC000E9F710BE2DE9F74398460B7A066943F071
:10BCD000040315460B7207460C460B460122AA4286
:10BCE0000AD906F118094FF0FF324FF0FF334846EA
:10BCF000EEF704FE002620E00AD2197A187D81EAC8
:10BD0000000C1CF0010F01D040071FD589071DD47E
:10BD100001320C33D2B2E2E7012D14BF04F1140357
:10BD20000023CDE90038384694E80E0000F064FAAC
:10BD3000061E04DB013D0C34EDB2002DECD148466B
:10BD4000EEF7A2FD304603B0BDE8F0836FF01506B4
:10BD5000F8E708B5036993F8602022B9EBF7E8FE2D
:10BD60006FF0040008BD1B6B0B600020FAE710B4F5
:10BD700042680469D26884F8621029B9136823F014
:10BD80001A03136010BC7047006810BCEBF7B2BE1A
:10BD900000F033B900F0FBB943680169DB685A6809
:10BDA00022F4C0625A605A6822F4C0625A605A682B
:10BDB00022F400725A605A6822F480625A6091F844
:10BDC00061201AB95A6822F480725A607047F8B537
:10BDD0004368DC68236823F001032360FFF7DCFF7E
:10BDE00027686668A368E568E069216A626AD4F832
:10BDF00000C04CF4004CC4F800C0D4F800C09BB2A2
:10BE00002CF4004CBFB2B6B243F48043ADB280B262
:10BE100089B292B2C4F800C027606660A360E56092
:10BE2000E06121626262F8BD38B543680569DC688B
:10BE3000FFF7B2FF95F861301BB9236823F00103C7
:10BE4000236038BD034600695B68826DDB688AB198
:10BE5000013A82651AB95A6822F480625A60C26D4A
:10BE60001969127821F0FF010A431A61C36D013389
:10BE7000C3657047C26B910742BF1A6842F40072F3
:10BE80001A605A69520748BF1B69EEF7FDBCF8B546
:10BE90000369D3E9125455EA04075E6C02460AD1DD
:10BEA0008EB15F640CB10021D9641046FFF7BCFF6E
:10BEB0006FF004000BE00EB100215964002DF1D0A9
:10BEC00000219964EEE709B9FFF7AEFF0020F8BD45
:10BED000C3685A6842F480725A605A6842F4007229
:10BEE0005A605A6842F480625A6070472DE9F04106
:10BEF0001F4643680469DD680E4690462046EEF70B
:10BF000023FD7368A3653368E365337AE36387F0E1
:10BF100001070023C4E91073C4E91233A363666503
:10BF2000A4F834802B6843F001032B602B6823F4C2
:10BF300000632B602B6843F480632B60337A5907CE
:10BF40000BD52B689A0541BF23F400731B041B0C0F
:10BF50002B602B6843F480732B60BDE8F0810346AF
:10BF600000695B68826DDB68002A3DD0022A21D01F
:10BF7000032A2BD0012A2ED11A6822F480621A607B
:10BF80001A6822F400621A60C26B910742BF1A68F5
:10BF900042F400721A605A6822F480625A60826D1C
:10BFA000013A8265C26D1B691370C36D0133C365AD
:10BFB000EEF76ABC426D5268022A1DD81A6822F454
:10BFC00080621A601A6842F400621A605A6822F4A9
:10BFD00080625A607047013A8265C26D1B691370B6
:10BFE000C36D0133C3657047C26B920742BF1A68C5
:10BFF00042F400721A60DBE7704710B443680269CC
:10C00000DB685C69E40785B001462CD5106B918E26
:10C0100010F0010013D0946BC91101F0060154B95E
:10C0200041F0F00190631A6922F0FF020A431A619D
:10C0300005B010BC704741F0F1010020F2E7106C30
:10C040004900C9B20028EED1186941F0010120F081
:10C05000FF0001431961926D022AE9D11A6842F486
:10C0600000621A60E4E75C69240705D5196992F853
:10C07000342021F0FF01D9E75C69A40739D5106BA2
:10C08000116CC00715D5A9B9906BD0B191635A69ED
:10C090000192019A9A690192019A1A68910541BF29
:10C0A00022F400721204120C1A601A6842F48072B0
:10C0B000D7E731B15A690292029A9B690293029BB7
:10C0C000B6E7926D012A0AD11A6822F480621A60DA
:10C0D0005A690392039A9B690393039BA8E7022A78
:10C0E000F6D11A6822F480621A601A6842F400627B
:10C0F000EDE75C6964073AD5146C24B1084605B0D5
:10C1000010BCFFF79FBE916D022905D0032920D0F6
:10C1100005B010BCFFF723BFD16B8C0742BF196875
:10C1200041F400711960916D01399165D16D186903
:10C130000870D06D411CD165916D013991651B6905
:10C140004370D36D0133D365104605B010BCEEF7D4
:10C150009BBB196821F480611960916D013991656B
:10C16000D16D1B690B70D36D0133D36560E75869DE
:10C17000000602D5106C0028C0D15B695B067FF514
:10C1800057AF136C002B7FF453AF0846C0E708B5D8
:10C1900043680269DB680146586910F4806F58698A
:10C1A0000ED020F480605861186840F40070186068
:10C1B000012393640869EEF767FB6FF0040008BD84
:10C1C00010F4007F586905D020F4007058610123F5
:10C1D0005364EFE710F4807F586905D020F4807035
:10C1E00058610123D364E5E710F40060E7D05A6991
:10C1F00022F400625A61DDE72DE9FF4101AD85E8D7
:10C200000E009DF80C300A9EBDF82C20076913F033
:10C210000103044614D12946FFF768FE6068FFF762
:10C2200057FE41F2883200233846EEF767FBC0B173
:10C230002046FFF7CCFD6FF0040004B0BDE8F081AC
:10C2400043682946D3F80C800123FFF74FFE60684E
:10C25000FFF73EFED8F8043043F4C063C8F804305A
:10C26000DFE731462046FFF712FEE6E730B5036808
:10C2700013600579046804EBC504A34202D36FF090
:10C28000010030BD5C798C4203F10803F0D100203D
:10C29000F7E72DE9F84F044600EBC10700254FF002
:10C2A0000108BC4202D10020BDE8F88FD4F800B0EC
:10C2B0001BF0100F21D1656845F02005CBF3442019
:10C2C000E6F7BEFF814610B3CBF343160BF01F0A0F
:10C2D00053462A463146FEF772FE0028E4DBBAF1E7
:10C2E000110F08D1D9F8043029055A6808FA06F365
:10C2F00058BF1B0493610834D3E70BF01F03102BC6
:10C3000003D0112BDAD16568D8E73025D6E76FF076
:10C310001200C9E74163704781637047C16370478A
:10C32000016470474168036949681B680020013156
:10C33000B3FBF1F3C2E9003070474368C1F34B101F
:10C340001B6801F01F01C05801238B400340003BD4
:10C3500018BF012313700020704710B54368C1F364
:10C360004B101A6801F01F01845801238B402343AE
:10C370008350002010BD10B54368C1F34B141868FA
:10C3800001F01F01235801228A4023EA02032350AF
:10C39000002010BD38B504460D46FFF7DEFF2946E4
:10C3A0002046FFF7E8FF002038BD2F29006911D192
:10C3B00003884FF4B4714B431B13136003884B4342
:10C3C00023F007031B05F4211B0D13FB01F353603E
:10C3D000002070476FF08500704710B586B000925E
:10C3E00003930122089B01920493002207238DF8F6
:10C3F00008208DF814309DF81430826843F0020351
:10C400008DF8143094680B4602226946A04706B0A6
:10C4100010BD10B52A2914460369426818D119685D
:10C42000B3F93A3089680889584313684FF47A722F
:10C43000584340F6FF7390FBF3F00023C117E4F775
:10C4400061FD4FF47A735A4320606260002010BD92
:10C450006FF08500FBE710B52A291446026917D151
:10C46000B2F92E3023B9EBF7DDFF6FF03C0010BDC1
:10C47000906A90FBF3F04FF47A720023C117E4F74F
:10C4800041FD4FF47A735A43206062600020EEE76A
:10C490006FF08500EBE782B003680193019B43686E
:10C4A0000193019B02B0704708B5436818680268A1
:10C4B0000368C2F3C00203F0010342EA43020368C7
:10C4C0009B07036848BF42F004025907036848BF4E
:10C4D00042F02002DB0542BF6FF4807342F0080295
:10C4E0000360D10701D5FFF7D6FF930701D5FFF70A
:10C4F000D2FF510701D5FFF7CEFF930601D5FFF715
:10C50000CAFF104608BD43681A6802F10C0353E8DD
:10C51000003F43F0400302F10C0040E800310029E5
:10C52000F3D1704743681A6802F10C0353E8003FE7
:10C5300023F0400302F10C0040E800310029F3D160
:10C54000704743681B68186810F080001CBFD868EB
:10C55000C0F38010704743681B681868C0F38010F0
:10C56000704743681A6802F10C0353E8003F43F038
:10C57000200302F10C0040E800310029F3D170479C
:10C5800043681A6802F10C0353E8003F23F02003CC
:10C5900002F10C0040E800310029F3D170474368F4
:10C5A0001B681868C0F34010704743681B681A681E
:10C5B000910602D5DA68920607D4186810F0400098
:10C5C00004D0D868C0F38010704701207047012064
:10C5D00070470369C3E901127047026953680BB1E0
:10C5E00091681847704708B5002225201146E9F7E1
:10C5F0009BF9BDE808402520E9F774B908B5436800
:10C60000186803681A0701D5FFF745FF03689B0602
:10C6100043BF43680B7000204FF0FF3008BD10B5DA
:10C6200043681B6810201A681206FCD5EFF31182CC
:10C6300080F31288BFF36F8F1C68240604D482F342
:10C640001188BFF36F8FEEE7596082F31188BFF353
:10C650006F8F10BD03691B681B680B6043681B6804
:10C66000DB6803F4C063B3F5806F2FD0A3F5C06C13
:10C67000DCF1000343EB0C030B7143681B681B697F
:10C6800003F44053B3F5805F22D0B3F5405F21D06F
:10C69000002B0CBF012303234B7143681B68DA682E
:10C6A000DB68D20403F4C06316D5002B0CBF04234F
:10C6B00003238B7143681B685B6903F44073A3F524
:10C6C000407253425341CB71002070470223D3E79D
:10C6D0000023E1E70223DFE7002B0CBF0323022343
:10C6E000E7E710B543681868C468C36814F4805459
:10C6F00003D013F4C06F12D00024131B002B02DDF3
:10C7000003689B0601D4204610BD43680B5503689F
:10C710001B0704F10104F0D5FFF7BDFEEDE76FF054
:10C720008504F0E730B543681B68DC68D868E4042A
:10C7300002D510F4C06F1AD0186810F080000ED027
:10C74000EFF31184102080F31288BFF36F8F002065
:10C75000151A002D04DC84F31188BFF36F8F30BDF0
:10C760001D682D06F7D50D5C5D600130F0E76FF0B8
:10C770008500F4E703460A4600681979012303FAA5
:10C7800001F103691B68194218BF82F0010212B15E
:10C790008368DB68184783681B69FBE740680121F1
:10C7A000FFF7E8BF40680021FFF7E4BF03691B887B
:10C7B0000B8000207047F0B403460068DE881979CA
:10C7C00046F40032056987682B6801248C40F6071F
:10C7D0004CBF2343A3432B603B68F0BC1847034680
:10C7E0000A4600681979012303FA01F103691B68FD
:10C7F000194203D022B183681B6903E0002AFAD0F2
:10C800008368DB68184703690020C3E90112704799
:10C8100010B543681B685B690C4698472070002080
:10C8200010BDBFF35B8F0068BFF35B8F704710B51F
:10C83000034600696830FFF7F4FF9A68091ABDE8FB
:10C84000104052691846104708B500696830FFF774
:10C85000E8FF0860002008BDF0B403460068DE88E9
:10C86000197946F40032056987682B6801248C40E9
:10C87000F6074CBF2343A3432B603B68F0BC18472B
:10C88000BFF35B8F50E8003F013B40E80032002AD5
:10C89000F8D1BFF35B8F7047BFF35B8F50E8003F69
:10C8A000013340E80032002AF8D1BFF35B8F7047B4
:10C8B0000369BFF35B8F683353E8002F43E8001030
:10C8C0000028F9D1BFF35B8F0020704750F8700C3F
:10C8D0004368DB681847016952EA03001ABF002069
:10C8E000C1E918236FF015007047012070470069F7
:10C8F000703000F0F2BD08B50069703000F0EBFD5B
:10C90000003818BF012008BD7047F7B5044610B3C2
:10C9100090F89534056803F0FF021BB980F8942461
:10C92000FFF7F2FF0323B5F1A04F84F8953404BF5D
:10C930000023A371206800F05AFA237C8DF80030A0
:10C94000251D95E80E00206800F007FA014630B179
:10C95000022384F895340125284603B0F0BD2068F1
:10C9600000F04BFA0028F3D1267904F114030127D3
:10C970000246C1B28E4203F124031BD8002104F504
:10C9800015730A46C8B2864203F1240320D8237CDB
:10C990008DF8003095E80E002068EDF735F8054673
:10C9A0000028D5D101236074206884F8953400F004
:10C9B000D7FBD1E723F80A0C43E9072203F8237CCD
:10C9C00003F8241C03F8202C43F8142C0130D0E782
:10C9D00043E9072203F8232C03F8240C03F8202C46
:10C9E00043F8142C0131CDE710B590F89424036876
:10C9F000012A044616D0012280F89424DA685206EF
:10CA000006D5427B012A02BF9A6B42F480329A63B8
:10CA1000206800F0E6F9206800F094FB002084F81C
:10CA2000940410BD0220FCE738B590F89434012B33
:10CA300004461BD00568012380F89434284600F092
:10CA4000D6F9206800F08CFB2068102100F005FA70
:10CA5000EB685B0606D5637B012B02BFAB6B23F44F
:10CA60008033AB63002084F8940438BD0220FCE7D7
:10CA70007047704710B590F89424012A04460AD0F4
:10CA8000012280F894244174006800F04BFB0020E0
:10CA900084F8940410BD0220FCE770B505462424F8
:10CAA00001F00F0011F0800F00FB04F414BF04F13B
:10CAB000140104F5157105EB040615BF4919491950
:10CAC0000124002414BF747586F85542C2F30A028B
:10CAD0008A604A7808700B7102B14883022B04BF48
:10CAE00000234B7195F89434012B09D00123286859
:10CAF00085F8943400F007FA002085F8940470BD9E
:10CB00000220FCE701F00F02242311F0800F02FB4A
:10CB100003F310B514BF03F1140103F515710446B6
:10CB200018BF091918440BBF0919012300234375C5
:10CB300008BF80F855320A7094F89434012B09D05C
:10CB40000123206884F89434EDF718F8002084F865
:10CB5000940410BD0220FCE738B51546242401F0EA
:10CB60000F02544304F515710444C4E9985300239B
:10CB7000C4F8683284F8553284F854228279012A44
:10CB800008BFC4F8705201440068EDF757F8002060
:10CB900038BD01F00F01242303FB0100D0F8680227
:10CBA000704738B51546242401F00F02544304F1B0
:10CBB00014010444C4E908530023A36201236375EC
:10CBC000227582799A4208BF256301440068EDF717
:10CBD00035F8002038BD38B5037901F00F05AB42B8
:10CBE00004462BD311F0800F4FF024031DD06B436C
:10CBF00003F114010344012201445A7501238B708F
:10CC00000D7094F894249A421AD0206884F89434D1
:10CC100000F034FA2DB9A179206804F29C42EDF7B6
:10CC2000F5F8002084F8940438BD4B4303F51571E2
:10CC300003440022014483F85522DFE70120F3E793
:10CC40000220F1E738B5037901F00F029342044660
:10CC500025D3242311F0800F02FB03F314BF03F14B
:10CC6000140103F51571184415BF09190919012399
:10CC700000234FF0000514BF437580F855328D70C6
:10CC80000A7094F89434012B0BD00123206884F8A7
:10CC9000943400F01EFA84F89454284638BD0120DC
:10CCA000FCE70220FAE701F00F03242253430A06AF
:10CCB0004CBF03F1140103F515710144006800F045
:10CCC00061B970B500681204436A19B913438362ED
:10CCD000002070BD846A4E1E03EB14430024A6425C
:10CCE00005D83F3100EB810013434360F0E704F1C6
:10CCF000400500EB850501346D6803EB1543EEE755
:10CD00000368002059627047704782B000230246D2
:10CD10000193019B01330193019BB3F1706F1AD80A
:10CD20001369002BF5DA0A230193019B83B9136978
:10CD300043F001031361019B01330193019BB3F1A4
:10CD4000706F08D8106910F00100F4D102B070477C
:10CD5000019B013BE8E70320F8E784B038B505AD57
:10CD600085E80E009DF81930012B044627D1836B0E
:10CD700023F480338363C36823F4840323F04003E4
:10CD8000C360C36823F44013C3609DF82030012BB7
:10CD900002BFC36843F48013C360FFF7B6FF9DF87A
:10CDA0001630012B07D1A36843F00603A360A368E4
:10CDB00043F02003A360BDE8384004B07047C36867
:10CDC00043F04003C360FFF7A0FF9DF81D3023B977
:10CDD000A36B43F48033A363E1E7A36B23F48033B5
:10CDE000F9E7836843F0010383600020704783689C
:10CDF00023F0010383600020704738B5C368012920
:10CE000023F0C04305460C46C36014D1C36843F009
:10CE10000053C36000240A20FEF7C6F86B69D907E7
:10CE200004F10A0402D4C82CF5D1C824A4F1C80323
:10CE30005842584138BD71B9C36843F08043C3605C
:10CE40000A20FEF7B1F86B69DA0704F10A04EDD5A0
:10CE5000C82CF5D1E9E70120ECE782B000230246B7
:10CE60000193019B01330193019BB3F1706F15D8BE
:10CE70001369002BF5DA8901002341F020010193A9
:10CE80001161019B01330193019BB3F1706F05D8D0
:10CE9000106910F02000F4D102B070470320FBE7C6
:10CEA00082B0002302460193019B01330193019B51
:10CEB000B3F1706F13D81369002BF5DA00230193D7
:10CEC00010231361019B01330193019BB3F1706F38
:10CED00005D8106910F01000F4D102B0704703209B
:10CEE000FBE7D0F800381943C0F80018002070475D
:10CEF000D0F8083813F0060004D013F0020F14BF66
:10CF000002200F20704730B50C78012204F00F0585
:10CF1000AA404D78012D00F5006300EB441019D1B3
:10CF2000DD692A43DA61D0F800391A0410D48A681E
:10CF3000D0F80059C2F30A030A792B4343EA82432B
:10CF400043EA845343F0805343F40043C0F800396C
:10CF5000002030BDDC6944EA0242DA61D0F8003BCF
:10CF60001B04F5D48B68D0F8002BC3F30A031343DA
:10CF70000A7943EA824343F0805343F40043C0F804
:10CF8000003BE5E782B000234A7801930B78012A41
:10CF90004FEA431321D100F510601A58002A02DB32
:10CFA000002002B070471A5842F000621A500B7805
:10CFB0005B011A5842F080421A5042F21072019BF3
:10CFC00001330193019B934201D90120E9E70B78DA
:10CFD0005B01C358002BF2DBE2E700F530601A5822
:10CFE000002ADDDA1A5842F000621A500B785B0111
:10CFF0001A5842F080421A5042F21072019B0133DB
:10D000000193019B9342E0D80B785B01C358002B3E
:10D01000F4DBC5E710B59DF8084044B9033301328D
:10D020009B0800EB023001EB8303994201D1002001
:10D0300010BD51F8042B0260F7E770B50023940887
:10D0400000F5805502F00302A34204D301EB8401F2
:10D0500032B9084670BD2E6841F823600133F3E70A
:10D0600000F5805000230468D80024FA00F05854DA
:10D07000013398B28242F7D15018EBE74A780B7827
:10D08000012A00EB431012D1D0F80029002A06DB58
:10D090002BB1D0F8003923F08043C0F80039D0F824
:10D0A000003943F40013C0F8003900207047D0F86D
:10D0B000002B002A06DB2BB1D0F8003B23F0804385
:10D0C000C0F8003BD0F8003B43F40013C0F8003B2D
:10D0D000EBE70B7800EB43104B78012B11D1D0F824
:10D0E000003923F40013C0F800390B79023B012BFF
:10D0F00005D8D0F8003943F08053C0F8003900203B
:10D100007047D0F8003B23F40013C0F8003B0B79C4
:10D11000023B012B9EBFD0F8003B43F08053C0F888
:10D12000003BECE7D0F8003823F4FE63C0F8003889
:10D13000D0F80038090101F4FE611943C0F8001865
:10D1400000207047D0F8003E23F00303C0F8003EF3
:10D15000D0F8043823F00203C0F8043800207047E8
:10D16000D0F8003E23F00303C0F8003ED0F80438A6
:10D1700043F00203C0F80438002070474269806918
:10D1800010407047D0F8183800F50060C0691840AA
:10D19000000C7047D0F8183800F50060C0691840DE
:10D1A00080B2704700EB411100F50060D1F8082B08
:10D1B000406910407047D0F81028D0F8343800EBA0
:10D1C000411001F00F01CB4000F51060DB018068D9
:10D1D000DBB2134318407047406900F0010070470C
:10D1E000D0F800396FF30A03C0F80039D0F80438DA
:10D1F00043F48073C0F804380020704783689B6A4A
:10D2000003B1184770470120704738B5044648B14C
:10D21000EBF7FEFF602305465C43EBF7F9FF431B8A
:10D22000A342FAD338BD10B5436904463BB9002088
:10D23000E268537843F001035370404210BD9847B1
:10D240000028F4D00028B8BF4042E368FF28A8BFF8
:10D25000FF201870ECE740B1C368587810F0010067
:10D260001EBF1878B0FA80F040097047EFF31183C1
:10D27000102383F31288BFF36F8FFEE710B5826926
:10D280006AB1C36842EA0301890708D14169A2FB78
:10D29000011424B95B182CBF0121002102D36FF0C7
:10D2A000150005E001619B1A42698A4201D80020FD
:10D2B00010BD02691A608269036101319B1AF3E7AC
:10D2C00008B51024EFF3118384F31288BFF36F8F36
:10D2D000FEF738FAF6E7D0E9003213605A60027CB4
:10D2E000002322F00202C0E9003302748360704719
:10D2F000C0E9032303FB02120023436280F83030AD
:10D30000037200F12803C0E90621C0E90000C0E96A
:10D310000A3341610162704713B501240094EDF7AF
:10D3200021F902B010BD90F90E308B4201D0EDF71B
:10D330007FBE0020704703460020C3E90200C3E916
:10D34000003370475AB18A4209D300F11003C0E993
:10D350000212C0E90000C0E90433002070476FF0FA
:10D3600015007047026801238B4022EA0303036023
:10D3700022FA01F000F00100704710B503210446C5
:10D380000C30FFF7EFFF30B104F1100000F0EAF9C4
:10D39000B0FA80F0400910BD20B1002211469C3047
:10D3A00000F0A6B9704770B5C368C3F340069B0789
:10D3B000044616D4856802210C30FFF7D3FF80B1F4
:10D3C000D5F894206AB194421DD122689EB9D5F84F
:10D3D0009830C5F894209C4201D1C5F898200023CC
:10D3E0002360E36813F01F001EBF43F00203E360F5
:10D3F00040F0020070BD3260D5F89820944208BF1A
:10D40000C5F89860EBE716461268DBE773B504468B
:10D41000EFF31185102383F31288BFF36F8F00237E
:10D42000A0F11006032104380193FFF79BFF28B1F8
:10D43000A369019301A93046EDF76AFB85F31188D2
:10D44000BFF36F8F02B070BD38B504460D46102291
:10D45000002100F067FA656038BDEFF311831022F8
:10D4600082F31288BFF36F8FC06800F01F0083F350
:10D470001188BFF36F8F704713B501900846EFF323
:10D480001184102383F31288BFF36F8F01A9EDF786
:10D490003FFB84F31188BFF36F8F02B010BD10B54E
:10D4A000FFF7EAFF041E08DDEFF31180102383F37A
:10D4B0001288BFF36F8FEDF727FE204610BD38B5F9
:10D4C000302204460D46002100F02CFA4FF4807300
:10D4D0006560E36038BDFFF7C0BF38B50446EFF3C1
:10D4E0001185102383F31288BFF36F8FFFF745FF79
:10D4F0002046FFF758FF85F31188BFF36F8F38BDC3
:10D50000C0E9000000207047EFF30580003818BF25
:10D51000012070476FF05700704700207047EEF70A
:10D52000FBB9D0E9003213605A600023C0E9003330
:10D53000704708B5FFF7F5FF037C23F0020303747F
:10D540000023836008BD38B504460D46EDF7CCFCDA
:10D55000237C43F002032374D5B1A5602B689D4260
:10D5600009D16B68C4E900531C606C6010E06A6804
:10D570009A42F6D01B68002BF3D093F90E1094F961
:10D580000E209142F3DD5A68C4E9003214605C60F9
:10D5900038BD10B5EFF31184102383F31288BFF365
:10D5A0006F8FEDF761FC84F31188BFF36F8F10BDAF
:10D5B00008B5EFF31181102282F31288BFF36F8F49
:10D5C00083680BB1FFF7B5FF81F31188BFF36F8F4D
:10D5D00008BD08B5037C13F0280F01460CD1836801
:10D5E0000BB1FFF7A6FF0B7C23F004030B74084676
:10D5F000BDE80840EDF738BC08BD10B5EFF3118465
:10D60000102383F31288BFF36F8F1838FFF7E1FF01
:10D6100084F31188BFF36F8F10BD08B50346EFF395
:10D620001181102282F31288BFF36F8F006883424A
:10D6300007D008B1FFF77DFF81F31188BFF36F8F2B
:10D6400008BD0020F8E710B5FFF7B2FFBDE81040B5
:10D65000183000F087B80846EDF77EBC38B50546AF
:10D660000C46EDF7EDFDB4F1FF3F08BFB5F1FF3F0C
:10D670000AD0C11709304FF00A024FF0000341F100
:10D680000001E3F78FFC38BD4FF0FF30FBE7C11717
:10D69000633008B54FF064024FF0000341F1000120
:10D6A000E3F780FCC117EDF7CBFD6423584308BDB9
:10D6B00038B50446EFF31185102383F31288BFF3C6
:10D6C0006F8F037C5B070ED5183000F04BF8237C7E
:10D6D00023F0040320462374EDF7C6FB2846BDE87B
:10D6E0003840EDF739BC85F31188BFF36F8F38BD33
:10D6F00038B5EFF31185102383F31288BFF36F8FD2
:10D700000468A04213D0A4B1C4F88C106261204612
:10D71000FFF70FFF04F1180000F024F82046EDF7A2
:10D72000A3FB012085F31188BFF36F8F38BD002064
:10D73000F8E72046F6E708B50246EDF7F3FE70B1CC
:10D74000D0E904319B1A61EBE272B3F1004F72F140
:10D75000000104DA002AACBF1846002008BD6FF0B3
:10D760000040FBE738B50246EFF31185102383F341
:10D770001288BFF36F8F0368CBB1EDF7D3FE044679
:10D780001046EDF7E1FE00224FF000438442C0E96D
:10D79000042306D1EDF7CEFEFFF7CDFF0021EBF716
:10D7A0009FFC002085F31188BFF36F8F38BD6FF0A9
:10D7B0001500F7E708B5EDF7D1FF08BDEDF7CEBFCF
:10D7C0000023C0E9081200F11802C0E90622C0E9EE
:10D7D000003303634363704710B50446FFF7C2FF8D
:10D7E000A8B9636A0BB12046984704F11800FFF707
:10D7F00014FF60B1FFF7CDFEEFF31180102383F328
:10D800001288BFF36F8FBDE81040EDF77DBC10BDEF
:10D810002DE9F041846805460E46D4B16378012BAA
:10D8200022D114F8603C9A0711D5A4F1700738464C
:10D83000FFF709FF082E14BF00236FF00303E36115
:10D8400014F8603CDB0602D13846FFF7A2FE002345
:10D8500023700023AB60EB68C3F38632164366F394
:10D860009433EB60BDE8F081022BF0D12378002BDC
:10D87000EDD054F8048CB8F1000FE8D004F1140096
:10D88000FFF770FFA4F114070023E3623946404616
:10D89000FFF7F2FDDBE738B5EFF31185102383F3D3
:10D8A0001288BFF36F8F0468A04211D0D4E9003210
:10D8B00013605A600023C4E900332046FFF7A8FF35
:10D8C00085F31188BFF36F8F201E18BF012038BD6C
:10D8D0000024F5E710B583691A7A52B1D0E9024203
:10D8E000944206D0D3E90020521840F10000C3E969
:10D8F000002010BD10B400F10C04C0E90344002462
:10D90000047510BCFCF76ABF0A44914200F1FF3372
:10D9100000D1704710B511F8014B03F8014F914247
:10D92000F9D110BD02440346934200D1704703F879
:10D93000011BF9E708B5FCF78DF920F0004008BDA0
:10D94000FCF7A4B9044608B5FCF776FD2046E8F7D5
:10D95000ABFA10B501390244904201D1002005E034
:10D96000037811F8014FA34201D0181B10BD0130FC
:10D97000F2E7C9B20346184613F8012B12B18A42E6
:10D98000F9D17047002918BF0020704710B56AB15F
:10D990000139841810F8012B11F8013F9A4203D184
:10D9A000A04201D0002AF5D1D01A10BD1046FCE7E4
:10D9B00010B50139034632B111F8014F03F8014B9C
:10D9C000013A002CF7D11A440021934200D110BD36
:10D9D00003F8011BF9E710B5024601448A421346D9
:10D9E00003D01C780132002CF8D1181A10BD0A7827
:10D9F00070B56AB970BD9A4209D10C46054614F853
:10DA0000013F002BF6D015F8016F9E42F7D0013090
:10DA10000378002BEFD11846ECE72DE9F8439C780A
:10DA200014F0020405460E4690461F4603D091B1FD
:10DA30000024444502D12046BDE8F88305EB0609E1
:10DA40007B6815F8010B394698470028F3DB4D45F4
:10DA5000F6D10134EDE70C46EDE7F0B5C3F1370739
:10DA60000446FFB203F01F031046082BE6B233D082
:10DA7000102B3ED06508A40844EA817445EAC175BC
:10DA80002D194FEA910242EB5102290941EA027134
:10DA90006D1842EB1212290A41EA02616D1842EB3D
:10DAA0001222290C41EA02416D1842EB1242AD18D4
:10DAB00042F10002EC0844EA4274D10804EB84020B
:10DAC000A6EB4205EDB2092D0CD90134A5F10A05EA
:10DAD00041F10001EDB212E0E40844EA417406F0BD
:10DAE0000705C908303554EA010200F8015BBCD1D2
:10DAF000F0BD240944EA017406F00F050909092D57
:10DB000084BFED19EDB2EDE7D1E9043293421EBFB7
:08DB10005A1C0A6118707047ED
:08DB18001A35FE7F0100000038
:10DB2000E15F000800000000DD6000080000000068
:10DB3000FD600008000000001D61000800000000FA
:10DB40000000000080DC01080D3200080000000029
:10DB50003DA500080000000085B900080000000095
:10DB6000000000009CDC01080000000044DD01080A
:10DB7000000000007CDD01080000000098DD0108C5
:10DB80000000000060DD01080000000028DD010841
:10DB9000000000000CDD010800000000F0DC0108BE
:10DBA00000000000D4DC010800000000B8DC01081F
:10DBB00099B701080000000000000000D0DD010856
:10DBC00000000000B4DD010800000000ECDD0108E9
:10DBD0009D740008000000004D9000080000000047
:10DBE000A533000800000000E15E0008000000000E
:10DBF000C951000800000000A9B900080000000099
:10DC00000000000008DE01080000000078DE0108C6
:10DC1000000000005CDE01080000000040DE01089A
:10DC20000000000024DE01080000000020DF0108E1
:10DC30000000000074DF0108000000003CDF010864
:10DC40000000000090DF01080000000058DF01081C
:10DC500000000000ACDF010800000000E8DE010861
:10DC60000000000004DF010800000000CCDE010815
:10DC700000000000B0DE01080000000094DE010892
:10DC8000A0120208000000003CE30108EA1D002089
:10DC9000000000000173000800000000C715020822
:10DCA000BCEC01089CE20108F61D00200000000009
:10DCB00000000000000000007B02020888E8010864
:10DCC00058E20108D41D00204874002021320008C9
:10DCD00000000000890202089CE8010858E20108DF
:10DCE000D61D0020587400202132000800000000DA
:10DCF00097020208B0E8010858E20108D81D002088
:10DD0000687400202132000800000000A50202080B
:10DD1000C4E8010858E20108DA1D002078740020E8
:10DD20002132000800000000B3020208D8E8010810
:10DD300058E20108DC1D0020887400202132000810
:10DD400000000000C1020208ECE8010858E20108E6
:10DD5000DE1D002098740020213200080000000021
:10DD6000CF02020800E9010858E20108E01D002086
:10DD7000A87400202132000800000000DD02020823
:10DD800014E9010858E20108E21D0020B8740020DF
:10DD90002132000800000000010D02080000000010
:10DDA00000000000E61D0020000000005161000896
:10DDB00000000000B30702085C1F002058E30108C0
:10DDC000E41D002000000020494F00080000000072
:10DDD00007170208F8EC0108ACE30108021E002056
:10DDE0002C090020D5870008000000001A13020843
:10DDF00060EB010824E20108EC1D00200C790020F2
:10DE0000ED750008000000008912020870EA0108A0
:10DE100018E20108E81D0020B0000020556D000840
:10DE200000000000B713020888EB01087CE201083B
:10DE3000EE1D002018790020D57B000800000000AE
:10DE4000C4130208C8EB01087CE20108F01D0020A1
:10DE50007C790020D57B000800000000D113020867
:10DE600008EC01087CE20108F21D0020E0790020A6
:10DE7000D57B000800000000B915020848EC010835
:10DE800094E20108F41D0020E4080020FD7F000852
:10DE9000000000004A160208C0EC0108ACE20108CC
:10DEA000F81D002068820020318200080000000078
:10DEB0004A160208C8EC0108ACE20108FA1D00206D
:10DEC0006A82002031820008000000004A16020821
:10DED000D0EC0108ACE20108FC1D00206C8200209F
:10DEE00031820008000000008F160208D8EC0108FB
:10DEF000C8E20108FE1D0020F00800209183000800
:10DF000000000000B0160208DCEC0108E4E20108A1
:10DF1000001E0020447A0020D58400080000000084
:10DF2000AD1802084CED010800E30108041E0020B2
:10DF3000B41D0020618A000800000000B818020823
:10DF400070ED010800E30108061E0020B61D002048
:10DF5000618A000800000000C318020894ED01085F
:10DF600000E30108081E0020B81D0020618A000897
:10DF700000000000891A0208B8ED010814E3010846
:10DF80000A1E002068010020B18B0008000000007C
:10DF9000921A0208DCED010814E301080C1E0020AF
:10DFA00030020020B18B0008000000009B1A02081C
:10DFB00000EE010814E301080E1E0020F802002004
:08DFC000B18B00080000000015
:10DFC8000000000029B701080000000029B7010877
:10DFD8000000000029B701080000000029B7010867
:10DFE8000000000029B701080000000029B7010857
:10DFF8000D1D0208016200080B1D020801620008DD
:10E00800091D020801620008071D020801620008D4
:10E01800051D0208016200080000000029B7010878
:10E028000000000029B701080000000029B7010816
:10E038000000000029B701080000000029B7010806
:10E048000000000029B701080000000029B70108F6
:10E05800000000003D6E00080000000029B701081C
:10E068000000000029B701080000000029B70108D6
:10E078000000000029B70108031D0208016200081A
:10E088000000000029B701080000000029B70108B6
:10E098000000000029B701080000000029B70108A6
:10E0A8000000000029B701080000000029B7010896
:10E0B8000000000029B701085CDE010891BD0108D5
:10E0C8005CDE010895BD010840DE010891BD01082C
:10E0D80040DE010895BD01080000000029B70108CD
:10E0E8000000000029B70108D0DD0108DBC50108E0
:10E0F8000000000029B701080000000029B7010846
:10E10800011D020801620008ECDD010869780008B9
:10E118000000000029B701080000000029B7010825
:10E128000000000029B701080000000029B7010815
:10E138000000000029B701080000000029B7010805
:10E148000000000029B701080000000029B70108F5
:10E158000000000029B701080000000029B70108E5
:10E168000000000029B701080000000029B70108D5
:10E178000000000029B701080000000029B70108C5
:10E188000000000029B701080000000029B70108B5
:10E198000000000029B701080000000029B70108A5
:10E1A8000000000029B701080000000029B7010895
:10E1B8000000000029B701080000000029B7010885
:10E1C8000000000029B701080000000029B7010875
:10E1D8000000000029B7010800000000956300084E
:10E1E8000000000029B701080000000029B7010855
:10E1F8000000000029B701080000000029B7010845
:10E2080024DE010891BD010824DE010895BD01083E
:0CE218004D6C0008296F0008E40C0000A9
:10E2240091750008ED740008ADBA01080000000003
:10E2340000000000D9780008AD7500088DBA010807
:10E244003575000887BA01080000000000000000CE
:04E2540000000000C6
:10E2580051BB0108BBBA0108C7BA0108D9BA0108FD
:10E26800E3BA0108EFBA0108117A0008FDBA0108FB
:04E2780000000000A2
:10E27C004D7B000853BD0108C5BC0108000000001F
:08E28C0000000000000000008A
:08E29400997D000825C3010873
:10E29C003BC301085BC3010877C3010895C30108A0
:10E2AC000000000000000000000000007582000863
:10E2BC00ABC30108000000000000000000000000DB
:10E2CC0000000000000000001583000813C40108C2
:10E2DC000000000000000000000000000000000032
:10E2EC00000000004184000857C401080000000031
:04E2FC00000000001E
:10E300009DC70108A5C7010895890008ADC7010888
:04E310000000000009
:10E31400B1C8010849C8010807C80108358B0008BD
:10E3240000000000D98E00082FC80108818E000863
:08E33400498C000811C8010822
:10E33C0089B90108CDB9010800000000E17100089D
:0CE34C003FBA010800000000F9B9010808
:10E358008BB60108D54F0008000000000FB5010872
:10E3680027B50108014E000843B60108E14D000831
:10E378007BB4010885B40108C14D0008A5B40108A3
:10E3880000000000AFB40108000000000000000019
:10E39800BDB401089DB60108D5B4010883B50108CC
:10E3A800DDB40108FDC501081FC60108A9C401089C
:10E3B800B988000855C6010825C70108E3C6010841
:10E3C80007C5010825C5010843C5010863C501083B
:10E3D80081C5010857C501089FC501086585000862
:10E3E800BD850008ABC50108CFC50108D3C5010824
:08E3F80000000000000000001D
:08E4000011BC0008FDDC00085E
:10E4080096120208030000005416020803000000D8
:10E418005F0202080300000027130208030000003F
:10E428001F0D020803000000E70C020803000000AB
:10E43800A41A020803000000E61A020803000000FC
:10E448003913020803000000221402080300000028
:10E458003614020803000000DE130208030000005F
:10E468002B0102080300000037FD0108030000002B
:10E4780030030208030000002D0402080300000016
:10E488001C0C0208030000003F0102080300000002
:10E49800B401020803000000800C02080300000019
:10E4A8008A0C020803000000CC0C020803000000DC
:10E4B800A50C020803000000B20C020803000000CB
:10E4C800BE0C020803000000960C020803000000BE
:10E4D800BD1502080300000015080208030000002B
:10E4E800E2130208030000001403020803000000FE
:10E4F8008916020803000000AA160208030000009B
:10E508007002020803000000CE1802080300000091
:10E518001717020803000000121002080300000089
:10E528001C07020803000000FB05020803000000A6
:10E53800A607020803000000D40C0208030000002C
:10E54800F4E90108600800201C040208010000002A
:08E558000100000000000000BA
:10E56000FFFFFFFFFFFFFF7FFFC99A3B0000000096
:10E570006588635DDC46030060C79C2200000000E4
:10E58000047DC12502000000FFD7F2320000000028
:10E59000440000000040000058524345010F0000B5
:10E5A000FFFE00C2010000000801FF02FF04FF059A
:10E5B000FF06FF0000000000010000000A0000004C
:10E5C0000102000000000000000000000000000048
:10E5D000000000000000000000000000000000003B
:10E5E000000000000000000000000000000000002B
:10E5F000000000000000000000000000000000001B
:10E60000000000000000000000000000000000000A
:10E6100000000000000000000000000000000000FA
:10E6200000000000000000000000000000000000EA
:10E6300000000000000000000000000000000000DA
:10E6400000000000000000000000000000000000CA
:10E6500000000000000000000000000000000000BA
:10E6600000000000000000000000000000000000AA
:10E67000000000000000000000000000000000009A
:10E68000000000000000000000000000000000008A
:10E690000000000000000000010000000A0000006F
:10E6A0000102000000000000000000000000000067
:10E6B000000000000000000000000000000000005A
:10E6C000000000000000000000000000000000004A
:10E6D000000000000000000000000000000000003A
:10E6E0000000000000000000010000000500000024
:10E6F0000202000000000000000000000000000016
:10E700000000000000000000000000000000000009
:10E7100000000000000000000000000000000000F9
:10E7200000000000000000000000000000000000E9
:10E730000000000000000000010000000A000000CE
:10E7400001020000000000000000000000000000C6
:10E7500000000000000000000000000000000000B9
:10E7600000000000000000000000000000000000A9
:10E770000000000000000000000000000000000099
:10E780000000000000000000000000000000000089
:10E790000000000000000000000000000000000079
:10E7A0000000000000000000000000000000000069
:10E7B0000000000000000000000000000000000059
:10E7C0000000000000000000000000000000000049
:10E7D0000000000000000000000000000000000039
:10E7E0000000000000000000000000000000000029
:10E7F0000000000000000000000000000000000019
:10E800000000000000000000000000000000000008
:10E8100000000000000000000000000000000000F8
:10E8200000000000000000000000000000000000E8
:10E8300000000000000000000000000000000000D8
:10E8400000000000000000000000000000000000C8
:10E8500000000000000000000000000000000000B8
:10E8600000000000000000000000000000000000A8
:10E870000000000000000000000000000000000098
:10E880000000000000000000FFFF0000001C02402C
:10E89000070000003000000080000000FFFF0000C3
:10E8A0000018024006000000300000004000000098
:10E8B000FFFF0000001402400500000030000000CF
:10E8C00020000000FFFF00000010024004000000D4
:10E8D0003000000010000000FFFF0000000C0240AC
:10E8E000030000003000000008000000FFFF0000EF
:10E8F0000008024002000000300000000400000098
:10E90000FFFF000000040240010000003000000092
:10E9100002000000FFFF00000000024000000000B5
:10E9200030000000010000007CDD010860DD01080E
:10E9300044DD010828DD01080CDD0108F0DC0108D8
:10E94000D4DC0108B8DC0108000000000000000071
:10E9500000000000000000000000000000000000B7
:10E9600000000000000000000000000000000000A7
:10E970000000000000000000000000000000000097
:10E980000000000000000000000000000000000087
:10E99000202000200001000033B10108C9B00108A7
:10E9A00002000000E3B201080000000000000000C7
:10E9B0000000000000000000FC030208040402083C
:10E9C0000000000000000000000000000C0402082D
:10E9D000100402081404020818040208E4E90108FB
:10E9E000EC7400205D3D00080C7500207082002052
:10E9F00001000000A3B3010899B3010867B301083F
:10EA00005BB30108000000004FB3010800000000E4
:10EA1000000000200000000000000B0602000000C3
:10EA200024EA0108000000086C0C02082400020619
:10EA300000000020740C020820000B11A808002020
:10EA400048EA01080100000050EA01080200000045
:10EA50006A010000000000008A01000000000000C0
:10EA6000340000008000000007000000FF000000EC
:10EA70000020014027B90108440000000001000007
:10EA80000000000000000000000000000000000086
:10EA900000000000C8EA01080F1D0208B8EA0108DA
:10EAA00003000F001C003800540070009000E001CB
:10EAB0000400010000400000000000000000000110
:10EAC0000000000200000003D0EA0108010000007D
:10EAD000D8EA01080100000030000000000000003A
:10EAE00000000000000010000000200000003000C6
:10EAF00000004000000050000000600000007000B6
:10EB000000008000000090000000A0000000B000A5
:10EB10000000C0000000D0000000E0000000F00095
:10EB200000020000050200000A0200000F020000BF
:10EB3000140200001902000000010000050100009D
:10EB40000A0100000F01000014010000190100007B
:10EB500000000000050000000A0000000F00000097
:10EB600001000000FFFFFFFF010100007F00000027
:10EB7000F900000078EB01084000000000000010E0
:10EB800003000000700028029FBC0108A0EB0108F0
:10EB900001000000005C0040A0860100A8EB010815
:10EBA0004000000000008000B0EB01080100000000
:10EBB000B8EB010802000000040100004002000060
:10EBC000890200004002000079BC0108E0EB010866
:10EBD0000100000000580040A0860100E8EB010899
:10EBE0004000000000004000F0EB010801000000C0
:10EBF000F8EB01080200000044030000400200009E
:10EC0000690200004002000053BC010820EC01082A
:10EC10000100000000540040A086010028EC01081B
:10EC2000400000000000200030EC0108010000005E
:10EC300038EC010802000000C4020000400200009D
:10EC4000E40200004002000000080040E803000069
:10EC500000000000000000000000000068EC010857
:10EC60000200000078EC01084000000004000000F1
:10EC700015000000FF00000080EC0108010000000A
:10EC800088EC010801000000020300000000000001
:10EC900015C3010819C301081DC3010821C30108D8
:10ECA000040000004000000000040000010000001B
:10ECB00010000000000100000010000000380240B9
:10ECC00024DE01083600000040DE010836000000A6
:10ECD0005CDE0108360000000400000008DE0108C8
:10ECE0000904FF3F11000000002001402A7AFF1FA5
:10ECF000E40C0000000000000010014080DC01086E
:10ED00009CDC01088404000024ED010801000000DF
:10ED10000000000000000000000000002CED0108D1
:10ED2000E7C50108440000001000000034ED0108B0
:10ED3000010000003CED0108020000002701000076
:10ED400000020000470100000000000044DD01084F
:10ED50000D000000000000000000000000000000A6
:10ED6000000000006400000000000000BA1D002048
:10ED700044DD01080D00000000000000000000005C
:10ED8000000000000000000064000000000000001F
:10ED9000BA1D002044DD01080D0000000000000045
:10EDA00000000000000000000000000064000000FF
:10EDB00000000000BA1D002024EE01080000000041
:10EDC00000000000C18C00087CDD01080300000089
:10EDD0007CDD01080500000020DF010824EE0108A9
:10EDE0000000000000000000C18C00087CDD01086C
:10EDF000000000007CDD0108010000003CDF01088C
:10EE000024EE01080000000000000000C18C000892
:10EE10007CDD0108060000007CDD01080700000021
:10EE200058DF0108B58F0008D7C80108C98F00084E
:10EE3000EBC80108EFC80108F7C801084B1C02081D
:10EE4000591C02086D1C02087C1C0208881C020860
:10EE500020DB010820DB0108D8DB0108E0DB01082A
:10EE600080DC010880DC0108C11C020800010000F0
:10EE7000000000000000000072636C5F696E746542
:10EE80007266616365730000726F7369646C5F74AE
:10EE9000797065737570706F72745F696E74726F7C
:10EEA0007370656374696F6E5F635F5F6765745FDE
:10EEB0006D6573736167655F747970655F73757095
:10EEC000706F72745F68616E646C655F5F72636CB3
:10EED0005F696E74657266616365735F5F6D7367AA
:10EEE0005F5F4C6F67000000726F7369646C5F74E2
:10EEF000797065737570706F72745F6D6963726F2E
:10EF0000787263656464735F635F5F6765745F6D88
:10EF10006573736167655F747970655F7375707031
:10EF20006F72745F68616E646C655F5F72636C5F63
:10EF3000696E74657266616365735F5F6D73675F49
:10EF40005F4C6F6700000000726F7369646C5F74E0
:10EF5000797065737570706F72745F696E74726FBB
:10EF60007370656374696F6E5F630000726F7369BD
:10EF7000646C5F74797065737570706F72745F6DB7
:10EF80006963726F787263656464735F6300000025
:10EF900072636C5F696E74657266616365735F5FEF
:10EFA0006D7367004C6F67007374616D70000000D3
:10EFB0006C6576656C0000006E616D650000000098
:10EFC00066696C650000000066756E6374696F6E3B
:10EFD000000000006C696E650000000072636C5FE9
:10EFE000696E74657266616365733A3A6D73670042
:10EFF0003A3A00002573257325732573257325730D
:10F00000257300005F00000064647300257325739E
:10F0100000000000556E6578706563746564206358
:10F020006F6E646974696F6E3A20737472696E678B
:10F0300020636170616369747920776173207A65F8
:10F04000726F20666F7220616C6C6F6361746564AF
:10F050002064617461212045786974696E672E0AA5
:10F0600000000000556E6578706563746564206308
:10F070006F6E646974696F6E3A20737472696E673B
:10F080002073697A6520776173206E6F6E2D7A65C3
:10F09000726F20666F72206465616C6C6F6361745F
:10F0A00065642064617461212045786974696E67C4
:10F0B0002E0A0000556E6578706563746564206281
:10F0C00065686176696F723A20737472696E672041
:10F0D000636170616369747920776173206E6F6E0C
:10F0E0002D7A65726F20666F72206465616C6C6F3B
:10F0F000636174656420646174612120457869747A
:10F10000696E672E0A000000726F7369646C5F7429
:10F11000797065737570706F72745F6300000000C2
:10F1200073656E736F725F6D73677300726F73696F
:10F13000646C5F74797065737570706F72745F69F9
:10F140006E74726F7370656374696F6E5F635F5F17
:10F150006765745F6D6573736167655F747970650A
:10F160005F737570706F72745F68616E646C655FF9
:10F170005F73656E736F725F6D7367735F5F6D73DF
:10F18000675F5F4A6F696E74537461746500000055
:10F19000726F7369646C5F74797065737570706F8A
:10F1A00072745F6D6963726F787263656464735FB4
:10F1B000635F5F6765745F6D6573736167655F74D7
:10F1C0007970655F737570706F72745F68616E647B
:10F1D0006C655F5F73656E736F725F6D7367735F8E
:10F1E0005F6D73675F5F4A6F696E745374617465B6
:10F1F0000000000073656E736F725F6D7367735FFD
:10F200005F6D7367000000004A6F696E745374612C
:10F21000746500006865616465720000706F7369F1
:10F2200074696F6E0000000076656C6F63697479B5
:10F23000000000006566666F7274000073656E738F
:10F240006F725F6D7367733A3A6D73670000000009
:10F250007374645F6D7367735F5F6D736700000045
:10F2600048656164657200006672616D655F69641E
:10F27000000000007374645F6D7367733A3A6D73D6
:10F28000670000006275696C74696E5F696E746511
:10F290007266616365735F5F6D73670054696D6566
:10F2A000000000006E616E6F736563006275696CCB
:10F2B00074696E5F696E74657266616365733A3A0C
:10F2C0006D7367002E0000002F0000002F257300D3
:10F2D00025732F2573000000524F535F444953415B
:10F2E000424C455F4C4F414E45445F4D4553534161
:10F2F00047455300617267756D656E7420656E7663
:10F300005F6E616D65206973206E756C6C00000026
:10F31000617267756D656E7420656E765F76616C7F
:10F320007565206973206E756C6C0000726D775F77
:10F3300076616C69646174655F6E616D657370613F
:10F34000636528293A20756E6B6E6F776E20726D3B
:10F35000775F76616C69646174655F66756C6C5F1C
:10F36000746F7069635F6E616D65282920726573C3
:10F37000756C74202725642700000000756E6B6E85
:10F380006F776E20726573756C7420636F6465208F
:10F39000666F7220726D77206E616D657370616348
:10F3A000652076616C69646174696F6E00000000AD
:10F3B0006E616D657370616365206D757374206E29
:10F3C0006F7420626520656D707479006E616D6583
:10F3D0007370616365206D7573742062652061626E
:10F3E000736F6C7574652C206974206D757374204F
:10F3F0006C6561642077697468206120272F27007D
:10F400006E616D657370616365206D757374206ED8
:10F410006F7420656E642077697468206120272FDF
:10F42000272C20756E6C657373206F6E6C7920616C
:10F4300020272F27000000006E616D6573706163E7
:10F4400065206D757374206E6F7420636F6E7461C8
:10F45000696E2063686172616374657273206F7492
:10F46000686572207468616E20616C7068616E7589
:10F470006D65726963732C20275F272C206F7220C3
:10F48000272F27006E616D657370616365206D7550
:10F490007374206E6F7420636F6E7461696E207276
:10F4A0006570656174656420272F27006E616D6546
:10F4B0007370616365206D757374206E6F7420685E
:10F4C000617665206120746F6B656E20746861746D
:10F4D0002073746172747320776974682061206E80
:10F4E000756D6265720000006E616D6573706163B9
:10F4F000652073686F756C64206E6F742065786327
:10F500006565642027524D575F4E414D455350412C
:10F5100043455F4D41585F4E414D455F4C454E4719
:10F5200054482700756E6B6E6F776E207265737529
:10F530006C7420636F646520666F7220726D772033
:10F540006E6F6465206E616D652076616C696461C3
:10F5500074696F6E000000006E6F6465206E616DEF
:10F5600065206D757374206E6F7420626520656D03
:10F57000707479006E6F6465206E616D65206D75C5
:10F580007374206E6F7420636F6E7461696E206394
:10F59000686172616374657273206F74686572204C
:10F5A0007468616E20616C7068616E756D657269FA
:10F5B0006373206F7220275F270000006E6F646501
:10F5C000206E616D65206D757374206E6F7420738D
:10F5D0007461727420776974682061206E756D6241
:10F5E000657200006E6F6465206E616D65206C65EC
:10F5F0006E6774682073686F756C64206E6F74201A
:10F600006578636565642027323535270000000082
:10F6100063647200726D775F6D6963726F78726395
:10F620006564647300000000524F535F4155544FAE
:10F630004D415449435F444953434F564552595FE6
:10F6400052414E47450000004F4646004C4F434153
:10F650004C484F53540000005355424E455400004F
:10F6600053595354454D5F44454641554C54000051
:10F67000524F535F5354415449435F504545525391
:10F6800000000000524D575F4155544F4D415449C1
:10F69000435F444953434F564552595F52414E4789
:10F6A000455F4E4F545F534554000000524D575F25
:10F6B0004155544F4D415449435F444953434F567C
:10F6C0004552595F52414E47455F4F464600000044
:10F6D000524D575F4155544F4D415449435F444942
:10F6E00053434F564552595F52414E47455F4C4F29
:10F6F00043414C484F535400524D575F4155544F6E
:10F700004D415449435F444953434F564552595F15
:10F7100052414E47455F5355424E4554000000004C
:10F72000524D575F4155544F4D415449435F4449F1
:10F7300053434F564552595F52414E47455F5359C7
:10F740005354454D5F44454641554C54000000001C
:10F75000524F535F444F4D41494E5F4944000000B2
:10F7600025732F25732573007B6E6F64657D000004
:10F770007B6E737D000000007B6E616D6573706150
:10F7800063657D000200000078EE0108A0F7010823
:10F7900098F701086809002088EE0108E8EE0108E2
:10F7A00048EF01086CEF010890EF0108A4EF010891
:10F7B0000700000040000000000000008809002051
:10F7C00025BC000829BC000872740000020000007B
:10F7D00020F10108E8F70108E0F70108800B00209C
:10F7E0002CF1010890F1010848EF01086CEF0108C5
:10F7F000F4F1010808F201080500000044000000CF
:10F8000000000000A00B00207DDD000881DD000865
:10F8100050F2010860F2010802000000140000002C
:10F8200000000000180D0020C1E10008C5E100083B
:10F8300084F201089CF201080200000008000000A8
:10F8400000000000DC0D002029E300082DE3000883
:10F8500000000000000000000000000000000000A8
:10F860000000000000000000000000000000000098
:10F870000000000000000000000000000000000088
:10F880000000000000000000000000000000000078
:10F890000000000000000000000000000000000068
:10F8A0000000000000000000D14F0108D54F010802
:10F8B0000000000000000000000000000000000048
:10F8C000D54F0108D94F0108DD4F010800000000A5
:10F8D0000000000000000000D94F0108DD4F0108C2
:10F8E000E14F0108000000000000000000000000DF
:10F8F0000000000000000000000000000000000008
:10F9000000000000000000000000000000000000F7
:10F9100000000000000000000000000000000000E7
:10F9200000000000000000000000000000000000D7
:10F9300000000000000000000000000000000000C7
:10F9400000000000548000200200000002000000BF
:10F95000201500201600000016000000AC0E00204C
:10F960000300000003000000B00E002003060000AA
:10F9700003060000201500201600000016000000FD
:10F98000D80300200700000007000000B414002086
:10F990000100000001000000000000000000000065
:10F9A000B0F30108CCF3010800F4010838F40108B1
:10F9B00084F40108ACF40108E8F401080000000038
:10F9C00058F5010874F50108BCF50108E4F50108D3
:10F9D00014F60108908100200300000003000000DD
:10F9E000D81900201A0000001A0000005C15002041
:10F9F000030000000300000060150020E703000082
:10FA0000E7030000D81900201A0000001A000000C7
:10FA1000D005002005000000050000004819002066
:10FA20000200000002000000FC8100200200000033
:10FA300002000000A81B00201300000013000000BB
:10FA4000181A002003000000030000001C1A002008
:10FA50004201000042010000A81B0020130000002A
:10FA60001300000038070020020000000200000020
:10FA7000601B002001000000010000004482002003
:10FA80000100000001000000981D00201B00000084
:10FA90001B000000E01B002003000000030000002A
:10FAA000E41B0020A5010000A5010000981D002016
:10FAB0001B0000001B000000C8070020020000001F
:10FAC0000200000000000000000000000000000034
:10FAD0000000C1C081C1400101C3C003800241C216
:10FAE00001C6C006800741C70005C1C581C44004E6
:10FAF00001CCC00C800D41CD000FC1CF81CE400E96
:10FB0000000AC1CA81CB400B01C9C009800841C8A5
:10FB100001D8C018801941D9001BC1DB81DA401A15
:10FB2000001EC1DE81DF401F01DDC01D801C41DCE5
:10FB30000014C1D481D5401501D7C017801641D615
:10FB400001D2C012801341D30011C1D181D0401025
:10FB500001F0C030803141F10033C1F381F2403215
:10FB60000036C1F681F7403701F5C035803441F4E5
:10FB7000003CC1FC81FD403D01FFC03F803E41FE95
:10FB800001FAC03A803B41FB0039C1F981F84038A5
:10FB90000028C1E881E9402901EBC02B802A41EA15
:10FBA00001EEC02E802F41EF002DC1ED81EC402CE5
:10FBB00001E4C024802541E50027C1E781E6402615
:10FBC0000022C1E281E3402301E1C021802041E025
:10FBD00001A0C060806141A10063C1A381A2406215
:10FBE0000066C1A681A7406701A5C065806441A4E5
:10FBF000006CC1AC81AD406D01AFC06F806E41AE95
:10FC000001AAC06A806B41AB0069C1A981A84068A4
:10FC10000078C1B881B9407901BBC07B807A41BA14
:10FC200001BEC07E807F41BF007DC1BD81BC407CE4
:10FC300001B4C074807541B50077C1B781B6407614
:10FC40000072C1B281B3407301B1C071807041B024
:10FC50000050C190819140510193C0538052419214
:10FC60000196C056805741970055C19581944054E4
:10FC7000019CC05C805D419D005FC19F819E405E94
:10FC8000005AC19A819B405B0199C05980584198A4
:10FC90000188C04880494189004BC18B818A404A14
:10FCA000004EC18E818F404F018DC04D804C418CE4
:10FCB0000044C184818540450187C0478046418614
:10FCC0000182C042804341830041C1818180404024
:10FCD00084F60108ACF60108D0F60108F8F6010830
:10FCE00020F70108000000000000000000000000F4
:10FCF0000000000000000000000000000000000004
:10FD0000000000000000000000100000003046610C
:10FD1000696C656420737461747573206F6E206CF8
:10FD2000696E652025643A2025642E002F6D696375
:10FD3000726F5F726F732F6C6F67006D6963726FA4
:10FD40002D524F53206C6F67207075626C69736819
:10FD5000657220696E6974206661696C65643A2019
:10FD600025640A00496E76616C6964204A6F696E89
:10FD70007453746174653A20657870656374656462
:10FD80002065786163746C79203520706F736974B5
:10FD9000696F6E73005374657070657230206D6F9B
:10FDA0007665206661696C65643A20256400537449
:10FDB000657070657231206D6F7665206661696C63
:10FDC00065643A2025640053746570706572322052
:10FDD0006D6F7665206661696C65643A2025640004
:10FDE00068656C6C6F0D0A005374617274696E679C
:10FDF00020636F6D62696E6564206A6F696E742B33
:10FE0000656E636F646572206D6963726F2D524F0A
:10FE10005320436F6E74726F6C6C65722E2E2E00C1
:10FE20004750494F20646576696365206E6F742082
:10FE30007265616479005374657070657230206416
:10FE40006576696365206E6F742072656164790000
:10FE500053746570706572312064657669636520DE
:10FE60006E6F74207265616479005374657070659B
:10FE7000723220646576696365206E6F74207265E6
:10FE8000616479004153353630305F3120646576E6
:10FE9000696365206E6F74207265616479004153F7
:10FEA000353630305F3220646576696365206E6F69
:10FEB00074207265616479004153353630305F33A8
:10FEC00020646576696365206E6F74207265616475
:10FED0007900416C6C2041533536303020656E63BB
:10FEE0006F64657273207265616479005365727620
:10FEF0006F2050574D20646576696365206E6F747E
:10FF000020726561647900536572766F2050574D99
:10FF100020646576696365207265616479006D6946
:10FF200063726F2D524F5320737570706F7274200F
:10FF3000696E697469616C697A656420737563635D
:10FF400065737366756C6C7921006A6F696E745F96
:10FF5000656E636F6465725F737465707065725F00
:10FF60006E6F64650072636C635F737570706F723F
:10FF7000745F696E6974206661696C656420282508
:10FF800064292C2072657472792025642F31302EFB
:10FF90002E2E004661696C656420746F20696E695D
:10FFA0007469616C697A65206D6963726F2D524F57
:10FFB0005320616674657220313020617474656D00
:10FFC0007074732E20497320746865204167656ED4
:10FFD000742072756E6E696E673F006A6F696E7429
:10FFE0005F31006A6F696E745F32006A6F696E74A8
:10FFF0005F33006A6F696E745F34006A6F696E7494
:020000040802F0
:100000005F36002F6A6F696E745F73746174657315
:10001000207075626C697368657220696E697469B5
:10002000616C697A6564004D6963726F2D524F533C
:100030002073657175656E636520696E69746961A9
:100040006C697A6174696F6E206661696C656400C1
:100050004661696C656420746F20616C6C6F6361CC
:10006000746520737472696E672062756666657266
:1000700020666F72206A6F696E74206E616D650014
:100080004661696C656420746F20616C6C6F63619C
:10009000746520737472696E672062756666657236
:1000A00020666F72206672616D655F6964002F6AF9
:1000B0006F696E745F636F6D6D616E64730053651D
:1000C00074757020636F6D706C6574652120537555
:1000D000627363726962656420746F202F6A6F694E
:1000E0006E745F636F6D6D616E647320616E64200A
:1000F0002F677269707065725F636D64005075621E
:100100006C697368696E6720656E636F64657220E1
:10011000706F736974696F6E7320746F202F6A6FCC
:10012000696E745F737461746573006A6F696E746D
:100130005F737465707065725F6D6963726F726F03
:1001400073006865617020636F7272757074696F97
:100150006E20286E6F7420696E207573653F2920AC
:100160006174202570006865617020636F7272751C
:100170007074696F6E2028627566666572206F768E
:100180006572666C6F773F29206174202570006866
:1001900065617020636F7272757074696F6E20286C
:1001A000646F75626C6520667265653F29206174B5
:1001B000202570006F735F686561700028756E732D
:1001C00069676E6564292063686172202A207573EF
:1001D000656420666F722025257020617267756DD9
:1001E000656E742E2049742773207265636F6D6D80
:1001F000656E64656420746F206361737420697434
:1002000020746F20766F6964202A206265636175AF
:100210007365206974206D61792063617573652051
:100220006D69736265686176696F7220696E2063BB
:1002300065727461696E20636F6E6669677572615D
:1002400074696F6E732E20537472696E673A22253B
:10025000732220617267756D656E743A2564006360
:10026000627072696E74665F7061636B616765006E
:100270007379735F6765746F7074006770696F403E
:100280003430303231633030006770696F40343061
:10029000303231383030006770696F40343030327E
:1002A00031343030006770696F4034303032313073
:1002B0003030006770696F40343030323063303036
:1002C000006770696F40343030323038303000674A
:1002D00070696F40343030323034303000677069CC
:1002E0006F40343030323030303000556E62616CE7
:1002F000616E636564206261636B757020646F6D0D
:1003000061696E2061636365737320726566636FF4
:10031000756E740073746D33325F6261636B7570F8
:100320005F646F6D61696E006C6F6767696E67000F
:100330006C6F675F6D676D74004D657373616765A2
:10034000202822257322292064726F707065642032
:10035000626563617573652069742065786365659E
:1003600064732073697A65206C696D69746174695E
:100370006F6E2028257529004D65737361676520B0
:1003800064726F7070656420626563617573652067
:10039000697420657863656564732073697A652084
:1003A0006C696D69746174696F6E20282575290008
:1003B0001B5B306D00257320005B2530386C755D4C
:1003C00020005B253032753A253032753A253032BF
:1003D000752E253033752C253033755D20003C2576
:1003E000733E200025732F0025733A2000253032FC
:1003F000782000202020007C002563001B5B313B1F
:1004000033316D001B5B313B33336D00657272001D
:1004100077726E00696E6600646267006C6F675F7A
:100420006261636B656E645F75617274006C6F67A7
:100430005F75617274005365742068616C74206527
:10044000702030782530327800436C656172206806
:10045000616C742065702030782530327800456EEC
:1004600064706F696E74203078253032782069733B
:1004700020696E76616C696400456E64706F696EA8
:10048000742030782530327820616C72656164792F
:100490002064697361626C6564004661696C6564BF
:1004A00020746F2064697361626C6520656E64708E
:1004B0006F696E742030782530327800456E647034
:1004C0006F696E742030782530327820616C7265E7
:1004D00061647920636F6E66696775726564004652
:1004E00061696C656420746F20636F6E66696775FF
:1004F000726520656E64706F696E74203078253087
:10050000327800456E64706F696E742030782530E3
:10051000327820616C726561647920656E61626C0D
:100520006564004661696C656420746F20656E6166
:10053000626C6520656E64706F696E74203078251A
:10054000303278004661696C656420746F20777280
:1005500069746520656E64706F696E74206275667B
:100560006665722030782530327800526571756585
:1005700073742062756666657220746F6F20736D88
:10058000616C6C0055534220646576696365207325
:100590007570706F727420616C726561647920652A
:1005A0006E61626C6564004661696C656420746F9D
:1005B00020636F6E666967757265205553422064CB
:1005C000657669636520737461636B004572726F51
:1005D0006E656F7573206465766963652064657305
:1005E00063726970746F72206F7220624D6178500F
:1005F00061636B657453697A6530007573625F641B
:1006000065766963650030313233343536373839D1
:100610004142434445460054686572652069732031
:100620006E6F207573625F6366675F6461746120DB
:10063000666F7220257000556E696E697469616C11
:10064000697A6564207573625F6366675F6461746D
:100650006120706F696E7465722C20636F727275A1
:10066000707465642064657669636520646573638E
:10067000726970746F723F004661696C65642074C2
:100680006F2076616C696461746520656E64706F5B
:10069000696E747300746865206E657720534E2010
:1006A00064657363726970746F7220646F65736ED2
:1006B00027742068617665207468652073616D65B4
:1006C000206C656E67746820617320434F4E464905
:1006D000475F5553425F4445564943455F534E007B
:1006E000496E636F6D706C657465206465766963CF
:1006F000652064657363726970746F720046616926
:100700006C656420746F206669787570205553425B
:100710002064657363726970746F72007573625FD1
:1007200064657363726970746F72005472616E7382
:10073000666572206572726F722025642C20657068
:10074000203078253032780052582064617461205E
:100750006C6F73742C206E6F207472616E7366659B
:1007600072004E6F207472616E7366657220736CD6
:100770006F7420617661696C61626C650041207400
:1007800072616E7366657220697320616C72656157
:100790006479206F6E676F696E672C2065702030FA
:1007A0007825303278007573625F7472616E73669B
:1007B0006572004344435F41434D5F30007573628F
:1007C000776F726B71004E6F2063616C6C62616356
:1007D0006B20736574004661696C656420746F20DA
:1007E000707574206576656E7420696E206D736710
:1007F000713A202564004661696C656420746F203D
:100800007375626D697420776F726B206974656DA2
:100810003A20256400737465707065725F6374724A
:100820006C5F6576656E745F68616E646C6572009E
:1008300072302F61313A20203078253038782020EE
:1008400072312F61323A20203078253038782020DC
:1008500072322F61333A2020307825303878007298
:10086000332F61343A2020307825303878207231A7
:10087000322F69703A202030782530387820723154
:10088000342F6C723A202030782530387800207868
:100890007073723A202030782530387800466175C0
:1008A0006C74696E6720696E737472756374696FB6
:1008B0006E206164647265737320287231352F7005
:1008C00063293A2030782530387800556E68616E9B
:1008D000646C6564204952516E3A202564002A2ACE
:1008E0002A2A2A205553414745204641554C542039
:1008F0002A2A2A2A2A0020204469766973696F6EA1
:10090000206279207A65726F002020556E616C69D3
:10091000676E6564206D656D6F72792061636365D4
:1009200073730020204E6F20636F70726F63657366
:10093000736F7220696E737472756374696F6E730E
:10094000002020496C6C6567616C206C6F616420CD
:100950006F66204558435F52455455524E20696E8C
:10096000746F205043002020496C6C6567616C20D7
:10097000757365206F66207468652045505352007A
:100980002020417474656D707420746F20657865E3
:100990006375746520756E646566696E656420694B
:1009A0006E737472756374696F6E002A2A2A2A2A1C
:1009B00020425553204641554C54202A2A2A2A2A9F
:1009C000002020537461636B696E67206572726FDB
:1009D00072002020556E737461636B696E672065C9
:1009E00072726F72002020507265636973652064B3
:1009F00061746120627573206572726F72002020CD
:100A00004246415220416464726573733A203078E3
:100A10002578002020496D707265636973652064D4
:100A200061746120627573206572726F720020209C
:100A3000496E737472756374696F6E20627573208A
:100A40006572726F72002020466C6F6174696E6708
:100A50002D706F696E74206C617A79207374617483
:100A60006520707265736572766174696F6E20655A
:100A700072726F72002A2A2A2A2A204D5055204667
:100A800041554C54202A2A2A2A2A002020537461D6
:100A9000636B696E67206572726F722028636F6E78
:100AA000746578742061726561206D69676874206F
:100AB0006265206E6F742076616C69642900202065
:100AC00044617461204163636573732056696F6C80
:100AD0006174696F6E0020204D4D46415220416483
:100AE00064726573733A2030782578002020496E4F
:100AF000737472756374696F6E2041636365737399
:100B00002056696F6C6174696F6E0052657365720F
:100B100076656420457863657074696F6E2028007F
:100B200053707572696F757320696E746572727532
:100B3000707420284952512000535053454C20696D
:100B40006E20746872656164206D6F646520646FE7
:100B50006573206E6F7420696E64696361746520CB
:100B6000505350002A2A2A2A2A204841524420461B
:100B700041554C54202A2A2A2A2A002020427573E3
:100B8000206661756C74206F6E20766563746F7279
:100B9000207461626C652072656164002020446588
:100BA000627567206576656E740020204661756CFD
:100BB0007420657363616C6174696F6E202873655E
:100BC000652062656C6F772900415243485F455844
:100BD00043455054207769746820726561736F6E65
:100BE0002025780A002A2A2A2A2A20446562756765
:100BF000206D6F6E69746F722065786365707469BB
:100C00006F6E202A2A2A2A2A002A2A2A2A2A2025FE
:100C10007320256429202A2A2A2A2A006D7075004B
:100C20004661696C656420746F20616C6C6F6361F0
:100C30007465206E6577204D505520726567696F29
:100C40006E2025750A00506172746974696F6E2098
:100C500025753A20636F686572656E636520636809
:100C600065636B206661696C65642E00464C415378
:100C7000485F30005352414D5F3000657869740021
:100C8000706F7369785F656E7600706F7369785FF7
:100C900074696D657200707468726561645F727703
:100CA0006C6F636B00707468726561645F636F6E14
:100CB0006400707468726561645F6B65790070745C
:100CC00068726561645F6D757465780070746872D0
:100CD000656164007873695F73696E676C655F70E6
:100CE000726F6365737300667300496E76616C6939
:100CF00064206C696E65206E756D62657220257565
:100D000000696E746572727570742D636F6E7472A3
:100D10006F6C6C6572403430303133633030006555
:100D20007874695F73746D3332004E6F742076612E
:100D30006C696420656E64706F696E743A2025304A
:100D4000327800696E76616C696420657020307855
:100D50002530327800636C6F636B20636F6E747242
:100D60006F6C20646576696365206E6F74207265B0
:100D700061647900436F756C64206E6F74207365D5
:100D80006C6563742055534220646F6D61696E20F9
:100D9000636C6F636B00556E61626C6520746F20CD
:100DA000656E61626C652055534220636C6F636BA6
:100DB000004661696C656420746F20676574205516
:100DC000534220646F6D61696E20636C6F636B20AA
:100DD000726174650055534220436C6F636B2069E8
:100DE00073206E6F742034384D487A20282564298A
:100DF000005553422070696E6374726C2073657481
:100E00007570206661696C6564202825642900502E
:100E100043445F496E6974206661696C65642C2087
:100E20002564005043445F53746F70206661696CA1
:100E300065642C202564005043445F5374617274D0
:100E4000206661696C65642C2025640048414C5F14
:100E50005043445F536574416464726573732066E4
:100E600061696C656428307825303278292C20251A
:100E7000640048414C5F5043445F45505F52656396
:100E800065697665206661696C656428307825300F
:100E90003278292C20256400696E76616C696420A3
:100EA000656E64706F696E7420636F6E66696775D6
:100EB000726174696F6E00656E64706F696E742024
:100EC000696E6465782F61646472657373206F75F1
:100ED00074206F662072616E67650048414C5F50F8
:100EE00043445F45505F5365745374616C6C206676
:100EF00061696C656428307825303278292C20258A
:100F0000640048414C5F5043445F45505F436C72FE
:100F10005374616C6C206661696C65642830782557
:100F2000303278292C2025640048414C5F504344DE
:100F30005F45505F4F70656E206661696C6564281F
:100F4000307825303278292C2025640048414C5FC8
:100F50005043445F45505F436C6F73652066616921
:100F60006C656428307825303278292C202564007F
:100F7000556E61626C6520746F20676574207772AE
:100F8000697465206C6F636B2028256429004841D3
:100F90004C5F5043445F45505F5472616E736D699E
:100FA00074206661696C6564283078253032782950
:100FB0002C20256400496E76616C696420456E645E
:100FC000706F696E742025780057726F6E672065A8
:100FD0006E64706F696E7420646972656374696FA2
:100FE0006E3A203078253032780057726F6E672065
:100FF000617267756D656E7473006B5F6D73677199
:101000005F7075742829206661696C65643A2025D3
:1010100064007573625F64635F73746D33320044A0
:101020006966666572656E7469616C206368616E7D
:101030006E656C73206E6F7420737570706F727450
:101040006564206F6E2074686973204144430049D1
:101050006E76616C6964206368616E6E656C206792
:1010600061696E00496E76616C6964206368616EC7
:101070006E656C207265666572656E6365004163BE
:10108000717569736974696F6E2074696D65206527
:101090007870656374656420696E207469636B732E
:1010A000206F6E6C790053616D706C696E6720748F
:1010B000696D652076616C7565206E6F742073753F
:1010C00070706F727465642E004E756D626572206B
:1010D0006F6620636F6D6D6F6E2073616D706C69EC
:1010E0006E672074696D65206368616E6E656C73F0
:1010F000206E6F7420737570706F72746564004930
:101100006E76616C69642073616D706C696E6720C6
:1011100074696D65004144432070696E6374726C3C
:10112000207365747570206661696C65642028257C
:10113000642900414443206F76657272756E2065A4
:1011400072726F72206F636375727265642E2055C0
:10115000736520444D412C2072656475636520637E
:101160006C6F636B20736F75726365206672657157
:1011700075656E63792C20696E6372656173652095
:101180007072657363616C65722076616C75652041
:101190006F7220696E6372656173652073616D7033
:1011A0006C696E672074696D65732E004E6F2063E5
:1011B00068616E6E656C732073656C6563746564DD
:1011C00000546F6F206D616E79206368616E6E658B
:1011D0006C7320666F722073657175656E636572DE
:1011E0002E204D61783A20256400496E76616C6945
:1011F00064207265736F6C7574696F6E00457272EE
:101200006F722073657474696E672074686520411D
:101210004443207265736F6C7574696F6E00507211
:101220006F766964656420627566666572206973AD
:1012300020746F6F20736D616C6C202825752F25CD
:1012400075290041444320627566666572206572A7
:10125000726F72004F76657273616D706C696E6744
:10126000206E6F7420737570706F727465640043C4
:10127000616C6962726174696F6E206E6F74207345
:101280007570706F727465640061646340343030EF
:101290003132303030006164635F73746D3332001B
:1012A00072636340343030323338303000636C6FF7
:1012B000636B206F70206661696C656400636C6F9E
:1012C000636B20636F6E666967757265206661691E
:1012D0006C6564004661696C656420746F20656E9E
:1012E0007465722052544320696E6974206D6F6476
:1012F00065004661696C656420746F206465696E81
:10130000697420525443004661696C656420746FAF
:1013100020696E6974205254430072746340343003
:1013200030303238303000636F756E7465725F72C2
:1013300074635F73746D3332006932630025733AEE
:1013400020696E76616C6964206D6F646520256923
:101350000049324320636F6E74726F6C6C6572204B
:101360006E6F7420636F6E666967757265640046A0
:1013700061696C65642063616C6C20636C6F636B86
:101380005F636F6E74726F6C5F6765745F726174B8
:10139000652870636C6B656E5B305D290069326334
:1013A0003A206661696C75726520696E697469615D
:1013B0006C697A696E670069326340343030303569
:1013C000633030006932634034303030353830308B
:1013D00000693263403430303035343030006932A7
:1013E000635F73746D3332004932432070696E63FA
:1013F00074726C207365747570206661696C6564C5
:101400002028256429006932633A206661696C7579
:10141000726520656E61626C696E6720636C6F63D4
:101420006B006932635F6C6C5F73746D33325F6342
:101430006F6D6D6F6E006932635F6C6C5F73746D9E
:1014400033325F763100496E76616C69642063687F
:10145000616E6E656C20282564290043616E6E6F95
:1014600074207365742050574D206F7574707574B7
:101470002C20706572696F64206379636C657320DA
:10148000257520657863656564732031362D626942
:10149000742074696D6572206C696D69742E0043E7
:1014A00068616E6E656C20256420686173204E4F04
:1014B00020636F6D706C656D656E74617279206FFD
:1014C000757470757400436F756C64206E6F742052
:1014D000696E697469616C697A6520636C6F636BAE
:1014E000202825642900436F756C64206E6F74207A
:1014F000636F6E66696775726520636C6F636B20DE
:10150000282564290054696D657220636C6F636BD4
:10151000207261746520676574206572726F722035
:10152000282564290054696D657220636C6F636BB4
:1015300020736F75726365206973206E6F742073FA
:1015400070656369666965640050574D2070696E07
:101550006374726C207365747570206661696C6564
:101560006420282564290025733A2054696D65722A
:1015700020646F6573206E6F7420737570706F7266
:1015800074206D61737465726D6F6465005365746A
:1015900074696E67206465616474696D6520256493
:1015A000206F6E2061206E6F6E2D627265616B2000
:1015B00074696D65722025730070776D0070776DAA
:1015C0005F73746D33320072657365742D636F6E73
:1015D00074726F6C6C657200446576696365202572
:1015E0007320696E697469616C697A65640046612B
:1015F000696C656420746F20726561642073746126
:101600007475732072656769737465723A20256416
:10161000004D61676E6574206E6F7420646574653B
:10162000637465642E004D61676E657420746F6F1E
:10163000207374726F6E672E004D61676E65742043
:10164000746F6F207765616B2E00617335363030B3
:1016500040333600616D735F617335363030004161
:101660004443206973206E6F7420656E61626C65FF
:101670006400446576696365202573206973206E74
:101680006F742072656164790073746D33325F76B4
:1016900062617400526177204144432076616C7529
:1016A00065206973207A65726F0073746D33325FE1
:1016B0007672656600556E61626C6520746F20738A
:1016C000657420257320746F20256400436F756C4A
:1016D00064206E6F7420656E61626C6520284C50CA
:1016E000295541525420636C6F636B0072657365BA
:1016F0007420636F6E74726F6C6C6572206E6F74A1
:101700002072656164790073657269616C40343080
:1017100030313130303000756172745F73746D3305
:10172000320025733A204661696C656420746F202D
:10173000736574206D6963726F7374657020726570
:10174000736F6C7574696F6E3A206D6963726F7335
:101750007465702070696E7320617265206E6F749D
:1017600020646566696E656420286572726F723ADE
:1017700020256429004661696C656420746F2073BC
:101780006574204D53312070696E3A2025640046FF
:1017900061696C656420746F20736574204D5332E9
:1017A0002070696E3A20256400556E737570706FF5
:1017B00072746564206D6963726F737465702072F2
:1017C00065736F6C7574696F6E3A202564004750BD
:1017D000494F2070696E7320617265206E6F7420AE
:1017E0007265616479004661696C656420746F207C
:1017F000636F6E66696775726520656E61626C65A0
:101800002070696E3A202564004D53312070696E56
:10181000206E6F74207265616479004661696C6541
:101820006420746F20636F6E666967757265206DE2
:1018300073312070696E004D53322070696E206ED6
:101840006F74207265616479004661696C6564201B
:10185000746F20636F6E666967757265206D733291
:101860002070696E004661696C656420746F206346
:101870006F6E666967757265204D53582070696E8A
:10188000733A202564004661696C656420746F209A
:10189000736574206D6963726F737465702072650F
:1018A000736F6C7574696F6E3A20256400746D6394
:1018B000323230395F6D3000746D63323230395FEF
:1018C0006D3100746D63323230395F6D3200746D8A
:1018D0006332327878005374657020696E74657273
:1018E00076616C2063616E6E6F74206265207A652C
:1018F000726F005374657020696E74657276616CE6
:1019000020746F6F20736D616C6C20666F72206342
:101910006F6E666967757265642073746570207791
:1019200069647468004661696C656420746F206343
:101930006F6E666967757265207374657020706973
:101940006E3A202564004661696C656420746F20DE
:10195000636F6E666967757265206469722070696D
:101960006E3A20256400537465707065722064724D
:101970006976657220646576696365206E6F742090
:101980007265616479004661696C656420746F20DA
:1019900073746F702074696D696E6720736F7572F0
:1019A00063653A202564004661696C656420746F44
:1019B0002073657420737465702070696E3A2025F9
:1019C0006400556E737570706F7274656420727503
:1019D0006E206D6F64653A202564004661696C6510
:1019E0006420746F207570646174652074696D691A
:1019F0006E6720736F757263653A202564004661D7
:101A0000696C656420746F207374617274207469EA
:101A10006D696E6720736F757263653A2025640087
:101A2000556E737570706F72746564206469726549
:101A30006374696F6E3A202564004661696C656461
:101A400020746F2073657420646972656374696FB4
:101A50006E3A202564005374657020696E74657257
:101A600076616C206E6F7420736574206F722069CC
:101A70006E76616C6964207374657020696E74653C
:101A80007276616C20736574007374657070657232
:101A900030007374657070657231007374657070B6
:101AA000657232006770696F5F737465705F646937
:101AB000725F737465707065725F6374726C0046F8
:101AC00061696C656420746F20696E697469616C0A
:101AD000697A652074696D696E6720736F757263CA
:101AE000653A202564006770696F5F737465707074
:101AF00065725F636F6D6D6F6E00434443204143B9
:101B00004D20646576696365206E6F7420666F751D
:101B10006E640A004661696C656420746F20656EAE
:101B200061626C65205553420A0057616974696EA1
:101B30006720666F72206167656E7420636F6E6EDA
:101B4000656374696F6E0A0053657269616C207019
:101B50006F727420636F6E6E6563746564210A0032
:101B60004661696C656420746F207365742044431A
:101B7000442C2072657420636F64652025640A001C
:101B80004661696C656420746F20736574204453EA
:101B9000522C2072657420636F64652025640A00EE
:101BA0004661696C656420746F20676574206261AA
:101BB0007564726174652C2072657420636F64654E
:101BC0002025640A0048616C74696E67207379731C
:101BD00074656D00556E6B6E6F776E206572726FF7
:101BE0007200756E6B6E6F776E003E3E3E205A45FA
:101BF0005048595220464154414C204552524F5270
:101C00002025643A202573206F6E204350552025EF
:101C100064004661756C7420647572696E67206932
:101C20006E746572727570742068616E646C696E32
:101C3000670A0043757272656E742074687265611C
:101C4000643A2025702028257329004350552065CB
:101C50007863657074696F6E00556E68616E646C50
:101C6000656420696E746572727570740053746176
:101C7000636B206F766572666C6F77004B65726E72
:101C8000656C206F6F7073004B65726E656C2070B1
:101C9000616E6963002A2A2A20426F6F74696E6739
:101CA000205A6570687972204F53206275696C64A0
:101CB0002076342E342E302D726332202A2A2A0ABE
:101CC00000737973776F726B7100286E756C6C2975
:101CD000002A666C6F61742A00206D6573736167FA
:101CE00065732064726F70706564202D2D2D0D0A50
:101CF0001B5B306D001B5B313B33316D2D2D2D2077
:101D0000000A060505040103010201010100010C9E
:101D10000A08060001020304050600020406080A78
:101D20000C0000080000000800000000040404008B
:101D3000000000000000000102030406070809007B
:101D40000000000000000000000000000000000093
:101D50000000000000000000000000000000000083
:101D60000000000000000000000000000000000073
:101D70000000000000000000000000000000000063
:101D80000000000000000000000000000000000053
:101D90000000000000000000000000000000000043
:101DA0000000000000000000000000000000000033
:101DB0000000000000000000000000000000002003
:101DC00020202020202020202828282828202020EB
:101DD000202020202020202020202020202020889B
:101DE00010101010101010101010101010101004FF
:101DF000040404040404040404101010101010104F
:101E00004141414141410101010101010101010142
:101E10000101010101010101010110101010101058
:101E20004242424242420202020202020202020212
:101E3000020202020202020202021010101020002E
:101E40000000000000000000000000000000000092
:101E50000000000000000000000000000000000082
:101E60000000000000000000000000000000000072
:101E70000000000000000000000000000000000062
:101E80000000000000000000000000000000000052
:101E90000000000000000000000000000000000042
:101EA0000000000000000000000000000000000032
:101EB0000000000000000000000000000000000022
:101EC0000000000000000000000000000000000012
:101ED0000000000000000000000000000000000002
:101EE00000000000000000000000000000000000F2
:101EF00000000000000000000000000000000000E2
:101F000000000000000000000000000000000000D1
:101F100000000000000000000000000000000000C1
:101F200000000000000000000000000000000000B1
:101F300000000000000000000000000000000000A1
:101F40000000000000000000000000007C080020ED
:101F50006808002000C20100000008000000000026
:101F60000000000000000000000000000000000071
:101F70000000000000000000000000000000000061
:101F80008DB7000800000000000000000000000005
:101F9000D0000020D00000205BB901080000000044
:101FA0000000000000000000000000000000000031
:101FB000F0000020F0000020000000000100000000
:101FC000000100200001002008010020080100207D
:101FD000000000000100000018010020180100208E
:101FE00000000000000000000000000000000000F1
:101FF00000000000000000000000000000000000E1
:1020000000000000000000000000000000000000D0
:1020100000000000000000000000000000000000C0
:10202000000000000000000074DF01080000000054
:1020300000000000000000000000000000000000A0
:102040000000000000000000000000000000000090
:102050000000000000000000000000000000000080
:102060000000000000000000000000000000000070
:102070000000000000000000000000000000000060
:102080000000000000000000000000000000000050
:102090000000000000000000000000000000000040
:1020A0000000000000000000000000000000000030
:1020B0000000000000000000000000000000000020
:1020C0000000000000000000000000000000000010
:1020D0000000000000000000000000000000000000
:1020E00000000000000000000000000000000000F0
:1020F00090DF010800000000000000000000000068
:1021000000000000000000000000000000000000CF
:1021100000000000000000000000000000000000BF
:1021200000000000000000000000000000000000AF
:10213000000000000000000000000000000000009F
:10214000000000000000000000000000000000008F
:10215000000000000000000000000000000000007F
:10216000000000000000000000000000000000006F
:10217000000000000000000000000000000000005F
:10218000000000000000000000000000000000004F
:10219000000000000000000000000000000000003F
:1021A000000000000000000000000000000000002F
:1021B0000000000000000000ACDF0108000000008B
:1021C000000000000000000000000000000000000F
:1021D00000000000000000000000000000000000FF
:1021E00000000000000000000000000000000000EF
:1021F00000000000000000000000000000000000DF
:1022000000000000000000000000000000000000CE
:1022100000000000000000000000000000000000BE
:1022200000000000000000000000000000000000AE
:10223000000000000000000000000000000000009E
:10224000000000000000000000000000000000008E
:10225000000000000000000000000000000000007E
:10226000000000000000000000000000000000006E
:10227000000000000000000000000000000000005E
:1022800085CC000881CC00087DCC000879CC000802
:102290000000000000000000FC1400200500000009
:1022A0000500000000000000010000000000000028
:1022B000000000000000000000000000000000001E
:1022C000041500201B0000001B000000000000009F
:1022D00000000000000000000000000000000000FE
:1022E000F4140020050000000500000000000000BC
:1022F00003000000000000000000000000000000DB
:1023000000000000000000000000000000000000CD
:1023100000000000000000000000000000000000BD
:102320000000000000000000EC1400200400000089
:102330000400000000000000110000000000000088
:10234000000000000000000000000000000000008D
:10235000000000000000000000000000000000007D
:10236000000000000000000000000000000000006D
:10237000E81400200300000003000000000000003B
:10238000110000000000000000000000000000003C
:10239000000000000000000000000000000000003D
:1023A000000000000000000000000000000000002D
:1023B0000000000000000000E01400200400000005
:1023C00004000000000000001100000000000000F8
:1023D00000000000000000000000000000000000FD
:1023E00000000000000000000000000000000000ED
:1023F00000000000000000000000000000000000DD
:10240000D4140020080000000800000000000000B4
:1024100011000000000000000000000000000000AB
:1024200000000000000000000000000000000000AC
:10243000000000000000000000000000000000009C
:102440000000000000000000CC1400200400000088
:102450000400000000000000070000000000000071
:10246000000000000000000000000000000000006C
:10247000000000000000000000000000000000005C
:10248000000000000000000000000000000000004C
:10249000A019002006000000060000000000000057
:1024A000010000000000000000000000000000002B
:1024B0000000000000000000A81900201300000028
:1024C00013000000000000000000000000000000F9
:1024D0000000000000000000981900200400000027
:1024E0000400000000000000A10000000000000047
:1024F00000000000000000000000000000000000DC
:1025000000000000000000000000000000000000CB
:1025100000000000000000000000000000000000BB
:102520008C190020080000000800000000000000D6
:102530009B00000000000000000000000000000000
:10254000000000000000000000000000000000008B
:10255000000000000000000000000000000000007B
:1025600000000000000000008019002008000000AA
:1025700008000000000000009B00000000000000B8
:10258000000000000000000000000000000000004B
:10259000000000000000000000000000000000003B
:1025A000000000000000000000000000000000002B
:1025B000781900200600000006000000000000005E
:1025C0009B00000000000000000000000000000070
:1025D00000000000000000000000000000000000FB
:1025E00000000000000000000000000000000000EB
:1025F0000000000000000000841B00200500000017
:1026000005000000000000000100000000000000C4
:1026100000000000000000000000000000000000BA
:102620008C1B00201B0000001B00000000000000AD
:10263000000000000000000000000000000000009A
:10264000781B0020080000000800000000000000C7
:102650001100000000000000000000000000000069
:10266000000000000000000000000000000000006A
:10267000000000000000000000000000000000005A
:102680000000000000000000941D00200300000076
:102690000300000000000000060000000000000031
:1026A000000000000000000000000000000000002A
:1026B000000000000000000000000000000000001A
:1026C000000000000000000000000000000000000A
:1026D0008C1D002007000000070000000000000023
:1026E00007000000000000000000000000000000E3
:1026F00000000000000000000000000000000000DA
:1027000000000000000000000000000000000000C9
:10271000000000000000000069A90108E9B00108FC
:10272000DCE9010800000000CC46012000000000A8
:10273000000000000000000000010000CC47012064
:102740000000000000000000000000000001000088
:10275000F54E000880000000914B000800000000CA
:10276000914B000880000000000000008BB70108BA
:102770000000000000000000B8080020B808002099
:1027800000000000000000000E000000CC08002047
:10279000CC080020D4080020D4080020DC08002049
:1027A000DC080020000000009CDC0108020400009E
:1027B00008DE01080904FF3F12000000002001406C
:1027C0000000000000000000000000000000000009
:1027D00000000000000000000000000000000000F9
:1027E0000000000000000000000000003809002088
:1027F000000000000000000000C201000001030012
:102800000024F400C8000000480900204809002006
:102810000000000084F7010879DB00083950010846
:1028200041500108715001082DBC0008CDBE0008C0
:1028300000000000A8F7010825D800083950010859
:102840004150010871500108A8EF01081200000072
:102850000000000000000000000000000000000078
:102860000000000000000000000000000000000068
:102870000000000000000000000000000000000058
:1028800000000000B0EF0108080000000000000098
:102890000000000000000000000000000000000038
:1028A0000800000000000000000000000000000020
:1028B0000000000000000000000000000000000018
:1028C000B8EF010810000000000000000000000048
:1028D0000000000000000000000000000C000000EC
:1028E00000000000000000000000000000000000E8
:1028F000000000000000000000000000ECEF0108F4
:1029000010000000000000000000000000000000B7
:10291000000000000000000018000000000000009F
:1029200000000000000000000000000000000000A7
:102930000000000000000000C0EF010810000000CF
:102940000000000000000000000000000000000087
:102950000000000024000000000000000000000053
:102960000000000000000000000000000000000067
:1029700000000000C8EF0108100000000000000087
:102980000000000000000000000000000000000047
:102990003000000000000000000000000000000007
:1029A0000000000000000000000000000000000027
:1029B000D4EF01080C00000000000000000000003F
:1029C0000000000000000000000000003C000000CB
:1029D00000000000000000000000000000000000F7
:1029E0000000000000000000000000006CEF010883
:1029F000440B002025D80008395001084150010837
:102A000071500108DCEF0108A4EF0108F5BD0008D2
:102A1000D9BC0008CDBC0008C5BC000895BE0008A4
:102A200008F1010848EF010800000000CCF7010898
:102A300079DB0008F971010801720108417201088F
:102A400069DE000861E1000800000000F0F70108FD
:102A500025D80008F97101080172010841720108C6
:102A600014F2010812000000000000000000000045
:102A70000000000000000000000000000000000056
:102A80000000000000000000000000000000000046
:102A9000000000000000000000000000B8EF010886
:102AA0001000000000000000000000000001000015
:102AB0000000000000000000140000000000000002
:102AC00011DD000815DD0008BDDD000821DD00086E
:102AD00035DD000885DD00081CF201080200000059
:102AE00000000000000000000001000000000000E5
:102AF0000000000020000000000000004DDD000884
:102B000051DD0008C9DD000859DD000869DD000855
:102B10009DDD000828F2010802000000000000000E
:102B200000000000000100000000000000000000A4
:102B30002C00000000000000B5DD0008D1DD000819
:102B4000D9DD0008F1DD000811DE000839DE0008DB
:102B500034F2010802000000000000000000000044
:102B6000000100000000000000000000380000002C
:102B700000000000B9DD0008E1DD0008E9DD000823
:102B800001DE000825DE000851DE00086CEF0108B8
:102B9000E40C002025D80008F97101080172010831
:102BA000417201083CF2010808F20108CDE000087A
:102BB000B1DE0008C1E00008B9E0000895DE0008B9
:102BC0000000000010F8010825D80008B1720108C3
:102BD000B9720108F1720108A8EF010812000000A3
:102BE00000000000000000000000000000000000E5
:102BF00000000000000000000000000000000000D5
:102C000000000000000000000000000000000000C4
:102C10000000000068F20108100000000000000041
:102C200000000000000000000000000000000000A4
:102C3000080000000000000000000000000000008C
:102C40000000000000000000000000000000000084
:102C50006CEF0108A80D002025D80008B17201080A
:102C6000B9720108F172010874F2010860F20108FA
:102C70009DE2000835E20008E1E2000811E20008E8
:102C8000F5E100080000000030F8010825D8000830
:102C9000417301084973010869730108A8F201082A
:102CA0000D00000000000000000000000000000017
:102CB0000000000000000000000000000000000014
:102CC0000000000000000000000000000000000004
:102CD0000000000000000000A4F201080C00000049
:102CE00000000000000000000000000000000000E4
:102CF00000000000040000000000000000000000D0
:102D000000000000000000000000000000000000C3
:102D1000000000006CEF01086C0E002025D80008B0
:102D2000417301084973010869730108ACF2010895
:102D30009CF2010891E3000875E30008B1E3000884
:102D40004DE30008D1E3000801E28CE254CA8ABCDA
:102D500006ABF92773B74602CDBF116ED34FBAF257
:102D600094FB9F81DA9F318EAC0000006D73670089
:102D700023230A2323205365766572697479206CB6
:102D80006576656C20636F6E7374616E74730A236D
:102D900023200A2323205468657365206C6F6767BE
:102DA000696E67206C6576656C7320666F6C6C6FFE
:102DB000772074686520507974686F6E2053746151
:102DC0006E646172640A23232068747470733A2FEE
:102DD0002F646F63732E707974686F6E2E6F7267D5
:102DE0002F332F6C6962726172792F6C6F6767691C
:102DF0006E672E68746D6C236C6F6767696E672DE4
:102E00006C6576656C730A232320416E64206172C1
:102E10006520696D706C656D656E74656420696EA2
:102E20002072637574696C732061732077656C6CB4
:102E30000A23232068747470733A2F2F67697468AB
:102E400075622E636F6D2F726F73322F726375749C
:102E5000696C732F626C6F622F3335663239383587
:102E60003030363465306333336134303633636247
:102E70006339343765626266656164613131646209
:102E8000612F696E636C7564652F72637574696C0C
:102E9000732F6C6F6767696E672E68234C31363409
:102EA0002D4C3137320A23232054686973206C6516
:102EB0006176657320737061636520666F72206F41
:102EC00074686572207374616E64617264206C6FE3
:102ED0006767696E67206C6576656C7320746F2018
:102EE000626520696E73657274656420696E207412
:102EF0006865206D6964646C6520696E207468651E
:102F0000206675747572652C0A23232061732077FF
:102F1000656C6C20617320637573746F6D207573BD
:102F2000657220646566696E6564206C6576656CA3
:102F3000732E0A23232053696E63652074686572BB
:102F40006520617265207365766572616C206F74AF
:102F5000686572206C6F6767696E6720656E756D56
:102F600065726174696F6E207374616E64617264FE
:102F700020666F7220646966666572656E7420698A
:102F80006D706C656D656E746174696F6E732C0A1B
:102F90002323206F74686572206C6F6767696E67A2
:102FA00020696D706C656D656E746174696F6E73A8
:102FB000206D6179206E65656420746F2070726F7A
:102FC00076696465206C6576656C206D61707069EA
:102FD0006E677320746F206D617463682074686518
:102FE000697220696E7465726E616C20696D706CB7
:102FF000656D656E746174696F6E732E0A23230AA2
:103000000A2320446562756720697320666F722009
:10301000706564616E74696320696E666F726D615C
:1030200074696F6E2C2077686963682069732075F6
:10303000736566756C207768656E20646562756778
:1030400067696E67206973737565732E0A75696E9B
:1030500074382044454255473D31300A0A232049FF
:103060006E666F20697320746865207374616E6486
:1030700061726420696E666F726D6174696F6E61F2
:103080006C206C6576656C20616E642069732075B8
:1030900073656420746F207265706F727420657838
:1030A0007065637465640A2320696E666F726D6172
:1030B00074696F6E2E0A75696E743820494E464FDA
:1030C0003D32300A0A23205761726E696E672069AB
:1030D0007320666F7220696E666F726D6174696FBE
:1030E0006E2074686174206D617920706F74656EF4
:1030F0007469616C6C7920636175736520697373A1
:10310000756573206F7220706F737369626C7920BC
:10311000756E65787065637465640A2320626568FE
:103120006176696F722E0A75696E74382057415244
:103130004E3D33300A0A23204572726F7220697344
:1031400020666F7220696E666F726D6174696F6E52
:1031500020746861742074686973206E6F646520E0
:1031600063616E6E6F74207265736F6C76652E0A84
:1031700075696E7438204552524F523D34300A0AF8
:103180002320496E666F726D6174696F6E20616293
:103190006F7574206120696D70656E64696E67205B
:1031A0006E6F64652073687574646F776E2E0A7530
:1031B000696E743820464154414C3D35300A0A232B
:1031C000230A2323204669656C64730A23230A0AB1
:1031D000232054696D657374616D70207768656E26
:1031E0002074686973206D6573736167652077610A
:1031F000732067656E6572617465642062792074FE
:103200006865206E6F64652E0A6275696C74696EFC
:103210005F696E74657266616365732F54696D656D
:10322000207374616D700A0A2320436F7272657394
:10323000706F6E64696E67206C6F67206C65766571
:103240006C2C207365652061626F7665206465660D
:10325000696E6974696F6E732E0A75696E743820B1
:103260006C6576656C0A0A2320546865206E616D72
:103270006520726570726573656E74696E6720741F
:103280006865206C6F676765722074686973206D6C
:103290006573736167652063616D652066726F6D2C
:1032A0002E0A737472696E67206E616D650A0A2357
:1032B000205468652066756C6C206C6F67206D65A6
:1032C00073736167652E0A737472696E67206D731C
:1032D000670A0A23205468652066696C6520746853
:1032E00065206D6573736167652063616D65206638
:1032F000726F6D2E0A737472696E672066696C65F1
:103300000A0A23205468652066756E6374696F6EBF
:1033100020746865206D6573736167652063616DF6
:10332000652066726F6D2E0A737472696E6720660F
:10333000756E6374696F6E0A0A2320546865206C89
:10334000696E6520696E207468652066696C652009
:10335000746865206D6573736167652063616D6571
:103360002066726F6D2E0A75696E743332206C6937
:103370006E650000041500201B0000001B0000000B
:103380000000000000000000000000006C696E6595
:103390000000000066756E6374696F6E00000000C7
:1033A00066696C65000000006D7367006E616D6595
:1033B000000000006C6576656C0000007374616D40
:1033C000700000006275696C74696E5F696E746587
:1033D0007266616365732F6D73672F54696D650045
:1033E00072636C5F696E74657266616365732F6D7D
:1033F00073672F4C6F67000001A13EE3A330E346E3
:10340000C9D87B5AA18D24E11690752BD33A03506D
:10341000F11C5882BC9179260E0000006D73670084
:103420002320546869732069732061206D6573736C
:10343000616765207468617420686F6C64732064D0
:1034400061746120746F20646573637269626520C2
:10345000746865207374617465206F6620612073E1
:103460006574206F6620746F7271756520636F6E6E
:1034700074726F6C6C6564206A6F696E74732E0A67
:10348000230A2320546865207374617465206F6675
:103490002065616368206A6F696E742028726576A2
:1034A0006F6C757465206F7220707269736D6174D2
:1034B00069632920697320646566696E65642062AA
:1034C000793A0A2320202A2074686520706F736976
:1034D00074696F6E206F6620746865206A6F696E0C
:1034E000742028726164206F72206D292C0A2320B9
:1034F000202A207468652076656C6F636974792072
:103500006F6620746865206A6F696E742028726126
:10351000642F73206F72206D2F732920616E640AEF
:103520002320202A20746865206566666F727420E7
:1035300074686174206973206170706C69656420BF
:10354000696E20746865206A6F696E7420284E6DFC
:10355000206F72204E292E0A230A232045616368BA
:10356000206A6F696E7420697320756E6971756564
:103570006C79206964656E74696669656420627936
:1035800020697473206E616D650A2320546865207C
:1035900068656164657220737065636966696573E7
:1035A000207468652074696D65206174207768698E
:1035B000636820746865206A6F696E742073746133
:1035C0007465732077657265207265636F726465D8
:1035D000642E20416C6C20746865206A6F696E747B
:1035E000207374617465730A2320696E206F6E65A1
:1035F000206D657373616765206861766520746FFF
:10360000206265207265636F726465642061742056
:103610007468652073616D652074696D652E0A2379
:103620000A232054686973206D6573736167652090
:10363000636F6E7369737473206F662061206D759C
:103640006C7469706C65206172726179732C206F83
:103650006E6520666F7220656163682070617274A8
:10366000206F6620746865206A6F696E74207374B9
:103670006174652E0A232054686520676F616C2091
:10368000697320746F206D616B65206561636820CC
:103690006F6620746865206669656C6473206F705E
:1036A00074696F6E616C2E205768656E20652E6799
:1036B0002E20796F7572206A6F696E74732068614D
:1036C0007665206E6F0A23206566666F72742061CE
:1036D00073736F63696174656420776974682074BB
:1036E00068656D2C20796F752063616E206C656153
:1036F000766520746865206566666F7274206172F5
:1037000072617920656D7074792E0A230A23204135
:103710006C6C2061727261797320696E20746869C3
:1037200073206D6573736167652073686F756C6472
:103730002068617665207468652073616D6520730B
:10374000697A652C206F7220626520656D707479CE
:103750002E0A2320546869732069732074686520D9
:103760006F6E6C792077617920746F20756E697146
:1037700075656C79206173736F636961746520741A
:103780006865206A6F696E74206E616D6520776967
:1037900074682074686520636F72726563740A23AD
:1037A000207374617465732E0A0A7374645F6D7399
:1037B00067732F486561646572206865616465722E
:1037C0000A0A737472696E675B5D206E616D650ACB
:1037D000666C6F617436345B5D20706F73697469F9
:1037E0006F6E0A666C6F617436345B5D2076656C53
:1037F0006F636974790A666C6F617436345B5D203F
:103800006566666F72740000BC1900201B00000022
:103810001B0000000000000000000000000000008D
:10382000A819002013000000130000000000000091
:1038300000000000000000006566666F7274000002
:1038400076656C6F6369747900000000706F73694E
:1038500074696F6E000000006E616D65000000000D
:1038600068656164657200007374645F6D7367738B
:103870002F6D73672F486561646572006275696CAE
:1038800074696E5F696E74657266616365732F6DCE
:1038900073672F54696D650073656E736F725F6D2A
:1038A0007367732F6D73672F4A6F696E74537461FA
:1038B0007465000001F49FB3AE2CF070F793645F61
:1038C000F749683AC6B06203E41C891E17701B1CD6
:1038D000B597CE6A010000006D7367002320537412
:1038E000616E64617264206D6574616461746120ED
:1038F000666F72206869676865722D6C6576656CA5
:10390000207374616D7065642064617461207479E2
:103910007065732E0A2320546869732069732067C9
:10392000656E6572616C6C79207573656420746F67
:1039300020636F6D6D756E69636174652074696D68
:10394000657374616D70656420646174610A23201D
:10395000696E206120706172746963756C61722098
:10396000636F6F7264696E617465206672616D6504
:103970002E0A0A232054776F2D696E74656765726D
:103980002074696D657374616D7020746861742052
:103990006973206578707265737365642061732044
:1039A0007365636F6E647320616E64206E616E6F09
:1039B0007365636F6E64732E0A6275696C74696EE9
:1039C0005F696E74657266616365732F54696D65B6
:1039D000207374616D700A0A23205472616E7366DD
:1039E0006F726D206672616D6520776974682077EB
:1039F0006869636820746869732064617461206910
:103A000073206173736F6369617465642E0A7374E4
:103A100072696E67206672616D655F69640000009F
:103A20008C1B00201B0000001B0000000000000099
:103A300000000000000000006672616D655F69644F
:103A4000000000007374616D700000006275696CA5
:103A500074696E5F696E74657266616365732F6DFC
:103A600073672F54696D65007374645F6D7367735A
:103A70002F6D73672F4865616465720001B106237D
:103A80005E25A4C5ED35098AA0A61A3EE9C9B18D07
:103A9000197F398B0E4206CEA9ACF9C19700000000
:103AA0006D736700232054686973206D65737361BB
:103AB000676520636F6D6D756E69636174657320F2
:103AC000524F532054696D6520646566696E656464
:103AD00020686572653A0A232068747470733A2FFF
:103AE0002F64657369676E2E726F73322E6F726703
:103AF0002F61727469636C65732F636C6F636B5FA6
:103B0000616E645F74696D652E68746D6C0A0A235A
:103B100020546865207365636F6E647320636F6DF6
:103B2000706F6E656E742C2076616C6964206F76A0
:103B3000657220616C6C20696E7433322076616C22
:103B40007565732E0A696E743332207365630A0AD1
:103B50002320546865206E616E6F7365636F6E64B9
:103B60007320636F6D706F6E656E742C2076616C60
:103B7000696420696E207468652072616E676520D3
:103B80005B302C20316539292C20746F2062652030
:103B9000616464656420746F207468652073656374
:103BA0006F6E647320636F6D706F6E656E742E2020
:103BB0000A2320652E672E0A232054686520746925
:103BC0006D65202D312E37207365636F6E64732011
:103BD000697320726570726573656E7465642061C7
:103BE00073207B7365633A202D322C206E616E6FDB
:103BF0007365633A203365387D0A23205468652055
:103C000074696D6520312E37207365636F6E647340
:103C100020697320726570726573656E74656420C7
:103C20006173207B7365633A20312C206E616E6F67
:103C30007365633A203765387D0A75696E7433326F
:103C4000206E616E6F736563000000006E616E6FC1
:103C500073656300736563006275696C74696E5F98
:103C6000696E74657266616365732F6D73672F5437
:103C7000696D650020002000200008002000400041
:103C80001000FFFFFFFFFFFFFFFFFFFFFFFFFFFF32
:023C9000FFFF34
:103C92000000000000000000000000000000000022
:103CA2000000000000000000000000000000000012
:103CB2000000000000000000000000000000000002
:0E3CC2000000000000000000000000000000F4
:103CD00000000000000000000000000000000000E4
:103CE00000000000000000000000000000000000D4
:103CF00000000000000000000000000000000000C4
:103D000000000000000000000000000000000000B3
:043D100000000000AF
:043D140000000000AB
:103D180000000000800601204C4000000000000068
:083D2800000000000000000093
:103D3000701E0020701E0020000000000000000027
:043D40000E00000071
:103D4400841E0020841E00200100000001000000E9
:103D5400941E0020941E00209C1E00209C1E002007
:103D64000000000001000000AC1E0020AC1E00207A
:103D740012010002EF0201408304405704040102CF
:103D8400030109020000000100E032080B000202F6
:103D940002000009040000010202000005240010D2
:103DA400010524010201042402020524060001077E
:103DB40005800310000A09040100020A000000073C
:103DC40005800240000007050002400000040309CA
:103DD400040E035A455048595200000000000014D4
:103DE4000353544D33322043444300000000000089
:103DF400000000220330313233343536373839414C
:103E0400424344454600000000000000000000005A
:073E140000000000000000A7
:103E1C0000000000D71E00205DB4010845510008C9
:103E2C00914E00080000000000000000030000009C
:043E3C0090080020CA
:043E400015E015E094
:040000050800588D0A
:00000001FF
